date,BARRA BONITA,BATALHA,CHAVANTES,COMPLEXO ILHA SOLTEIRA,EMBORCACAO,FURNAS,ITAIPU,ITUMBIARA (FURNAS),MAL. MASCARENHAS DE MORAES,MARIMBONDO,NOVA PONTE,PARAIBUNA,SAO SIMAO (CEMIG),SEN. JOSE ERMIRIO DE MORAES,SERRA DA MESA,SERRA DO FACAO,TRES IRMAOS,TRES MARIAS
2000-01-01,578.9787096774195,,256.26129032258063,5392.369354838709,693.6451612903226,2177.83935483871,9505.870967741936,1554.225806451613,1287.0270967741935,2612.5787096774197,537.3225806451613,131.5016129032258,2678.7741935483873,2311.215483870968,1793.7380645161293,,989.4932258064517,1071.8387096774193
2000-02-01,690.6224137931032,,415.7834482758621,5923.185172413793,982.9655172413793,1819.111379310345,10722.275862068966,1792.5862068965516,984.4162068965517,3224.7686206896547,757.9310344827586,104.72172413793105,3131.862068965517,3141.156206896552,1718.7910344827587,,1088.5393103448275,2074.7586206896553
2000-03-01,470.1070967741936,,284.028064516129,7009.811290322579,975.7096774193549,1361.4812903225811,11403.09677419355,1994.225806451613,835.7132258064514,2398.3719354838713,688.1935483870968,92.75387096774193,2949.1612903225805,2879.9980645161295,1756.7674193548385,,961.3329032258065,1436.967741935484
2000-04-01,259.49333333333345,,235.93033333333332,5569.821,506.6666666666667,754.4726666666667,9936.6,1539.5,1016.6926666666667,1926.6429999999998,365.3333333333333,70.07166666666669,2187.133333333333,2319.232666666666,836.4376666666667,,815.654,663.8666666666667
2000-05-01,180.81032258064516,,208.59161290322587,5361.657096774193,301.5483870967742,511.3435483870968,9379.290322580646,1706.3548387096773,1068.27935483871,1682.841290322581,224.41935483870967,41.92000000000001,2097.8387096774195,2307.394838709677,424.35709677419356,,826.7303225806452,390.64516129032256
2000-06-01,167.1786666666666,,212.58599999999998,5568.985333333334,221.93333333333334,486.41166666666675,9908.633333333333,1336.0,885.8600000000001,1593.3043333333333,162.56666666666666,35.80166666666666,2259.866666666667,1901.9483333333337,296.93199999999996,,784.1133333333331,279.6333333333333
2000-07-01,204.75000000000006,,198.93677419354836,5149.811612903226,174.1290322580645,410.5151612903226,10409.612903225807,1143.9032258064517,860.081935483871,1442.6661290322575,136.4516129032258,36.45903225806452,2171.032258064516,1842.4051612903227,219.64129032258066,,588.7099999999999,201.83870967741936
2000-08-01,199.78290322580645,,174.82,5190.267741935483,139.06451612903226,380.0154838709676,10086.322580645161,1229.1012903225803,970.6732258064515,1371.3596774193552,103.90322580645162,36.86290322580644,2224.516129032258,1807.3841935483872,157.27870967741936,,606.3309677419355,143.38709677419354
2000-09-01,343.84133333333347,,317.21299999999997,4420.467333333333,188.76666666666668,597.211,13444.0,929.3,850.1333333333333,1452.3230000000003,157.26666666666668,54.308,2100.866666666667,1506.026666666667,172.46466666666666,,737.1846666666664,223.3
2000-10-01,191.79516129032257,,206.2393548387097,4744.243870967742,96.48387096774194,324.2167741935484,11447.612903225807,1079.0216129032258,929.7919354838708,1196.6670967741936,89.7741935483871,36.79225806451612,2231.2903225806454,1781.995483870968,136.14000000000001,,716.715483870968,98.41935483870968
2000-11-01,384.1276666666667,,215.94500000000005,4463.798,301.3666666666667,680.0036666666667,10755.366666666667,1206.7,681.4809999999999,1410.7383333333337,187.46666666666667,69.16699999999999,1983.4666666666667,1375.8573333333334,679.7790000000002,,673.4216666666667,568.9666666666667
2000-12-01,615.0964516129033,,243.97935483870967,4636.387741935482,611.1612903225806,1009.932258064516,10787.741935483871,1394.6129032258063,673.0419354838708,1512.400967741936,285.83870967741933,94.29451612903226,2671.7741935483873,1643.4348387096775,1313.6858064516127,,900.1035483870969,905.8387096774194
2001-01-01,570.1148387096774,,220.98838709677418,5021.923870967741,443.93548387096774,872.7180645161291,11947.387096774193,1137.0,714.3467741935484,1436.6783870967745,298.1290322580645,78.98129032258065,2472.2580645161293,1736.4816129032256,797.3816129032259,,765.2951612903227,736.1612903225806
2001-02-01,856.257142857143,,487.44928571428574,4796.722857142856,271.42857142857144,678.6685714285715,13432.857142857143,1007.2857142857143,839.3564285714286,1593.109642857143,215.46428571428572,97.57785714285716,2302.6071428571427,1393.2703571428572,592.7357142857144,,1190.7907142857146,313.10714285714283
2001-03-01,512.0038709677419,,434.74258064516124,4597.768709677419,385.03225806451616,584.576129032258,9947.451612903225,1121.741935483871,735.7664516129032,1452.0803225806453,245.74193548387098,74.4793548387097,2410.2580645161293,1625.764516129033,970.577741935484,,949.3006451612905,430.7096774193548
2001-04-01,313.7843333333332,,293.14700000000005,4664.8213333333315,251.4,444.96933333333334,10361.333333333334,1128.5666666666666,701.0983333333334,1315.9476666666667,170.83333333333334,44.981999999999985,2132.1,1743.9693333333337,534.7323333333331,,858.2209999999997,192.93333333333334
2001-05-01,272.05709677419355,,379.4429032258065,3846.6832258064524,180.0,358.8803225806452,9204.354838709678,1056.6129032258063,458.79290322580647,926.4525806451613,135.5483870967742,44.04870967741936,1502.4516129032259,1110.104193548387,294.91032258064524,,772.5412903225806,134.67741935483872
2001-06-01,206.649,,345.869,2666.6240000000007,126.5,278.2603333333334,8324.033333333333,561.8333333333334,321.124,731.7429999999999,106.9,30.556333333333328,1032.1,717.5833333333335,172.7483333333334,,563.874,116.63333333333334
2001-07-01,197.86774193548385,,277.09612903225803,2290.5503225806456,94.7741935483871,244.67903225806455,7207.451612903225,487.4516129032258,314.2825806451613,577.613870967742,92.7741935483871,33.089677419354835,1150.3870967741937,447.8738709677419,137.92322580645163,,579.5135483870968,99.58064516129032
2001-08-01,180.00838709677416,,260.1306451612903,2722.5025806451604,70.87096774193549,213.0196774193549,6767.709677419355,653.7774193548387,321.725806451613,551.0641935483872,75.03225806451613,31.74838709677419,1270.225806451613,874.3029032258065,81.9432258064516,,479.5038709677418,85.41935483870968
2001-09-01,182.727,,263.17333333333335,2593.838333333333,86.73333333333333,267.0296666666667,7027.966666666666,718.4666666666667,332.492,644.4376666666668,77.16666666666667,42.054,1355.8666666666666,533.339,106.10666666666667,,432.80733333333336,106.3
2001-10-01,392.73322580645157,,320.87000000000006,2525.9577419354846,140.8709677419355,420.9290322580644,8255.774193548386,663.483870967742,303.6890322580645,750.2012903225807,106.87096774193549,48.51612903225808,1320.6129032258063,850.6416129032259,298.5661290322581,,545.3874193548387,195.67741935483872
2001-11-01,282.59766666666667,,266.98766666666666,2966.867333333333,281.2,580.0796666666666,7950.666666666667,881.6,501.7873333333335,958.4953333333334,171.26666666666668,42.60233333333334,1413.5,1142.2393333333334,587.173,,614.4660000000001,428.23333333333335
2001-12-01,571.5029032258064,,546.8680645161289,3126.2706451612894,500.9032258064516,1019.4309677419354,8732.612903225807,1034.2903225806451,375.17483870967743,1181.9867741935482,369.6774193548387,65.64193548387098,1562.774193548387,1154.4041935483867,971.5409677419356,,827.0564516129033,787.9354838709677
2002-01-01,932.159677419355,,691.206129032258,3936.2932258064516,812.4003225806454,1183.4483870967742,10847.147096774193,1535.9409677419355,281.79870967741937,1658.2803225806454,426.0109677419355,112.45451612903226,2336.501612903226,1387.0712903225804,2057.940322580645,,1013.193870967742,1303.9174193548386
2002-02-01,877.8239285714286,,532.3150000000002,6278.878928571428,1081.6985714285713,1943.1389285714283,13323.466071428573,1801.0575000000001,416.79107142857146,2038.0432142857146,609.4714285714284,114.39464285714283,2696.428928571429,1695.7271428571432,1730.374642857143,,1519.1189285714286,1794.3925
2002-03-01,653.1912903225807,,432.93677419354833,5777.486451612902,692.3380645161291,1029.978387096774,12019.505806451612,1264.5490322580647,340.22451612903234,1674.7138709677417,369.13000000000005,65.99419354838709,2408.239677419354,1962.082903225806,1036.8829032258063,,1376.9048387096775,941.6970967741935
2002-04-01,310.83,,386.80633333333327,4949.8663333333325,402.97799999999995,578.9423333333333,9692.510999999999,1129.4546666666668,311.51033333333334,1159.6126666666669,232.36699999999993,48.050666666666665,2257.1780000000003,1751.147,628.7803333333333,,832.7840000000001,402.11066666666665
2002-05-01,320.63,,331.3154838709678,4087.2609677419355,283.5490322580645,474.11741935483866,11420.641935483869,920.063870967742,520.5264516129033,1193.1196774193547,185.73483870967738,44.08387096774193,1744.296129032258,1132.8448387096776,374.078064516129,,837.8648387096775,275.52
2002-06-01,204.93766666666667,,227.235,3426.5456666666664,207.7866666666667,368.7993333333333,8663.37,788.8283333333333,483.82199999999995,933.0476666666667,137.02533333333335,35.778999999999996,1359.6886666666667,1031.9733333333336,264.3373333333332,,434.8250000000001,205.6003333333333
2002-07-01,194.48193548387096,,242.55580645161288,3510.423225806452,162.36225806451608,345.48709677419356,7923.401935483871,645.6045161290323,774.8309677419356,1152.5909677419359,116.01290322580648,34.90129032258064,1429.8848387096775,1622.5548387096771,195.4916129032257,,489.4203225806451,161.17709677419353
2002-08-01,230.5558064516129,,265.8132258064517,3980.401290322581,115.61161290322576,282.6045161290322,8418.784193548388,699.6770967741935,783.5470967741934,1035.5229032258064,86.56419354838711,30.105483870967735,1826.6677419354844,1471.8767741935485,121.15161290322582,,803.734193548387,85.87387096774194
2002-09-01,187.684,,280.06133333333327,3780.633333333333,123.89666666666669,361.30500000000006,8854.371333333333,637.1813333333336,541.176,1128.3036666666667,96.74733333333333,33.00366666666667,1627.2266666666667,1149.7966666666662,116.10933333333332,,681.5763333333333,137.73399999999998
2002-10-01,154.43064516129033,,225.65838709677422,4355.8025806451615,73.9409677419355,254.41838709677432,9014.267419354837,634.2706451612903,651.2803225806454,883.8287096774194,62.75258064516131,24.72741935483871,1808.0816129032255,1550.0351612903225,113.5761290322581,,629.5293548387097,75.46290322580646
2002-11-01,305.54433333333327,,324.8633333333334,4015.293333333332,122.11833333333331,473.24300000000005,9330.412999999999,978.7293333333332,739.7230000000001,1157.5406666666668,107.50533333333333,59.05166666666667,1478.5483333333332,1361.3973333333338,323.9296666666667,,560.9743333333333,332.67499999999995
2002-12-01,393.57322580645155,,309.0616129032258,3692.9674193548385,316.0177419354839,934.2883870967743,10933.241612903226,1146.6029032258066,587.8132258064516,1514.5306451612905,199.64903225806452,86.92161290322579,1727.5325806451608,1353.4387096774196,601.9829032258064,,565.4799999999999,837.2329032258065
2003-01-01,735.7077419354839,,402.06774193548387,3817.047741935484,1132.647741935484,1788.9287096774192,10074.401290322581,1419.549677419355,739.763548387097,2198.9987096774194,554.5135483870969,100.87516129032257,2210.837741935484,1831.2319354838708,1180.35,,965.0464516129031,1641.516129032258
2003-02-01,733.0339285714284,,456.8817857142858,5561.375357142858,679.3446428571431,1415.7596428571428,14482.361785714284,1371.8521428571426,752.7539285714286,2588.66,401.7228571428571,58.86071428571429,2156.2389285714285,2752.9939285714286,1048.9317857142858,,1311.4932142857142,1172.4267857142859
2003-03-01,438.02967741935475,,515.1645161290323,6010.4329032258065,658.7703225806451,1013.5690322580647,12500.135806451612,1364.953870967742,959.423870967742,2356.1651612903224,350.3845161290323,65.66483870967744,1915.0622580645156,2840.0987096774197,1129.0916129032257,,764.064193548387,871.1483870967743
2003-04-01,282.717,,450.6316666666666,5399.078666666667,549.1539999999999,656.4256666666666,11301.104000000001,1280.970666666667,675.3533333333332,1840.6143333333325,288.414,40.73033333333333,2266.645666666667,2089.637333333333,905.3496666666663,,898.7379999999999,463.972
2003-05-01,211.2267741935484,,330.1012903225806,4434.346774193547,310.85935483870963,499.0890322580646,9440.982580645159,935.4693548387097,686.24,1502.7532258064516,187.93129032258065,29.1616129032258,1800.3638709677418,1872.4064516129029,394.6070967741936,,564.9996774193547,299.78387096774196
2003-06-01,172.34900000000005,,309.874,4241.142000000002,250.07233333333323,373.26066666666674,9112.648666666664,1013.7543333333332,613.2886666666668,1318.3293333333334,139.87666666666667,23.94466666666666,1813.3013333333333,1600.8276666666668,259.1309999999999,,551.5893333333332,223.55866666666665
2003-07-01,161.19967741935486,,331.9793548387097,4397.3316129032255,202.20419354838708,380.55322580645174,9075.85483870968,951.6003225806453,812.2364516129031,1327.190967741936,105.89580645161293,24.68,1983.1445161290324,1414.3748387096775,159.5832258064517,,496.78548387096777,193.25838709677416
2003-08-01,141.86903225806452,,270.28161290322583,4595.286451612903,169.66290322580642,275.14645161290326,8895.892258064516,1242.1283870967745,925.4806451612905,1282.074516129032,68.24999999999999,22.556451612903228,2239.7467741935484,1740.0251612903226,95.94129032258061,,576.9145161290322,149.28290322580648
2003-09-01,133.13366666666667,,267.9746666666667,4996.073666666666,168.364,242.76966666666667,9560.812666666667,1398.2406666666673,889.2183333333335,1230.4886666666666,72.64133333333335,24.354333333333333,2435.546666666667,1812.2803333333334,112.14366666666668,,715.7319999999997,130.56566666666666
2003-10-01,179.5316129032258,,211.4154838709677,5091.2116129032265,145.5432258064516,336.50612903225806,10638.44451612903,1358.5383870967742,819.5919354838709,1087.8496774193547,79.23870967741938,44.31322580645161,2523.119032258064,1750.8419354838713,125.30225806451612,,942.6790322580645,88.19419354838709
2003-11-01,245.09466666666657,,313.86966666666666,4826.850333333335,225.88933333333335,452.1760000000001,9960.598666666667,1572.9986666666666,862.2353333333334,1379.1776666666665,155.03333333333333,46.089333333333315,2624.8329999999996,1567.6056666666666,264.8116666666666,,538.0353333333334,201.86166666666668
2003-12-01,366.24161290322587,,268.80709677419355,4578.163548387096,345.86999999999983,850.1416129032258,11380.309677419351,1440.8738709677418,786.8199999999999,1617.7338709677422,257.79870967741937,47.206129032258055,2245.8774193548393,1638.5858064516128,332.06354838709683,,497.8022580645162,716.0548387096777
2004-01-01,558.8261290322581,,493.95612903225805,4785.252903225805,788.0596774193547,1214.8548387096773,9140.009032258065,1252.820322580645,777.517741935484,1546.2341935483876,466.14451612903224,78.20870967741936,2067.9754838709678,1688.4358064516127,1277.3367741935485,,732.7803225806454,1287.3829032258066
2004-02-01,682.1631034482758,,737.8482758620689,5301.621724137931,1403.9796551724135,1512.0503448275865,9331.594827586207,2488.246551724138,692.3193103448277,2140.021379310345,670.5082758620691,103.22689655172417,3440.694827586206,1830.7565517241378,2990.8399999999997,,1031.7703448275863,1784.1948275862069
2004-03-01,432.37774193548387,,380.50161290322575,6341.246129032259,1145.4429032258067,1304.381290322581,9943.537741935483,2338.8103225806453,756.6109677419356,2221.100322580646,617.5277419354837,74.35548387096776,4403.021935483872,1825.8367741935483,1861.3174193548386,,1037.8719354838709,1821.9970967741936
2004-04-01,351.976,,348.9793333333334,6333.497666666665,946.7239999999999,989.121333333333,9884.287333333335,2075.882666666667,793.794,1898.4959999999994,399.97833333333335,73.87033333333332,3517.7453333333337,1980.3200000000002,1303.4333333333334,,856.4713333333332,1013.905
2004-05-01,296.3793548387097,,443.3235483870968,4691.40612903226,506.83032258064515,711.2006451612905,11564.817096774192,1527.6974193548388,767.3948387096775,1678.952580645161,253.01129032258078,53.34032258064514,2527.824193548387,1853.0951612903227,635.8387096774194,,672.482258064516,448.26709677419353
2004-06-01,328.5596666666667,,343.2203333333333,4422.214000000001,332.3666666666666,646.6540000000002,12014.903333333334,1098.4080000000001,715.795,1557.4646666666665,201.1700000000001,59.081333333333355,2010.2396666666662,1784.9633333333338,404.3,,490.6056666666667,362.5966666666666
2004-07-01,313.9029032258064,,377.0767741935483,4097.286451612903,262.24064516129033,559.2977419354839,11083.178709677419,1058.7541935483873,617.398064516129,1325.469677419355,169.62032258064517,57.74516129032259,1729.7193548387097,1444.2858064516129,276.03225806451616,,337.22096774193557,299.0370967741935
2004-08-01,169.99967741935487,,315.1929032258065,4616.500000000001,223.26,430.5490322580645,9269.462580645162,1008.254838709677,791.8325806451612,1096.2196774193553,124.42548387096772,34.67709677419355,1993.0177419354834,1403.4251612903229,180.2258064516129,,320.99709677419366,236.435806451613
2004-09-01,142.67533333333333,,332.28666666666675,4770.397333333332,192.926,284.0,9375.94,1197.5913333333333,728.5723333333334,1067.9946666666667,82.37333333333332,29.03066666666667,2173.5473333333334,1652.6299999999997,148.36533333333335,,335.9309999999999,167.14199999999997
2004-10-01,267.44483870967747,,361.66258064516126,4660.120645161292,169.96967741935484,505.13806451612913,11170.294516129032,1027.861612903226,624.5641935483872,1247.6464516129035,123.46064516129033,42.924516129032256,1949.6116129032262,1443.4325806451611,227.3874193548387,,482.5890322580645,179.05129032258066
2004-11-01,312.384,,320.761,4610.192666666666,210.73500000000004,538.1993333333334,12041.287666666665,1121.8593333333336,803.2646666666668,1210.9333333333332,143.343,49.379333333333335,1998.8770000000002,1649.7186666666662,315.84666666666664,,411.8606666666667,202.99899999999994
2004-12-01,423.17225806451614,,265.3106451612903,4930.0774193548405,523.548064516129,1430.9700000000003,10757.798387096775,1407.6674193548388,899.0722580645161,1960.5029032258058,369.3825806451612,60.057096774193525,2608.1512903225803,1958.9580645161288,484.3245161290322,,632.2551612903227,992.3606451612902
2005-01-01,825.6664516129033,,662.7741935483871,8213.053548387095,1019.6748387096774,2175.896451612903,14933.065161290322,2184.1125806451614,2156.215806451613,3669.0764516129034,458.4290322580645,118.03548387096772,2884.953225806452,3778.56064516129,974.4025806451612,,1254.921935483871,1716.1812903225807
2005-02-01,465.9807142857144,,508.92857142857144,7897.300714285716,753.7375,1722.6414285714288,15505.42821428571,1807.447142857143,1782.5642857142852,3154.7989285714284,328.1857142857143,103.87535714285717,3199.118214285714,3454.7846428571434,1325.9285714285713,,549.4867857142857,1233.7264285714284
2005-03-01,600.2725806451614,,388.96774193548384,6849.623870967741,1039.8787096774195,1445.1141935483872,9962.751290322582,2448.142903225806,1485.0832258064515,2736.68,381.7396774193548,73.59096774193549,3784.2045161290325,2582.544193548387,1589.8493548387098,,1063.3519354838709,1599.1506451612897
2005-04-01,311.6363333333334,,307.46666666666664,5518.410999999999,526.7186666666668,811.307,10218.821666666667,1464.9013333333337,883.841666666667,1723.553,223.9303333333333,115.72166666666664,2961.4576666666662,1957.5466666666666,764.9193333333332,,880.4636666666667,602.6423333333333
2005-05-01,445.5858064516129,,302.741935483871,4742.657096774193,361.1703225806451,909.2035483870969,9605.523548387097,1214.017096774193,859.1793548387097,1637.2003225806454,194.42354838709682,68.94645161290322,2197.2032258064514,1731.6916129032259,422.6190322580646,,613.251935483871,512.4790322580644
2005-06-01,273.701,,267.53333333333336,4578.645666666667,281.70900000000006,648.8703333333334,9846.835000000001,1130.3936666666664,748.2503333333332,1590.035333333334,179.51466666666667,47.324,1946.235,1849.0603333333336,245.42666666666665,,380.175,361.67799999999994
2005-07-01,213.57419354838717,,265.19354838709677,4295.905806451612,230.72129032258067,547.2732258064517,8717.868064516128,1163.753870967742,777.6038709677418,1270.2961290322582,120.51903225806456,43.33451612903226,1670.355806451613,1611.1119354838709,187.67741935483872,,331.93838709677414,272.83677419354837
2005-08-01,166.98258064516125,,273.9032258064516,4616.003225806451,214.73709677419345,431.4464516129033,8806.826451612904,1424.9154838709674,958.2161290322581,1248.559032258064,91.25290322580646,32.248387096774195,2085.0196774193546,1744.1045161290324,136.48387096774192,,365.7970967741937,228.84258064516135
2005-09-01,209.09366666666668,,381.3333333333333,4379.67,170.471,493.3709999999999,9329.801333333333,1206.0366666666664,725.0573333333334,1241.9600000000003,96.38966666666667,49.25299999999999,1689.3853333333332,1457.4513333333337,82.1,,363.5493333333333,220.21099999999998
2005-10-01,309.3435483870968,,431.0,4429.622903225807,117.10709677419356,407.4009677419355,12978.69,1173.313870967742,851.9558064516128,1205.3967741935485,69.85032258064518,56.15677419354839,1999.5980645161292,1582.9632258064514,81.09677419354838,,371.7570967741935,159.76258064516128
2005-11-01,253.9916666666667,,254.2,4315.904666666667,374.375,721.5403333333331,10681.07,1395.1186666666667,851.8456666666666,1285.4500000000003,233.4683333333333,64.33766666666665,2020.3566666666673,1589.0660000000005,386.0603333333334,,285.81133333333327,720.1416666666667
2005-12-01,392.27967741935475,,291.2258064516129,7311.609677419354,1293.684516129032,1311.8651612903225,12437.781290322582,2197.0887096774195,832.4090322580647,1770.4370967741936,509.4358064516131,81.21096774193548,4041.1022580645167,1686.656774193549,1220.3932258064517,,853.4522580645162,1544.9070967741934
2006-01-01,526.5041935483871,,362.5006451612902,5984.372258064516,796.346451612903,1098.3393548387096,11911.994193548388,1713.5783870967743,1038.4825806451613,2082.3290322580647,400.8874193548387,71.87806451612907,3069.672258064516,2387.357741935484,663.2258064516129,,846.8883870967744,758.8170967741935
2006-02-01,701.2160714285714,,426.63428571428574,5694.142142857143,693.3078571428574,1067.9614285714283,11030.257857142858,1498.8292857142858,928.070357142857,2264.4599999999996,349.99285714285713,134.96678571428575,2977.2103571428565,2260.5064285714284,789.5,,1154.5278571428573,702.0924999999999
2006-03-01,663.9190322580645,,366.17516129032254,8193.403548387098,1012.3519354838709,1316.000967741936,13690.466129032258,2301.4035483870966,1323.4267741935482,2602.1764516129033,502.4354838709677,73.97419354838709,4053.336774193548,2698.686451612903,1198.2903225806451,,1214.67,1321.67129032258
2006-04-01,485.1003333333334,,365.4290000000001,7139.143333333335,816.911,629.295,12556.787,2570.1403333333333,751.8733333333333,1748.5443333333328,354.6406666666666,56.57100000000002,4512.345333333333,1775.6206666666667,1014.2256666666666,,1153.9226666666666,645.8383333333333
2006-05-01,221.77903225806455,,230.01096774193553,5150.524838709678,447.2129032258065,439.3393548387097,9528.045483870967,1570.5454838709682,745.2706451612902,1420.3583870967743,232.2748387096774,43.586451612903225,2736.463225806452,1640.415806451613,438.2945161290321,,599.7909677419353,345.5493548387097
2006-06-01,186.87766666666664,,230.28066666666666,5294.140000000001,317.7906666666667,407.60066666666654,10041.418333333333,1384.3890000000001,926.212,1297.9073333333336,171.716,36.61900000000001,2581.680333333334,1774.5630000000003,262.12833333333333,,618.1396666666666,257.04499999999996
2006-07-01,224.74258064516118,,309.41354838709674,5450.343225806451,276.4358064516129,368.0593548387096,9754.039032258062,1338.064193548387,800.5654838709677,1156.7080645161288,141.5725806451613,36.43,2648.134193548388,1886.8074193548387,177.03612903225803,,541.3245161290323,221.95516129032262
2006-08-01,158.26419354838706,,327.52612903225804,6059.126129032258,240.21709677419355,302.49741935483877,9607.53258064516,1476.704838709678,1069.8935483870966,1495.0138709677417,110.54806451612905,27.636129032258058,3011.437419354839,1992.685161290323,139.8383870967742,,637.6241935483873,185.24645161290326
2006-09-01,195.14166666666674,,291.0526666666667,5657.973333333333,235.1126666666667,321.674,10266.620666666666,1440.5750000000003,1131.5186666666666,1452.477,119.942,36.157000000000004,3160.38,1580.9786666666669,115.56666666666666,,564.3246666666665,202.83133333333333
2006-10-01,221.77967741935484,,246.56258064516126,5714.556774193548,408.2506451612902,448.46064516129036,9597.884193548389,1695.3387096774193,1205.1506451612902,1730.6967741935484,246.31354838709686,40.17516129032256,3154.048064516129,1637.197419354839,392.0,,623.5393548387096,389.50354838709677
2006-11-01,250.2853333333333,,194.15666666666667,5507.607,497.1566666666666,666.7163333333333,10022.140000000003,1844.9170000000001,1176.7199999999998,1702.6156666666664,228.4203333333333,61.75033333333334,3282.9060000000004,1948.3666666666672,598.7606666666667,,499.98433333333344,638.7796666666668
2006-12-01,445.0490322580645,,232.111935483871,5590.468387096772,1230.9448387096775,1298.2587096774196,11383.693870967738,2574.337419354839,1018.118064516129,2158.7706451612903,620.332258064516,99.96064516129033,3769.1509677419363,1863.9151612903224,837.350322580645,,755.5112903225809,2382.530322580645
2007-01-01,1100.0332258064518,,422.13741935483864,9581.976451612903,1990.0651612903227,3282.114516129032,16817.317741935483,3675.6732258064517,969.8332258064515,3861.997096774194,964.8316129032258,105.00548387096778,3890.2467741935484,4045.679677419354,1146.784193548387,,1747.049677419355,3016.688387096774
2007-02-01,651.6478571428571,,374.7871428571428,13707.088928571427,2152.7446428571425,2124.831785714285,21876.141428571424,4909.0082142857145,1883.652857142857,4243.1164285714285,801.3653571428573,66.1607142857143,7629.195000000001,4583.385,2419.3771428571426,,1321.7653571428566,2448.5057142857145
2007-03-01,445.3935483870967,,386.2041935483871,7968.521612903225,913.0990322580645,855.5006451612902,15268.613870967742,2467.5709677419354,900.2016129032259,2457.012580645161,403.943870967742,47.24,4232.761290322581,2792.2132258064516,961.8251612903222,,1040.1519354838708,794.6390322580645
2007-04-01,271.62399999999997,,235.85033333333334,5584.202333333334,582.7586666666665,708.1426666666665,11072.213000000002,1765.5619999999997,715.3100000000001,1837.3676666666663,302.8999999999999,39.41233333333333,2834.5060000000003,1956.6816666666666,618.0859999999999,,589.8946666666666,562.3766666666668
2007-05-01,235.42903225806452,,209.95645161290327,4916.985806451612,392.4551612903226,545.6658064516129,10352.822903225806,1387.3548387096776,627.785806451613,1407.93935483871,208.13709677419348,37.49677419354839,2320.7654838709677,1608.6506451612902,353.604193548387,,451.3941935483871,382.84677419354847
2007-06-01,214.24866666666668,,192.9136666666667,4940.201,307.4486666666666,498.6863333333334,9295.689,1338.163666666667,707.4406666666669,1386.259333333333,167.33399999999992,34.174,2271.9196666666667,1611.6306666666667,217.04433333333327,,319.51133333333325,299.6126666666667
2007-07-01,414.2858064516129,,304.7470967741935,4849.117096774195,265.471935483871,455.1887096774194,9841.10612903226,1283.8503225806446,871.8177419354838,1557.1303225806448,151.73774193548385,47.02258064516129,1998.6529032258063,1654.033548387097,167.5299999999999,,370.82419354838714,247.48129032258072
2007-08-01,206.45612903225802,,209.54870967741934,5050.954193548386,232.24967741935475,348.4712903225806,9401.21387096774,1267.7016129032256,921.2851612903228,1300.0929032258066,87.76290322580643,27.100645161290327,2152.9177419354837,1869.0645161290322,107.77677419354839,,451.93741935483877,193.9874193548387
2007-09-01,138.63033333333334,,183.94,5482.226000000001,203.649,292.761,9375.072999999999,1330.434666666667,907.8773333333334,1232.4873333333333,55.412000000000006,19.700999999999997,2575.3663333333334,1889.198,70.352,,340.686,150.71033333333332
2007-10-01,172.6916129032258,,272.29064516129034,5867.074838709677,177.3390322580645,318.0370967741936,9390.978709677418,1407.8783870967745,904.0409677419354,1281.2806451612903,72.76806451612902,39.84935483870968,2727.904193548387,1618.287419354839,73.19354838709677,,875.2087096774193,126.65677419354837
2007-11-01,358.0900000000001,,377.9283333333334,4775.857333333333,216.92166666666665,635.8499999999999,9764.15633333333,1364.9926666666672,920.3946666666666,1395.47,167.91866666666664,64.82666666666665,2252.838,1621.9373333333335,295.12933333333336,,328.35833333333335,247.1126666666666
2007-12-01,420.0087096774193,,265.08516129032256,5610.504516129031,336.2129032258064,781.558064516129,10037.772258064515,1643.2438709677417,1003.2335483870967,1514.2822580645166,329.68516129032264,50.209032258064525,2759.3861290322575,1825.2503225806447,530.9593548387096,,561.7641935483871,634.1654838709677
2008-01-01,538.1064516129032,,375.55870967741936,5929.076774193549,388.9103225806452,1025.7122580645162,10068.652258064516,1589.642580645161,920.3087096774193,1784.381935483871,374.5593548387096,60.378709677419344,3246.806451612903,1849.5429032258064,590.8409677419354,,658.3816129032259,922.0648387096772
2008-02-01,670.1475862068968,,352.21862068965527,5303.539310344828,884.0872413793103,1691.6431034482757,10090.838620689658,2031.1451724137926,765.3375862068963,2530.260344827586,697.8203448275863,119.58931034482758,3034.181034482758,1987.659655172414,1210.9686206896547,,911.4224137931031,2242.2999999999993
2008-03-01,510.34322580645147,,295.2790322580645,6439.295161290323,916.8632258064516,1709.5058064516131,11967.382258064514,2304.9703225806447,886.9890322580646,2388.328387096774,614.0854838709678,96.51064516129033,3314.612258064515,2766.0835483870965,1776.0048387096774,,1424.234516129032,1508.117741935484
2008-04-01,447.5433333333333,,314.4976666666666,8326.405999999997,670.9429999999999,1363.7106666666668,12896.441,1887.5323333333336,1317.627,2733.142666666666,416.06866666666673,93.91733333333332,3855.164666666667,2959.145000000001,1072.3,,1178.5876666666666,1107.839666666667
2008-05-01,419.28193548387105,,461.07354838709676,5402.612580645161,380.69741935483876,728.7516129032258,10996.661612903225,1279.4025806451616,858.9167741935483,1897.0412903225804,279.31258064516123,55.87709677419353,2644.7487096774194,2134.5551612903223,448.2370967741935,,1023.128064516129,500.03000000000003
2008-06-01,339.34433333333334,,328.03066666666666,5394.164000000001,268.3939999999999,615.0933333333334,10759.545666666667,1078.2779999999996,835.3060000000003,1634.2229999999997,200.31399999999996,49.48666666666667,2314.4673333333335,2047.757,284.0883333333333,,852.2523333333332,353.1389999999999
2008-07-01,191.19548387096776,,263.6777419354839,5274.293225806452,212.12354838709675,436.0577419354838,9845.080967741935,1067.9916129032258,816.6706451612905,1322.0512903225806,165.90516129032255,32.46129032258064,2429.4538709677418,1816.0674193548384,191.5483870967742,,561.2574193548387,265.40612903225804
2008-08-01,268.7296774193548,,387.5083870967741,5177.155483870968,178.44451612903222,430.26064516129026,12103.343870967738,1154.565161290323,890.26,1350.4867741935489,135.14322580645162,42.354516129032255,2545.3290322580638,1703.641935483871,116.87096774193549,,634.7422580645162,211.72193548387102
2008-09-01,177.33833333333334,,270.362,5212.613333333332,145.86,436.433,9416.164666666662,1131.8336666666664,963.9156666666665,1300.005,101.57833333333336,34.91833333333332,2509.8459999999995,1741.9633333333336,54.38766666666667,,714.0516666666668,232.01799999999997
2008-10-01,260.4864516129032,,356.1135483870967,5097.387096774193,138.53645161290322,499.1664516129033,10561.57677419355,1135.9100000000003,917.2441935483869,1369.931935483871,122.93903225806453,50.29161290322581,2136.913548387097,1700.7306451612906,69.69225806451611,,571.9151612903228,195.11193548387095
2008-11-01,254.1963333333333,,316.8670000000001,4508.327000000001,175.23866666666663,850.8950000000001,10802.45233333333,934.7126666666666,823.9319999999997,1217.0176666666669,135.3696666666667,80.45433333333332,1796.6633333333334,1536.9836666666667,383.4136666666666,,375.7536666666668,435.92566666666676
2008-12-01,298.8548387096774,,255.82322580645163,4506.086774193547,545.1706451612903,1496.967741935484,8125.120645161291,1301.9651612903224,892.2777419354837,1661.8509677419356,479.4258064516129,86.51225806451613,2234.5203225806454,1537.5990322580642,1246.2483870967746,,492.85870967741926,1584.2045161290323
2009-01-01,471.4312903225806,,360.90774193548384,4663.452258064515,784.2425806451614,1972.9267741935485,9791.832258064518,1450.3241935483873,1398.308709677419,2707.9596774193556,572.2338709677421,106.24258064516128,2137.368064516129,2240.820322580645,1188.9599999999998,,511.4364516129033,2011.485483870968
2009-02-01,776.1042857142859,,448.91499999999996,6418.853214285715,798.6221428571428,2485.3289285714286,11531.234999999999,1436.6532142857143,2515.622857142858,4393.698571428571,566.13,136.73571428571432,2416.363214285714,4692.823214285715,1098.642857142857,,1095.6689285714285,1974.441428571428
2009-03-01,442.1487096774194,,237.8245161290323,6342.075161290325,588.5090322580646,1542.5509677419352,11202.948387096772,1621.0748387096776,1582.1319354838708,2865.7219354838703,478.05032258064534,93.93290322580643,2622.5232258064516,3295.1041935483877,809.8387096774194,,1226.4451612903226,1330.7690322580643
2009-04-01,275.8933333333333,,228.15966666666665,6504.098999999999,683.0903333333333,1549.8653333333336,10821.954999999998,1704.9823333333331,1607.4223333333332,2894.8550000000005,480.7403333333333,75.702,2491.081,3174.6636666666673,1266.9663333333335,,1054.8959999999997,1371.9646666666667
2009-05-01,220.3290322580645,,212.6483870967742,4495.277741935485,404.8338709677421,805.7974193548386,9461.494516129032,1293.3206451612903,921.6209677419354,1838.8261290322578,300.4248387096774,53.0858064516129,2047.23935483871,2059.1148387096773,598.0838709677419,,819.6954838709678,599.4190322580646
2009-06-01,212.08666666666667,,218.6096666666667,4666.939,313.2893333333333,652.1106666666668,9699.213666666667,1097.6440000000002,875.7453333333332,1592.9150000000004,232.41533333333336,46.426666666666655,2362.657666666667,2017.618,359.219,,738.3773333333335,419.79699999999985
2009-07-01,358.8948387096774,,434.268064516129,4967.409677419355,259.40806451612895,621.4587096774193,11210.389032258066,1259.3641935483874,952.7725806451614,1524.662258064516,178.83129032258068,60.89870967741936,2170.493548387097,1861.0145161290327,228.61193548387087,,570.1909677419355,353.11096774193544
2009-08-01,295.8145161290323,,377.5080645161291,4693.141612903226,193.9929032258064,546.7554838709679,10320.347096774194,1084.7583870967744,868.7564516129032,1384.7174193548392,150.61806451612907,47.43516129032258,1825.3787096774197,1664.577419354839,162.55419354838708,,615.1648387096774,280.17290322580646
2009-09-01,463.50566666666674,,724.9580000000001,4483.029666666666,208.74099999999999,698.8090000000003,13000.994333333334,1331.1760000000002,889.1090000000002,1655.081,154.08233333333337,50.22766666666666,2102.0936666666666,1965.6343333333332,174.99166666666667,,857.8193333333334,301.19966666666664
2009-10-01,376.17548387096775,,804.733870967742,4384.343548387096,269.6645161290322,850.6541935483868,15771.711612903227,1460.6512903225805,942.9806451612902,1593.9135483870969,163.35935483870963,90.7341935483871,1851.769677419355,1945.4390322580648,496.0,,884.088064516129,446.6541935483871
2009-11-01,493.52366666666666,,786.7960000000002,4624.648999999999,345.55933333333337,675.7103333333332,14260.630999999998,1586.3776666666665,954.4793333333334,1616.6699999999996,212.92333333333332,74.91966666666666,2195.6873333333338,1915.6706666666666,696.9216666666671,,1019.9326666666668,423.64500000000004
2009-12-01,1220.1767741935485,,903.7858064516129,8765.123548387095,461.377741935484,1746.3554838709676,18783.70387096774,1623.521612903226,1362.3354838709677,3071.3883870967734,359.90645161290325,191.03612903225815,3063.397419354839,3141.69,1249.202903225806,,1913.1558064516128,1008.086129032258
2010-01-01,1543.2393548387097,,1070.8016129032258,9359.703870967744,504.76419354838697,1715.6380645161291,22356.94806451613,1651.8387096774193,1756.812258064516,3573.5151612903223,353.23806451612893,261.7803225806452,3844.1154838709676,3982.7106451612904,1403.022580645161,,2136.984838709677,820.0038709677419
2010-02-01,1067.694642857143,,1157.1335714285713,7168.91964285714,280.29857142857145,997.848214285714,20382.783928571433,1396.779285714286,1107.4889285714282,2675.325357142857,260.46178571428567,119.18928571428569,3390.9660714285715,2966.675714285714,723.2557142857141,,1547.3446428571426,358.63428571428574
2010-03-01,714.3606451612904,,482.0680645161289,7460.758064516129,387.4274193548387,1128.1654838709674,14233.088709677419,1316.1235483870967,1038.3438709677419,2475.4690322580655,431.87000000000006,138.2409677419355,3207.4319354838713,2959.0967741935474,1027.5361290322587,,1611.7551612903223,977.2329032258064
2010-04-01,605.8133333333334,,616.4866666666668,6716.578666666668,279.6013333333333,767.9830000000002,15341.942333333334,1204.622333333333,945.5343333333333,1968.0563333333341,246.20233333333337,127.53133333333331,2718.323666666666,2461.4023333333334,726.5836666666665,,1011.6399999999999,472.3363333333334
2010-05-01,364.81741935483865,,474.0032258064515,4544.9909677419355,169.25354838709677,551.9948387096774,11509.635806451613,914.1835483870966,801.5577419354839,1639.4448387096775,169.05161290322582,70.00129032258063,1927.599677419355,1786.6487096774194,246.37483870967748,,594.3435483870967,293.55258064516124
2010-06-01,289.57099999999997,,305.66,4567.544333333333,138.136,443.9993333333333,10176.838666666668,908.8663333333336,883.4493333333334,1390.2213333333332,130.07199999999997,58.12566666666668,1947.0136666666663,1901.2556666666665,166.20999999999992,,562.4216666666667,223.47799999999995
2010-07-01,321.3296774193548,,279.78387096774196,5082.5377419354845,164.57838709677415,407.01709677419353,10105.635483870969,899.486451612903,902.0909677419356,1377.8712903225805,110.53000000000007,69.48129032258063,2381.465483870968,1905.5325806451613,121.54032258064515,50.51935483870967,784.1529032258065,161.7222580645161
2010-08-01,203.79999999999995,,257.68516129032264,4984.279354838711,148.81193548387097,308.5116129032259,9427.588387096775,926.4038709677417,903.853870967742,1209.543870967742,71.72903225806452,43.89000000000001,2274.932580645161,1608.223870967742,84.73645161290324,37.25677419354839,666.42,101.04741935483871
2010-09-01,214.25033333333334,,241.33100000000002,4894.095666666667,121.99699999999999,289.89,9578.053333333335,1062.4536666666668,962.0983333333335,1276.6166666666663,65.82133333333333,43.104000000000006,2118.7603333333327,1752.5469999999998,37.86766666666668,25.749999999999996,968.0033333333333,93.94033333333333
2010-10-01,234.91483870967738,,360.48516129032254,5071.404838709678,135.12064516129035,437.0170967741936,11239.367419354838,1185.0277419354838,1030.0458064516126,1508.5400000000002,156.84419354838712,47.45580645161291,2259.8174193548384,2051.438387096775,179.43774193548387,38.89000000000001,956.736451612903,249.6525806451613
2010-11-01,226.41266666666667,,358.0486666666667,4713.591333333334,394.90000000000003,872.7386666666665,10595.046333333332,1568.5749999999998,1065.349,1632.1133333333332,324.8806666666667,54.13166666666666,2423.4693333333335,1880.4150000000002,633.2666666666667,130.6456666666667,884.1776666666667,764.9223333333335
2010-12-01,557.7383870967742,,448.41129032258067,5142.89,458.5777419354839,1449.8119354838711,12367.187096774192,1517.5816129032257,1165.273870967742,1930.3351612903225,313.22967741935486,110.8158064516129,2439.139677419355,1933.5512903225806,1127.5806451612902,196.2067741935484,868.5364516129033,1055.774193548387
2011-01-01,1461.9574193548387,,515.6945161290323,5559.51,1005.2225806451612,2961.816129032258,12560.670645161286,1702.71129032258,1083.2435483870968,2584.6254838709688,555.11,136.40677419354842,2532.594838709677,2308.640000000001,2416.5632258064516,344.4132258064517,1667.7016129032256,1680.077741935484
2011-02-01,662.7839285714286,,535.475357142857,5294.943928571428,397.1424999999999,1007.7953571428569,14675.388214285713,1305.9810714285718,825.1135714285712,1936.706428571429,291.0403571428572,86.90428571428573,2369.4557142857147,2092.0889285714284,1313.5939285714287,147.71071428571432,1068.9010714285712,500.3721428571428
2011-03-01,877.6990322580646,,370.96935483870965,10461.843225806451,1135.276129032258,1905.2516129032254,19424.982258064512,2622.737741935485,2136.060967741935,3967.359677419355,729.9332258064518,165.42806451612904,3758.8570967741944,4654.965161290323,2097.005483870968,552.3412903225807,2043.556774193549,2193.7612903225804
2011-04-01,525.6790000000001,,293.6846666666667,6736.420666666667,691.1460000000002,1008.0616666666663,15448.052333333331,1552.408,1164.7456666666667,2486.515,479.08299999999997,123.17699999999998,2729.217333333333,2936.7386666666653,1118.4270000000006,296.5023333333332,1602.3636666666669,1031.0953333333334
2011-05-01,314.5387096774194,,241.32129032258067,4936.515806451613,399.2235483870968,658.951612903226,10827.972903225806,1019.9177419354841,757.8429032258065,1715.0890322580644,283.628064516129,67.43129032258064,2145.7780645161283,2113.271612903226,540.153548387097,139.32967741935482,832.9112903225807,464.60032258064524
2011-06-01,307.20466666666664,,272.5213333333333,4928.229000000002,295.7763333333333,587.3123333333333,10382.394,1182.7676666666669,971.7039999999997,1686.4106666666667,202.84733333333332,58.32299999999998,2033.0156666666671,1988.448,361.5856666666667,98.66100000000002,801.363,348.38333333333344
2011-07-01,221.3335483870968,,263.5209677419355,4614.892258064515,250.94516129032255,474.67419354838677,11335.058387096773,1176.0674193548386,827.9787096774193,1415.9209677419356,158.72161290322583,46.32225806451613,2028.8316129032255,1725.9112903225807,256.5648387096773,72.36935483870965,742.1874193548387,278.32096774193553
2011-08-01,202.98064516129034,,264.3503225806452,4656.767419354839,207.41483870967744,343.7996774193547,13363.767741935484,1080.0112903225806,859.6067741935484,1339.7264516129028,118.14354838709683,45.78903225806452,2185.6877419354837,1684.1929032258065,117.62290322580644,52.26774193548387,786.7264516129031,206.57774193548383
2011-09-01,181.38899999999998,,230.65500000000003,4859.683000000001,244.0636666666667,296.18766666666664,10242.812333333333,1157.681,894.0953333333334,1220.9219999999998,83.2816666666667,39.217,2484.0433333333335,1648.5203333333334,51.924,32.29966666666667,885.1933333333333,140.30000000000004
2011-10-01,383.0570967741935,,446.8722580645162,4511.980322580645,338.2087096774193,467.6890322580646,11389.412903225804,1100.481935483871,895.2422580645159,1389.276451612903,126.64290322580648,53.69645161290324,2164.2793548387103,1810.988064516129,279.6393548387096,112.37225806451612,792.8835483870968,235.6016129032258
2011-11-01,389.1573333333333,,326.52566666666667,5090.225,338.7123333333333,503.9023333333334,11977.759999999998,1212.9236666666663,1012.8773333333332,1532.0076666666666,152.70066666666665,46.88833333333333,2369.348,2048.297,654.0266666666665,98.79466666666666,1044.4906666666666,361.80800000000005
2011-12-01,445.0529032258063,,300.72032258064525,5223.696774193549,785.3487096774194,1661.1438709677418,11290.70903225806,1379.802258064516,1001.6125806451614,1720.2387096774191,376.5651612903225,73.58548387096775,2426.7758064516124,2115.906451612903,1329.1680645161296,376.9977419354838,1444.4848387096772,1741.774193548387
2012-01-01,884.7590322580645,,356.39,5827.1864516129035,1214.8438709677419,2646.4780645161295,12081.456451612905,2068.8932258064515,1464.4454838709682,2950.185483870968,731.3345161290322,106.29032258064518,2974.391290322581,2544.8200000000006,2164.714193548387,494.509677419355,1702.9683870967744,2791.5151612903223
2012-02-01,568.8355172413793,,361.58689655172407,5719.052413793104,785.828275862069,1173.7362068965517,11033.13724137931,1850.6396551724133,1267.6910344827586,2215.0655172413794,353.63931034482755,62.55241379310344,3043.0427586206893,2613.7493103448273,1458.0268965517243,376.8189655172414,1337.0448275862066,1055.2924137931032
2012-03-01,362.42129032258066,,294.9506451612903,5645.527741935484,513.4790322580645,846.7374193548388,10994.074838709674,1904.1038709677418,1279.0564516129032,2004.4261290322581,266.86870967741936,65.14193548387095,3359.422258064516,2494.6912903225807,941.9922580645159,229.90161290322584,1475.6470967741939,658.3858064516129
2012-04-01,346.4306666666667,,294.5416666666667,5063.476,448.90866666666676,643.8246666666665,11200.670333333333,1482.2933333333337,1079.7450000000003,1694.039,265.2896666666666,56.80233333333333,2547.4780000000005,1921.295333333333,605.4363333333332,195.75666666666666,1190.5956666666666,552.6530000000001
2012-05-01,404.79,,385.6503225806452,5230.5270967741935,404.8029032258067,621.6109677419353,10961.088387096775,1488.4103225806452,1013.742258064516,1635.9029032258056,182.97096774193545,55.180645161290336,2469.8890322580646,2062.3503225806453,338.9483870967743,123.00387096774195,1026.8077419354838,381.8441935483872
2012-06-01,726.2360000000001,,575.55,5105.011666666666,383.56099999999986,715.9223333333332,14918.786666666669,1270.072,903.2583333333333,1682.1006666666665,185.2696666666667,68.33266666666668,2165.617333333333,1865.5873333333334,266.1796666666668,104.55333333333331,1376.1396666666665,385.06266666666676
2012-07-01,391.1441935483872,,456.6577419354839,4848.618387096774,327.0193548387096,485.013870967742,12056.935483870968,1284.839677419355,913.1267741935485,1492.9748387096777,128.73548387096776,50.64548387096774,1875.5570967741937,1885.131290322581,157.05419354838705,63.34096774193549,919.8190322580646,250.32774193548389
2012-08-01,236.701935483871,,319.367741935484,4974.69,303.70161290322585,341.32967741935494,10550.505806451612,1353.2929032258062,993.4851612903225,1394.7312903225807,97.53612903225803,33.98290322580647,1997.4477419354835,2012.9829032258065,63.040967741935496,44.203870967741935,932.0999999999998,184.5751612903226
2012-09-01,202.5376666666666,,351.7383333333334,5094.6726666666655,215.14166666666668,286.78900000000004,9809.225666666665,1222.6966666666663,1166.8899999999999,1400.269,76.39166666666667,25.90033333333334,1997.4559999999997,1810.9973333333332,82.47133333333333,41.294,763.574,160.9066666666667
2012-10-01,236.84129032258068,,329.42612903225796,4969.337419354838,283.0490322580645,257.1974193548387,10064.203870967745,1385.5796774193548,1589.575483870968,1799.88935483871,85.64580645161293,32.9358064516129,2233.507096774194,1950.2535483870968,217.0974193548387,37.4125806451613,520.7045161290322,137.12419354838707
2012-11-01,239.37966666666668,,288.78399999999993,5075.173000000002,508.1836666666667,413.10533333333325,9703.310000000001,1478.1126666666664,1336.9596666666669,1799.5919999999999,133.91266666666672,35.32866666666667,1831.1663333333336,2157.393666666667,535.8,133.6906666666667,457.3073333333334,500.56666666666666
2012-12-01,496.13290322580644,,319.5445161290322,4974.850322580645,357.3029032258066,714.0022580645161,10212.908387096772,1754.8567741935483,1042.1183870967743,1650.5400000000004,149.04483870967746,75.33161290322582,2530.0967741935483,1814.336451612903,566.2096774193549,115.46096774193549,619.2329032258067,321.04290322580647
2013-01-01,831.536129032258,,331.05741935483877,4265.223548387096,420.39483870967746,1770.4390322580648,10496.237419354838,1470.5674193548389,636.3064516129032,1583.9512903225807,280.828064516129,157.3041935483871,2030.4341935483874,1678.398387096774,1372.5806451612902,87.55645161290323,1108.5729032258062,686.2529032258064
2013-02-01,600.2246428571428,,411.6332142857144,4929.170357142858,510.6725000000001,1603.8785714285714,12554.633928571426,1455.305,510.6275,1819.8503571428573,333.1782142857142,120.4310714285714,2670.0778571428573,1913.410357142857,1132.0,162.34499999999997,1167.3785714285711,960.7860714285715
2013-03-01,587.2054838709677,,336.64580645161294,4648.612258064514,409.6283870967743,1177.8890322580646,12882.474516129032,1105.0932258064518,520.9032258064516,1716.808387096774,332.20935483870966,110.64741935483869,2237.8687096774197,1774.9561290322579,898.7096774193549,186.5177419354839,1083.068064516129,609.6016129032257
2013-04-01,511.9396666666667,,398.70633333333336,3857.954666666666,439.44599999999997,944.840666666667,11895.336666666664,1520.03,429.64899999999994,1548.66,300.84566666666666,73.826,1872.4056666666663,1372.304333333333,839.6669999999999,248.28333333333327,961.5646666666668,632.2333333333332
2013-05-01,298.7490322580646,,321.01129032258063,3480.893548387096,254.2503225806451,578.4412903225806,10415.863548387095,942.5209677419355,679.5374193548387,1339.192903225806,199.60290322580644,51.322903225806456,1601.5216129032258,1406.099677419355,369.453870967742,119.60483870967742,714.4416129032259,260.35677419354835
2013-06-01,443.28766666666667,,503.33899999999994,3883.2076666666662,238.39733333333334,606.957,15272.410333333333,995.8993333333334,610.8793333333332,1425.8370000000002,175.14,46.565666666666665,1720.4579999999999,1760.888,351.40766666666667,136.791,1031.5919999999999,288.967
2013-07-01,402.71612903225804,,456.9835483870968,3842.6464516129026,203.9564516129032,479.0970967741936,14357.202903225805,861.8429032258064,723.4161290322581,1189.4090322580646,128.13612903225808,48.145483870967745,1626.3190322580647,1559.4438709677422,200.24193548387098,69.49967741935482,882.569677419355,178.4541935483871
2013-08-01,200.79838709677426,,346.34354838709675,4080.1132258064513,165.97645161290325,351.1887096774194,10055.182258064515,869.407741935484,822.6503225806453,1147.5690322580645,93.20774193548387,33.73354838709678,1588.6148387096775,1488.8151612903227,115.16129032258064,46.00903225806452,691.1606451612902,130.0851612903226
2013-09-01,202.28633333333335,,357.2883333333333,3934.951999999999,145.91633333333337,360.64666666666665,9888.324666666666,877.5863333333335,834.4999999999999,1232.822,71.9756666666667,34.51333333333333,1631.417666666667,1626.1036666666664,59.3,34.34866666666667,631.9979999999999,110.12200000000001
2013-10-01,315.85419354838706,,432.9048387096775,4143.839032258064,189.5096774193548,550.4609677419355,10904.961612903227,929.0999999999999,819.7280645161292,1365.471290322581,146.2187096774193,44.378709677419366,1573.4448387096775,1548.2035483870966,196.38645161290322,56.98387096774193,811.6777419354839,175.42451612903224
2013-11-01,282.9409999999999,,341.4343333333333,4503.479333333334,238.12733333333335,605.3303333333333,9918.842,1041.9516666666668,887.1973333333334,1443.773666666667,204.434,54.791000000000004,1998.2106666666666,1923.2016666666668,295.86033333333336,88.82433333333334,696.2453333333334,257.95200000000006
2013-11-04,,63.2525925925926,,,,,,,,,,,,,,,,
2013-12-01,263.21,252.22935483870964,288.6238709677419,5093.157741935484,497.9935483870967,967.5122580645159,10532.03935483871,1117.6822580645164,907.87,1648.6693548387095,280.711935483871,84.8035483870968,2236.243870967742,1949.3648387096769,1093.113548387097,209.25096774193545,790.315806451613,946.9474193548386
2014-01-01,293.97516129032255,129.62032258064517,320.2835483870968,4996.942903225807,378.75838709677413,489.63548387096773,11139.561290322581,1120.527096774194,785.3980645161291,1505.327419354839,174.45258064516133,67.70161290322581,2173.580322580645,1943.366129032258,734.0145161290321,130.44677419354838,622.3590322580643,354.1629032258064
2014-02-01,160.1132142857143,93.11535714285715,328.2353571428571,5270.341071428571,333.6617857142856,273.74357142857144,10674.36,1349.9599999999998,1128.0124999999998,1518.6896428571429,122.05750000000002,28.00178571428572,2751.7317857142857,1920.587142857143,808.992857142857,106.07535714285711,547.4835714285713,124.6217857142857
2014-03-01,284.4383870967742,162.22000000000003,360.4380645161291,4663.09064516129,289.52612903225815,303.9758064516129,10810.63322580645,1289.184193548387,764.0154838709676,1257.4274193548388,140.39548387096772,47.34322580645162,2522.284193548387,1463.4064516129033,1224.0129032258064,178.47354838709674,523.6487096774193,181.08451612903232
2014-04-01,200.227,172.90199999999996,277.48399999999987,4226.054666666667,375.0753333333334,365.8523333333333,10791.887999999997,1530.1529999999998,273.40133333333335,710.1960000000001,175.5546666666667,48.04833333333333,2356.6503333333335,934.6076666666664,1016.5833333333334,263.68366666666657,363.53133333333324,205.2183333333333
2014-05-01,155.6841935483871,85.97322580645161,257.28,3064.490322580645,324.3225806451612,253.4935483870968,9657.475806451614,1052.8277419354843,224.36064516129034,469.631935483871,105.13548387096772,32.988709677419344,1445.52,727.3458064516129,485.6774193548387,155.09709677419355,151.19548387096776,99.13838709677422
2014-06-01,140.35233333333335,53.98033333333331,306.88766666666663,2789.2560000000003,243.73533333333333,230.20366666666663,12587.314000000002,724.5450000000001,224.88066666666674,404.66266666666667,85.24233333333335,26.64800000000001,1132.2983333333334,517.5213333333334,281.51666666666665,145.97199999999995,266.47366666666665,71.63399999999999
2014-07-01,127.48548387096778,41.51290322580644,235.09806451612903,2547.0064516129037,224.13032258064518,209.84129032258065,9065.594193548384,686.8206451612901,233.65354838709672,402.6312903225808,83.06677419354841,26.514838709677413,1658.913548387097,647.3629032258063,174.33870967741936,81.1090322580645,284.791935483871,68.59709677419356
2014-08-01,112.75032258064515,22.524516129032254,218.5841935483871,2676.7929032258066,245.32774193548383,179.93193548387103,8243.895806451614,782.522258064516,228.3354838709678,383.05774193548393,69.40967741935485,25.484516129032247,1631.1987096774192,552.3148387096775,90.06451612903226,122.28290322580648,221.4458064516129,59.752258064516134
2014-09-01,151.62266666666665,22.736333333333327,351.7659999999999,2821.191,225.7413333333334,124.66866666666665,9064.031666666668,1042.8833333333334,471.66799999999995,889.8336666666665,40.37133333333333,27.149666666666672,1636.2886666666666,917.0183333333332,69.17766666666668,86.95966666666668,247.03633333333332,31.75133333333333
2014-10-01,96.54322580645159,11.863225806451611,266.8964516129032,3249.314193548387,220.3819354838709,104.05612903225807,9565.692258064517,1159.9961290322583,653.1722580645159,916.7829032258064,39.05387096774193,22.215806451612902,1539.806129032258,1085.0209677419355,98.91516129032257,85.34677419354841,344.15129032258073,21.899677419354834
2014-11-01,185.7773333333334,38.21900000000001,227.60166666666663,3139.9166666666665,314.22066666666666,273.6286666666667,9434.462333333331,1181.5450000000003,426.6089999999998,778.9933333333336,148.65733333333336,27.813999999999997,1727.5386666666668,976.057,358.03933333333333,95.80266666666665,477.64733333333334,204.49166666666667
2014-12-01,306.51,125.92645161290322,255.9690322580645,3680.0270967741935,436.0761290322581,493.84677419354836,9248.51935483871,1320.2745161290322,481.1100000000001,1016.6054838709678,260.9977419354838,32.72129032258064,2412.687096774194,1209.3799999999999,840.129677419355,142.09064516129033,562.0719354838709,456.7548387096775
2015-01-01,254.14322580645162,51.54096774193549,251.7806451612904,3920.2887096774193,214.0070967741935,304.29967741935485,9984.286129032258,1135.180322580645,605.5083870967742,938.6806451612904,110.14000000000001,34.47096774193548,1798.423225806452,1221.177741935484,346.0374193548388,121.7535483870968,493.7354838709677,148.00774193548386
2015-02-01,591.922142857143,74.4525,337.8621428571428,3935.75,452.1064285714286,551.030357142857,10535.589642857143,927.2489285714288,397.0332142857143,980.1867857142859,280.93249999999995,65.90535714285716,1849.344285714286,1000.2764285714287,802.4925000000002,135.96607142857144,630.3789285714286,547.0742857142857
2015-03-01,554.9512903225806,173.06903225806448,316.266129032258,4085.928387096775,492.9074193548387,747.996129032258,10378.076129032257,969.8861290322582,302.0451612903226,1132.592258064516,389.5425806451614,60.560645161290324,2226.5609677419357,1061.2406451612903,913.2451612903227,175.34290322580645,525.9103225806451,831.2580645161291
2015-04-01,240.57433333333339,168.88433333333333,270.00466666666665,3460.6366666666668,403.4920000000001,458.15799999999984,9378.733666666665,1174.7986666666666,257.785,914.9333333333332,294.8866666666666,42.41599999999999,2024.6899999999998,879.5063333333331,845.8713333333336,159.82366666666667,343.64133333333336,430.8026666666666
2015-05-01,201.981935483871,104.93419354838711,286.8116129032258,3366.0767741935483,331.9232258064515,357.6048387096776,9117.649354838712,970.7193548387097,241.1932258064516,755.7180645161292,238.57161290322594,36.032258064516135,1600.7909677419354,767.1396774193548,563.1696774193548,130.58258064516133,231.41354838709677,267.3416129032258
2015-06-01,170.4116666666667,54.823333333333316,243.88,2838.3360000000002,223.93399999999994,298.2509999999999,8740.439333333334,689.35,213.62766666666667,586.2360000000001,167.0843333333333,36.80800000000001,1131.941,625.2270000000002,287.93033333333335,103.11900000000001,247.53500000000003,173.65666666666667
2015-07-01,214.57903225806447,38.23548387096772,375.6396774193549,2251.825483870968,192.3545161290322,237.54354838709685,13171.729677419355,559.6019354838709,228.06451612903226,529.033548387097,120.09741935483872,28.81161290322581,880.6961290322579,625.9874193548387,189.31483870967742,91.9483870967742,373.89806451612907,120.18064516129031
2015-08-01,126.4125806451613,26.991935483870964,242.15161290322578,2600.668387096774,172.69612903225806,184.77290322580646,8224.714516129032,540.6183870967741,197.5690322580645,472.1125806451613,84.3748387096774,19.653225806451612,961.18064516129,755.8787096774191,103.3348387096774,82.97193548387095,339.5529032258066,64.51225806451613
2015-09-01,339.6786666666667,26.972000000000012,416.5223333333332,2892.097333333333,208.8236666666667,376.5166666666666,8976.040666666668,779.7283333333332,366.4506666666666,727.2516666666668,90.12433333333335,32.175666666666665,1357.9660000000001,963.2830000000001,63.82899999999999,86.89733333333334,648.4653333333334,95.325
2015-10-01,212.30935483870965,11.551935483870972,476.84806451612906,3373.932258064516,163.70999999999998,206.01903225806447,12222.422903225806,980.4632258064518,592.4725806451613,763.0209677419356,66.0516129032258,25.74903225806452,1444.462580645161,1089.7112903225805,81.6693548387097,96.04129032258065,537.2345161290323,32.72032258064515
2015-11-01,507.93,26.81733333333333,657.6023333333334,3365.0343333333326,267.8556666666666,547.6996666666666,15264.845999999996,925.9916666666668,485.0263333333333,1008.4553333333333,109.01566666666666,48.76033333333334,1571.9663333333333,1081.8586666666667,146.41266666666667,94.58866666666667,697.2623333333332,165.83199999999997
2015-12-01,575.9083870967742,35.37645161290323,760.333870967742,3306.8283870967743,266.7512903225806,861.8574193548386,17983.555483870976,746.5196774193547,545.0545161290323,1198.2603225806454,177.00387096774193,91.30580645161291,1458.8422580645158,1046.488064516129,214.87032258064514,58.02935483870967,578.9906451612902,346.2167741935483
2016-01-01,1154.613870967742,132.0106451612903,1457.9816129032256,4190.213225806451,655.8341935483871,1621.4748387096777,20319.834838709674,1094.5083870967742,538.7109677419354,2177.8354838709674,535.7516129032258,94.76032258064517,2256.9180645161287,2424.094838709677,1455.792580645161,115.39322580645162,2515.677741935483,1105.4661290322579
2016-02-01,738.8558620689655,80.8665517241379,770.2520689655172,4763.98551724138,355.05793103448275,1110.3206896551724,15505.296896551723,874.2779310344828,360.53482758620686,1657.9731034482754,339.32620689655164,89.70103448275863,1542.0048275862073,2007.1910344827586,842.1706896551727,79.19448275862068,1443.963793103448,570.7765517241379
2016-03-01,903.0403225806451,89.2058064516129,508.20000000000005,4797.342903225806,351.5370967741935,1129.7835483870967,18172.98451612903,1185.3361290322582,467.97806451612917,1929.5377419354843,423.9351612903225,91.99774193548386,1824.1699999999994,2351.508709677419,716.8074193548385,94.43838709677418,1681.9383870967742,463.4845161290322
2016-04-01,271.741,36.26233333333333,401.60599999999994,3492.4916666666672,188.892,511.98233333333326,11759.566333333332,770.3626666666665,399.56699999999995,1281.2646666666667,204.9736666666666,39.09066666666667,1458.594,1503.079333333334,290.6139999999999,52.972,926.8963333333332,202.1816666666667
2016-05-01,338.57612903225805,21.41064516129031,453.768064516129,3289.8119354838714,169.21290322580643,398.34870967741927,12420.527096774194,701.1416129032259,490.84483870967745,1214.5870967741937,151.68354838709675,36.99129032258065,1509.1396774193545,1347.1177419354835,200.5293548387097,53.865483870967736,769.5383870967743,142.64161290322582
2016-06-01,859.1106666666667,18.54066666666666,629.7423333333334,3604.8273333333327,169.724,575.0803333333332,15110.524333333335,738.0679999999999,443.88833333333326,1267.6006666666665,145.86000000000004,70.02366666666668,1233.4786666666664,1570.3533333333335,124.12133333333331,72.34233333333331,1606.0583333333332,126.97600000000003
2016-07-01,276.088064516129,12.377419354838706,396.03677419354835,3408.024516129032,128.5941935483871,295.52806451612895,11236.243225806453,669.29,607.0335483870969,1167.6025806451614,95.26580645161293,28.540645161290318,1195.2938709677421,1528.2922580645159,70.01225806451613,48.8,907.8670967741938,76.36548387096774
2016-08-01,258.9406451612904,8.464838709677418,403.29064516129023,3830.136129032259,109.41225806451615,259.0703225806452,11977.204838709678,801.4532258064515,778.6922580645161,1116.876451612903,87.67870967741936,27.261290322580646,1268.0996774193545,1634.3058064516133,95.7503225806452,40.717419354838704,959.6541935483872,57.765483870967756
2016-09-01,207.5469999999999,5.060666666666667,368.97733333333326,3650.0726666666674,80.00133333333332,253.7806666666668,10901.427000000001,716.6980000000001,734.0973333333333,1192.8930000000003,69.18566666666668,23.134999999999994,1255.1076666666668,1390.3253333333337,49.80566666666666,37.42833333333333,818.1680000000001,37.835
2016-10-01,301.3903225806451,5.7803225806451595,392.6361290322581,3674.920967741936,115.07225806451609,422.7548387096774,11739.601612903227,806.7022580645163,901.0635483870968,1239.819677419355,103.08483870967741,38.02774193548387,1597.9632258064512,1613.7751612903226,134.92903225806452,38.880967741935486,782.7332258064515,83.98838709677422
2016-11-01,326.034,33.72,322.24733333333336,3791.7083333333335,215.0836666666667,650.1970000000001,10439.929,766.9510000000001,873.9146666666668,1399.3926666666666,181.88500000000002,58.114333333333335,1581.6936666666668,1696.5939999999998,374.21466666666663,64.86666666666667,867.9110000000001,295.79200000000003
2016-12-01,371.99548387096775,80.33032258064517,447.6054838709679,4091.7564516129037,350.47709677419357,648.9664516129034,11647.377096774191,1027.899677419355,892.3158064516128,1720.0803225806449,326.62774193548387,54.592903225806445,1794.7122580645162,1729.6148387096775,427.92645161290324,80.98999999999998,1020.46,636.1667741935483
2017-01-01,834.2093548387097,53.369354838709654,643.3593548387098,4268.5996774193545,242.77580645161297,771.9345161290325,11806.451612903225,932.6322580645163,859.451935483871,1748.0561290322582,290.73451612903233,107.30419354838708,1832.2622580645161,1781.506129032258,336.6996774193547,62.72516129032258,1292.3125806451615,355.2545161290322
2017-02-01,589.1078571428573,113.75785714285715,531.9085714285715,3907.4760714285717,291.65749999999997,532.6449999999999,12037.110714285716,866.129642857143,726.8214285714284,1711.2700000000002,315.2385714285714,55.779285714285706,1725.9242857142856,1961.3274999999999,711.5592857142859,94.79892857142859,1104.965357142857,388.7328571428573
2017-03-01,500.1667741935484,79.77483870967745,440.7880645161291,4338.948387096774,212.17741935483872,543.4267741935483,11120.53258064516,935.2212903225809,706.6935483870967,1668.580322580645,202.01419354838703,88.8806451612903,1885.4351612903222,1722.7480645161286,524.4287096774193,71.2125806451613,1036.6293548387098,237.52516129032253
2017-04-01,360.584,47.31400000000001,390.35699999999997,3360.3179999999998,120.06366666666668,315.60200000000003,10004.505,620.4543333333332,542.182,1153.5563333333334,145.51833333333335,47.19266666666666,1272.5433333333333,1437.6989999999998,450.69033333333334,48.585666666666675,909.8909999999998,138.12766666666664
2017-05-01,612.5958064516128,33.25516129032258,454.49967741935484,3120.1403225806457,118.83258064516127,378.76741935483875,11141.226451612905,587.4641935483871,411.5458064516129,1003.8148387096772,151.26225806451615,46.61419354838709,891.2696774193549,1279.2906451612905,229.40903225806454,52.281290322580645,1221.6551612903224,167.24161290322576
2017-06-01,491.5713333333333,18.583333333333325,703.617,2445.2896666666657,85.12499999999997,315.59533333333326,12777.620666666668,515.1189999999999,328.0726666666667,697.6453333333334,107.99433333333333,37.378,551.3023333333334,859.4323333333334,119.5516666666667,37.46733333333335,901.1223333333334,70.696
2017-07-01,233.70709677419356,10.512580645161293,381.19967741935477,2590.0625806451612,68.59677419354838,214.20709677419356,8875.400645161291,511.3738709677419,464.77741935483874,773.8312903225807,77.1025806451613,28.30935483870967,715.6538709677418,1226.4190322580644,67.19290322580646,36.71516129032258,747.5416129032258,28.657741935483877
2017-08-01,249.53,6.710645161290323,400.09387096774185,3274.3416129032253,65.04322580645162,164.60032258064518,9227.61064516129,500.4345161290323,772.4996774193547,1012.2825806451614,57.5151612903226,30.505806451612898,1330.0048387096772,1589.532580645161,47.7058064516129,33.35451612903225,874.3570967741937,23.532903225806457
2017-09-01,146.236,6.533333333333334,280.45533333333333,3777.2796666666673,48.388999999999996,123.15599999999999,9132.781666666666,753.3073333333335,729.4943333333334,989.7606666666668,42.892999999999994,21.277,1662.4616666666664,1408.8976666666665,55.38866666666668,53.91033333333335,976.613,7.293
2017-10-01,239.42225806451611,5.459677419354839,464.993870967742,3686.6893548387106,117.02225806451612,242.9954838709677,10953.26064516129,1138.0177419354836,729.876129032258,990.6799999999997,70.02000000000001,27.35387096774194,1540.7961290322578,1309.5409677419357,105.06548387096775,72.16806451612905,684.2596774193548,8.84064516129032
2017-11-01,385.15666666666675,32.04266666666667,542.4096666666667,3232.789333333333,198.67999999999995,382.414,12097.701,1015.5716666666668,586.266,1220.654,149.58233333333334,45.13533333333334,1405.4943333333333,1285.4356666666667,229.81566666666657,99.82166666666667,845.1346666666667,166.04166666666666
2017-12-01,307.0803225806452,153.10387096774195,484.06838709677425,3599.269354838709,371.65612903225815,559.7606451612903,13138.62419354839,1113.8870967741934,586.7412903225805,1332.9509677419355,328.85225806451615,44.75290322580645,2018.6203225806448,1380.350322580645,787.2103225806452,132.17225806451611,822.9964516129031,647.720967741935
2018-01-01,636.7664516129031,91.45806451612903,562.3822580645161,3678.6409677419356,250.46193548387095,871.6748387096774,16810.29064516129,1102.1090322580644,473.5112903225806,1595.9125806451611,298.428064516129,132.36483870967743,1896.4432258064521,1751.7422580645155,527.4264516129033,117.14483870967743,1160.2296774193546,546.2935483870968
2018-02-01,366.08250000000004,132.66892857142858,309.5457142857143,3738.934642857144,275.43571428571425,596.6142857142856,12563.419999999996,935.9103571428569,326.78535714285715,1256.3146428571433,281.68964285714276,90.01678571428572,1725.8692857142855,1200.7857142857142,995.0710714285716,135.78928571428568,881.7232142857143,643.3446428571431
2018-03-01,430.2154838709678,114.96935483870968,409.0661290322582,3971.6612903225796,387.12290322580657,720.1348387096774,13638.923225806453,1131.3609677419358,453.9145161290323,1387.8945161290321,229.5648387096774,80.20129032258063,2031.540322580645,1464.5800000000002,951.361935483871,160.28580645161293,796.8574193548385,697.7219354838708
2018-04-01,262.93199999999996,81.449,351.94666666666666,3225.5150000000003,210.54833333333346,313.1059999999999,11007.343333333334,940.9663333333338,273.6943333333333,744.5683333333333,169.31599999999997,48.91033333333334,1446.266,1288.8916666666669,695.5620000000002,98.97199999999997,669.112,241.808
2018-05-01,147.85838709677415,41.033548387096765,288.07290322580644,3238.9435483870957,144.2693548387097,220.8648387096774,8804.607741935484,622.5232258064518,248.0906451612903,609.5329032258063,118.94806451612904,36.62774193548388,1056.9351612903224,974.7554838709674,296.27870967741933,53.03580645161289,539.0532258064516,120.53000000000002
2018-06-01,147.42600000000002,28.178333333333338,260.06966666666665,3194.3670000000006,121.53366666666668,213.811,8179.651666666668,576.187,268.7436666666666,608.5413333333332,94.80233333333335,34.238333333333344,1359.8659999999998,1116.9020000000003,187.39966666666663,68.19933333333333,505.1663333333334,95.30299999999998
2018-07-01,119.66967741935487,12.024516129032259,342.3393548387097,3578.9474193548394,228.951935483871,157.948064516129,7654.2916129032255,642.1058064516129,513.6125806451614,884.6412903225806,77.16774193548386,28.505806451612905,2134.035161290323,1272.2025806451613,121.01516129032261,113.5574193548387,576.6899999999999,53.09354838709677
2018-08-01,180.31419354838712,12.637419354838705,371.3941935483872,3579.563225806453,257.03483870967744,205.77451612903226,9044.658064516128,710.193870967742,552.221612903226,769.3990322580645,66.99741935483871,35.14903225806452,1700.57,1100.9000000000003,80.2332258064516,128.41741935483873,613.2448387096775,49.310967741935485
2018-09-01,166.123,11.127333333333333,326.27366666666677,3406.6650000000004,187.23866666666663,173.83733333333336,8584.460000000001,920.4789999999999,586.1570000000003,739.395,63.99900000000001,31.492666666666672,1439.2836666666665,1055.627,67.52700000000002,68.492,617.3386666666668,45.778999999999996
2018-10-01,293.63193548387096,28.094516129032257,311.10322580645163,3413.7003225806448,222.99322580645162,454.0712903225807,11744.592258064516,863.4025806451614,670.9758064516128,1076.8154838709677,121.59322580645161,58.33129032258066,1919.8551612903227,1041.8396774193548,171.71387096774194,77.41064516129032,881.5587096774193,143.31516129032258
2018-11-01,322.1053333333333,166.06300000000005,243.82400000000004,3778.3360000000002,497.4160000000001,823.605,11525.200333333336,1090.721666666667,708.7650000000001,1369.5030000000002,383.55966666666666,87.535,2039.9026666666666,1353.2856666666669,497.6883333333333,140.04266666666666,869.6883333333333,733.6866666666665
2018-12-01,403.67967741935485,117.81387096774195,223.46387096774197,3809.7858064516126,437.11612903225824,924.4706451612903,9673.574838709674,1071.2080645161288,522.9054838709676,1126.4361290322581,318.89580645161294,61.63774193548385,1547.9067741935485,1390.928387096774,753.7890322580645,114.08548387096775,849.8196774193549,645.4177419354838
2019-01-01,416.45096774193553,79.63967741935481,243.06032258064516,4382.673548387097,418.48806451612904,682.7296774193547,10391.560645161291,1135.2735483870968,724.471935483871,1404.8006451612898,252.4783870967742,75.27774193548387,2143.7725806451617,1748.3248387096774,400.4283870967742,202.23774193548385,853.8299999999998,442.5529032258065
2019-02-01,559.6432142857143,78.95214285714285,220.88642857142858,4396.548928571429,452.4946428571429,735.8525000000001,9200.909285714286,1013.6692857142858,865.1717857142859,1398.5589285714286,338.3003571428572,83.1910714285714,2536.597142857143,1787.778214285714,493.4335714285713,220.1157142857143,680.5096428571427,549.3039285714286
2019-03-01,734.4925806451613,135.50645161290325,225.7990322580645,3769.7725806451626,510.66999999999996,1186.6370967741937,10218.258064516129,837.2819354838709,566.9612903225808,1903.424838709677,527.9603225806451,107.05870967741937,1866.2699999999998,1293.7841935483868,847.153870967742,181.11,874.8009677419357,886.1419354838711
2019-04-01,477.8046666666665,134.23499999999999,156.88299999999995,3848.808666666667,330.7906666666667,721.4569999999999,8651.598333333333,974.3993333333331,455.9723333333333,1568.5203333333332,307.06566666666663,63.40333333333336,1719.1019999999996,1572.7453333333333,925.3316666666666,110.99999999999999,912.6156666666667,424.70366666666655
2019-05-01,282.92,83.21838709677418,150.4358064516129,2683.935483870968,274.4312903225806,485.4529032258064,8449.639677419354,749.2693548387097,392.1738709677419,1174.950322580645,218.89709677419356,66.71548387096774,1125.6341935483872,1344.206129032258,380.5225806451613,83.59870967741935,458.50419354838715,329.01612903225805
2019-06-01,252.9270666666666,47.02840000000001,189.65310000000002,2508.4885333333336,203.82976666666667,321.95289999999994,8764.983766666668,548.5241333333332,437.91896666666656,870.1899666666665,152.86963333333333,46.21516666666668,931.5932999999999,1047.1385333333337,213.23866666666663,57.20063333333333,438.3629666666667,185.74440000000004
2019-07-01,322.4475806451613,29.314161290322584,119.0143870967742,3534.9144516129027,169.26425806451613,259.32054838709666,7373.251645161292,522.1617741935485,434.9335806451613,745.7784516129034,119.12319354838708,50.55625806451612,1148.2478387096776,1248.3437096774196,133.99687096774193,91.64354838709677,644.5390645161291,136.89819354838707
2019-08-01,158.12903225806448,17.030322580645162,107.7009677419355,3589.0974193548395,153.3903225806452,207.61387096774192,7452.8751612903225,812.4748387096772,679.9567741935485,847.4735483870968,90.99548387096776,35.16903225806452,1761.6412903225807,1514.0419354838712,90.18806451612903,126.32354838709676,682.9154838709678,97.01903225806454
2019-09-01,181.309,10.043,226.04466666666667,4221.605666666666,197.86600000000004,209.0946666666666,8534.286666666665,1264.4400000000003,1066.3276666666666,1256.5200000000002,75.21700000000001,37.656666666666666,1929.5706666666667,1699.514,41.05499999999999,104.89266666666667,709.2873333333333,53.14100000000001
2019-10-01,130.7690322580645,7.037741935483871,287.4303225806452,4496.618387096773,264.06322580645167,249.51000000000002,8019.166774193548,1337.8129032258066,1097.2148387096775,1387.7616129032258,82.2451612903226,35.974193548387085,2044.6632258064517,1736.842258064516,89.72,85.71419354838712,622.8561290322581,60.37129032258063
2019-11-01,248.5013333333333,17.949999999999996,184.45633333333333,3527.7889999999993,233.99000000000004,510.11933333333326,7415.137000000001,1257.5643333333333,811.439,1316.8746666666668,106.19533333333335,43.690999999999995,1724.6876666666672,1384.929666666667,180.99266666666665,87.15266666666668,438.4163333333333,219.58833333333334
2019-12-01,359.9883870967741,55.457741935483874,168.7883870967742,4294.290322580645,349.821935483871,694.8100000000001,10057.336129032255,1353.0496774193546,807.6770967741935,1451.555483870968,262.3393548387097,49.26516129032258,2169.9570967741934,1695.6158064516135,262.6935483870967,87.42387096774192,794.6006451612905,700.6016129032258
2020-01-01,505.9009677419356,123.56193548387097,163.35451612903225,4071.4609677419357,450.7451612903226,903.1409677419355,9875.43258064516,1214.1393548387098,878.930322580645,1710.254193548387,367.27129032258057,85.88645161290326,2098.835806451613,1700.33,788.225806451613,97.2316129032258,1035.4412903225807,1003.4932258064516
2020-02-01,997.1631034482758,223.33068965517242,184.6103448275862,4241.6637931034475,719.0034482758621,2279.0810344827587,9467.91896551724,1598.4155172413791,752.8486206896549,1929.5268965517241,684.1996551724137,123.57241379310344,2632.5806896551726,1819.194482758621,1342.8068965517245,181.7310344827586,1019.1975862068964,1702.6327586206899
2020-03-01,440.29935483870975,254.29161290322585,136.80129032258066,4263.838387096774,711.9206451612903,1311.354838709677,8294.053225806454,1429.2312903225804,659.1996774193548,1843.001935483871,597.8812903225808,75.30161290322579,2369.9461290322593,1701.836129032258,1794.9422580645166,218.54419354838703,724.5174193548387,1624.5703225806453
2020-04-01,214.881,201.01366666666667,121.18400000000001,3315.2483333333334,365.9663333333332,651.2706666666667,7341.220000000001,1159.2326666666668,289.56100000000004,995.3900000000001,318.868,41.02666666666667,1581.9429999999998,1410.3456666666666,1166.51,280.9776666666666,664.0513333333332,612.3736666666666
2020-05-01,166.37580645161285,117.00064516129034,134.08870967741933,3777.5229032258067,279.3703225806452,428.091935483871,6899.934838709677,749.5180645161288,382.53677419354835,749.1322580645161,232.63064516129032,33.60645161290322,1478.89064516129,1441.4119354838708,557.9658064516129,159.5341935483871,570.5383870967743,356.9325806451611
2020-06-01,231.00333333333342,71.907,194.00666666666666,3534.216333333333,245.10199999999995,360.41533333333325,7006.2006666666675,868.3756666666666,635.3736666666665,981.4366666666664,166.1893333333333,31.926666666666666,1650.8819999999998,1384.3010000000004,333.93333333333334,123.861,556.546,249.92333333333332
2020-07-01,176.25580645161287,40.25548387096775,182.99419354838716,3779.587419354838,282.7283870967742,272.9264519674193,6972.0816129032255,1033.2887096774195,680.6680645161291,1274.8709677419354,125.2916129032258,29.45967741935484,2036.1493548387098,1374.5987106225805,212.74193548387098,155.808064516129,549.0696774193549,194.9206451612903
2020-08-01,172.1861291403226,30.42516114032258,214.47774183645163,3762.4245057332255,272.43645179000004,241.84483985161287,8165.920028352259,1128.2525873396776,764.1241958522581,1074.5532228925806,95.43451697548387,33.16129054387097,2138.6177348477413,1340.911613218387,142.5725799080645,122.6074200535484,417.8916131787097,148.63967814741937
2020-09-01,98.72566706366665,12.478000100333334,137.66633351633334,4724.4230061846665,295.81466827466664,243.04566701233335,7780.598339844334,1485.1113321939997,987.7780019126669,1172.1750020346667,70.64233385766667,30.58866653333333,2406.884643555,1482.4903299956668,83.12600034099998,127.80066680899999,570.8953348803334,99.52866541533334
2020-10-01,142.36032252129033,32.58451594096774,154.08257958225806,4800.18483808,309.71935444516134,234.65193619258068,8492.214481478066,1493.2528981861292,920.2409633506453,1191.8180620751612,83.57193509935486,33.22193558032259,2416.957751861613,1531.2299962196773,143.63419416032258,99.38870891516126,410.11387437516134,131.11322489096776
2020-11-01,211.70666503966666,71.026666768,259.0866653433334,4123.672013346333,328.08966725600004,309.39166742899994,7813.772037762001,1524.6226643886664,1099.4663281753335,1241.8756703693332,113.80533383500003,61.26466623933332,2190.577994793666,1417.7909932453335,400.1336659743334,71.71333382966667,302.64766743966663,277.9420008336666
2020-12-01,316.40580847967743,88.16096841096773,198.697096302258,3431.6474215606454,379.96483882806456,1036.9045159125808,7591.406076739678,1255.694509199355,1206.7364482261287,1687.210976877742,211.34515971516132,102.68161312258066,1531.451614872258,1677.9596813567748,374.51613050967734,64.57645139419354,639.56806109,571.6864510812903
