Date,Effluent Flow (m^3/s)
1/1/2015,93
1/2/2015,247
1/3/2015,237
1/4/2015,93
1/5/2015,252
1/6/2015,254
1/7/2015,261
1/8/2015,253
1/9/2015,258
1/10/2015,208
1/11/2015,129
1/12/2015,304
1/13/2015,385
1/14/2015,335
1/15/2015,327
1/16/2015,386
1/17/2015,326
1/18/2015,148
1/19/2015,423
1/20/2015,382
1/21/2015,432
1/22/2015,375
1/23/2015,365
1/24/2015,304
1/25/2015,82
1/26/2015,386
1/27/2015,359
1/28/2015,381
1/29/2015,358
1/30/2015,328
1/31/2015,260
2/1/2015,94
2/2/2015,331
2/3/2015,245
2/4/2015,314
2/5/2015,290
2/6/2015,347
2/7/2015,357
2/8/2015,98
2/9/2015,304
2/10/2015,306
2/11/2015,307
2/12/2015,281
2/13/2015,303
2/14/2015,297
2/15/2015,103
2/16/2015,318
2/17/2015,103
2/18/2015,294
2/19/2015,315
2/20/2015,271
2/21/2015,222
2/22/2015,151
2/23/2015,359
2/24/2015,388
2/25/2015,345
2/26/2015,396
2/27/2015,405
2/28/2015,326
3/1/2015,165
3/2/2015,432
3/3/2015,424
3/4/2015,405
3/5/2015,386
3/6/2015,410
3/7/2015,204
3/8/2015,168
3/9/2015,285
3/10/2015,697
3/11/2015,674
3/12/2015,662
3/13/2015,629
3/14/2015,600
3/15/2015,399
3/16/2015,503
3/17/2015,537
3/18/2015,582
3/19/2015,555
3/20/2015,610
3/21/2015,610
3/22/2015,604
3/23/2015,575
3/24/2015,549
3/25/2015,599
3/26/2015,684
3/27/2015,650
3/28/2015,506
3/29/2015,196
3/30/2015,578
3/31/2015,328
4/1/2015,455
4/2/2015,394
4/3/2015,167
4/4/2015,395
4/5/2015,178
4/6/2015,424
4/7/2015,399
4/8/2015,107
4/9/2015,157
4/10/2015,160
4/11/2015,157
4/12/2015,155
4/13/2015,154
4/14/2015,288
4/15/2015,292
4/16/2015,460
4/17/2015,304
4/18/2015,57
4/19/2015,156
4/20/2015,416
4/21/2015,55
4/22/2015,307
4/23/2015,337
4/24/2015,56
4/25/2015,61
4/26/2015,56
4/27/2015,96
4/28/2015,142
4/29/2015,237
4/30/2015,84
5/1/2015,75
5/2/2015,75
5/3/2015,75
5/4/2015,265
5/5/2015,75
5/6/2015,73
5/7/2015,73
5/8/2015,73
5/9/2015,73
5/10/2015,73
5/11/2015,74
5/12/2015,75
5/13/2015,74
5/14/2015,123
5/15/2015,144
5/16/2015,192
5/17/2015,172
5/18/2015,168
5/19/2015,200
5/20/2015,246
5/21/2015,205
5/22/2015,202
5/23/2015,100
5/24/2015,76
5/25/2015,242
5/26/2015,198
5/27/2015,164
5/28/2015,77
5/29/2015,79
5/30/2015,76
5/31/2015,139
6/1/2015,210
6/2/2015,230
6/3/2015,258
6/4/2015,125
6/5/2015,243
6/6/2015,221
6/7/2015,89
6/8/2015,190
6/9/2015,151
6/10/2015,187
6/11/2015,186
6/12/2015,185
6/13/2015,108
6/14/2015,93
6/15/2015,183
6/16/2015,181
6/17/2015,182
6/18/2015,185
6/19/2015,202
6/20/2015,78
6/21/2015,78
6/22/2015,194
6/23/2015,189
6/24/2015,183
6/25/2015,250
6/26/2015,167
6/27/2015,65
6/28/2015,90
6/29/2015,116
6/30/2015,115
7/1/2015,166
7/2/2015,179
7/3/2015,181
7/4/2015,76
7/5/2015,130
7/6/2015,357
7/7/2015,456
7/8/2015,346
7/9/2015,186
7/10/2015,328
7/11/2015,324
7/12/2015,141
7/13/2015,298
7/14/2015,391
7/15/2015,351
7/16/2015,343
7/17/2015,231
7/18/2015,237
7/19/2015,112
7/20/2015,254
7/21/2015,261
7/22/2015,253
7/23/2015,273
7/24/2015,217
7/25/2015,139
7/26/2015,130
7/27/2015,216
7/28/2015,231
7/29/2015,241
7/30/2015,160
7/31/2015,225
8/1/2015,142
8/2/2015,148
8/3/2015,241
8/4/2015,233
8/5/2015,248
8/6/2015,75
8/7/2015,232
8/8/2015,194
8/9/2015,169
8/10/2015,240
8/11/2015,243
8/12/2015,321
8/13/2015,281
8/14/2015,344
8/15/2015,136
8/16/2015,79
8/17/2015,276
8/18/2015,271
8/19/2015,234
8/20/2015,237
8/21/2015,272
8/22/2015,190
8/23/2015,64
8/24/2015,217
8/25/2015,263
8/26/2015,260
8/27/2015,269
8/28/2015,303
8/29/2015,199
8/30/2015,73
8/31/2015,286
9/1/2015,307
9/2/2015,313
9/3/2015,330
9/4/2015,344
9/5/2015,322
9/6/2015,146
9/7/2015,132
9/8/2015,252
9/9/2015,233
9/10/2015,356
9/11/2015,368
9/12/2015,333
9/13/2015,192
9/14/2015,416
9/15/2015,423
9/16/2015,433
9/17/2015,403
9/18/2015,374
9/19/2015,341
9/20/2015,179
9/21/2015,375
9/22/2015,340
9/23/2015,353
9/24/2015,369
9/25/2015,381
9/26/2015,375
9/27/2015,186
9/28/2015,339
9/29/2015,365
9/30/2015,371
10/1/2015,542
10/2/2015,488
10/3/2015,601
10/4/2015,136
10/5/2015,602
10/6/2015,635
10/7/2015,613
10/8/2015,628
10/9/2015,616
10/10/2015,254
10/11/2015,138
10/12/2015,401
10/13/2015,575
10/14/2015,549
10/15/2015,518
10/16/2015,450
10/17/2015,405
10/18/2015,140
10/19/2015,291
10/20/2015,421
10/21/2015,431
10/22/2015,465
10/23/2015,470
10/24/2015,216
10/25/2015,128
10/26/2015,387
10/27/2015,401
10/28/2015,365
10/29/2015,379
10/30/2015,293
10/31/2015,368
11/1/2015,118
11/2/2015,168
11/3/2015,294
11/4/2015,273
11/5/2015,314
11/6/2015,276
11/7/2015,284
11/8/2015,230
11/9/2015,268
11/10/2015,324
11/11/2015,290
11/12/2015,294
11/13/2015,371
11/14/2015,341
11/15/2015,211
11/16/2015,350
11/17/2015,407
11/18/2015,482
11/19/2015,529
11/20/2015,450
11/21/2015,327
11/22/2015,97
11/23/2015,381
11/24/2015,493
11/25/2015,433
11/26/2015,682
11/27/2015,702
11/28/2015,665
11/29/2015,707
11/30/2015,732
12/1/2015,673
12/2/2015,745
12/3/2015,624
12/4/2015,645
12/5/2015,735
12/6/2015,776
12/7/2015,772
12/8/2015,763
12/9/2015,757
12/10/2015,756
12/11/2015,753
12/12/2015,756
12/13/2015,677
12/14/2015,657
12/15/2015,674
12/16/2015,659
12/17/2015,587
12/18/2015,607
12/19/2015,636
12/20/2015,267
12/21/2015,458
12/22/2015,467
12/23/2015,443
12/24/2015,151
12/25/2015,131
12/26/2015,415
12/27/2015,229
12/28/2015,639
12/29/2015,780
12/30/2015,890
12/31/2015,1135
1/1/2016,1087
1/2/2016,1073
1/3/2016,1092
1/4/2016,1249
1/5/2016,1244
1/6/2016,1194
1/7/2016,961
1/8/2016,976
1/9/2016,1236
1/10/2016,1131
1/11/2016,967
1/12/2016,962
1/13/2016,1554.1
1/14/2016,1993
1/15/2016,2218
1/16/2016,2844
1/17/2016,2706
1/18/2016,2410
1/19/2016,1951
1/20/2016,1553
1/21/2016,1259
1/22/2016,1258
1/23/2016,1194
1/24/2016,994
1/25/2016,979
1/26/2016,806
1/27/2016,904
1/28/2016,513
1/29/2016,519
1/30/2016,354
1/31/2016,406
2/1/2016,277
2/2/2016,257
2/3/2016,168
2/4/2016,154
2/5/2016,145
2/6/2016,98
2/7/2016,101
2/8/2016,98
2/9/2016,208
2/10/2016,440
2/11/2016,513
2/12/2016,479
2/13/2016,502
2/14/2016,301
2/15/2016,535
2/16/2016,546
2/17/2016,546
2/18/2016,548
2/19/2016,548
2/20/2016,520
2/21/2016,538
2/22/2016,855
2/23/2016,1146
2/24/2016,1173
2/25/2016,1149
2/26/2016,970
2/27/2016,853
2/28/2016,800
2/29/2016,882
3/1/2016,906
3/2/2016,895
3/3/2016,1075
3/4/2016,930
3/5/2016,926
3/6/2016,897
3/7/2016,1075
3/8/2016,990
3/9/2016,770
3/10/2016,707
3/11/2016,934
3/12/2016,946.35
3/13/2016,1272
3/14/2016,1179.78
3/15/2016,1257
3/16/2016,1358
3/17/2016,1260
3/18/2016,998
3/19/2016,824
3/20/2016,770
3/21/2016,623
3/22/2016,531
3/23/2016,500
3/24/2016,416
3/25/2016,510
3/26/2016,512
3/27/2016,511
3/28/2016,508
3/29/2016,572
3/30/2016,581
3/31/2016,549
4/1/2016,536
4/2/2016,407
4/3/2016,314
4/4/2016,434.95
4/5/2016,434
4/6/2016,418
4/7/2016,420
4/8/2016,420
4/9/2016,391
4/10/2016,239
4/11/2016,401
4/12/2016,400
4/13/2016,327
4/14/2016,322
4/15/2016,360
4/16/2016,369.06
4/17/2016,163
4/18/2016,336
4/19/2016,336
4/20/2016,279
4/21/2016,98.83
4/22/2016,320
4/23/2016,348
4/24/2016,101.17
4/25/2016,319
4/26/2016,321
4/27/2016,343
4/28/2016,322
4/29/2016,346
4/30/2016,373
5/1/2016,136
5/2/2016,357
5/3/2016,356
5/4/2016,325
5/5/2016,323
5/6/2016,320
5/7/2016,305
5/8/2016,119
5/9/2016,298
5/10/2016,336
5/11/2016,359
5/12/2016,348
5/13/2016,334.88
5/14/2016,99.55
5/15/2016,343
5/16/2016,320
5/17/2016,334
5/18/2016,198
5/19/2016,171
5/20/2016,179
5/21/2016,219
5/22/2016,57.37
5/23/2016,230
5/24/2016,313
5/25/2016,315
5/26/2016,89
5/27/2016,314
5/28/2016,316
5/29/2016,57
5/30/2016,359
5/31/2016,344
6/1/2016,421
6/2/2016,410
6/3/2016,810
6/4/2016,1010
6/5/2016,1052
6/6/2016,1873
6/7/2016,2176
6/8/2016,2164
6/9/2016,2158
6/10/2016,1966
6/11/2016,1261
6/12/2016,537
6/13/2016,530
6/14/2016,436
6/15/2016,387
6/16/2016,529
6/17/2016,605
6/18/2016,391
6/19/2016,287.76
6/20/2016,393
6/21/2016,444
6/22/2016,489
6/23/2016,417
6/24/2016,483
6/25/2016,484
6/26/2016,254
6/27/2016,361
6/28/2016,379
6/29/2016,350
6/30/2016,366
7/1/2016,363
7/2/2016,230
7/3/2016,167
7/4/2016,366
7/5/2016,498
7/6/2016,380
7/7/2016,397
7/8/2016,401
7/9/2016,362
7/10/2016,224
7/11/2016,413
7/12/2016,477
7/13/2016,492
7/14/2016,414
7/15/2016,390
7/16/2016,400
7/17/2016,149
7/18/2016,362
7/19/2016,362
7/20/2016,320
7/21/2016,331
7/22/2016,350
7/23/2016,332
7/24/2016,317
7/25/2016,328.14
7/26/2016,316
7/27/2016,348
7/28/2016,330
7/29/2016,331
7/30/2016,327
7/31/2016,328
8/1/2016,390
8/2/2016,361
8/3/2016,377
8/4/2016,375
8/5/2016,385
8/6/2016,388
8/7/2016,236
8/8/2016,361
8/9/2016,412
8/10/2016,339
8/11/2016,352
8/12/2016,339
8/13/2016,341
8/14/2016,235
8/15/2016,409
8/16/2016,411
8/17/2016,375
8/18/2016,339
8/19/2016,324
8/20/2016,252
8/21/2016,257
8/22/2016,339
8/23/2016,390
8/24/2016,331
8/25/2016,303
8/26/2016,369
8/27/2016,365
8/28/2016,270
8/29/2016,371
8/30/2016,418.72
8/31/2016,332
9/1/2016,391
9/2/2016,393
9/3/2016,382
9/4/2016,249
9/5/2016,383
9/6/2016,378
9/7/2016,385
9/8/2016,371
9/9/2016,387
9/10/2016,389
9/11/2016,241
9/12/2016,378
9/13/2016,355
9/14/2016,409
9/15/2016,456
9/16/2016,376
9/17/2016,346
9/18/2016,257
9/19/2016,349
9/20/2016,426
9/21/2016,278
9/22/2016,267
9/23/2016,283
9/24/2016,296
9/25/2016,175
9/26/2016,264
9/27/2016,402
9/28/2016,404
9/29/2016,420
9/30/2016,418
10/1/2016,285
10/2/2016,223
10/3/2016,341
10/4/2016,390
10/5/2016,415
10/6/2016,280
10/7/2016,232
10/8/2016,295
10/9/2016,200
10/10/2016,285
10/11/2016,296
10/12/2016,220
10/13/2016,313
10/14/2016,298
10/15/2016,272
10/16/2016,157.06
10/17/2016,311
10/18/2016,405
10/19/2016,459.27
10/20/2016,409
10/21/2016,396
10/22/2016,318.12
10/23/2016,230
10/24/2016,409
10/25/2016,380
10/26/2016,384
10/27/2016,323
10/28/2016,352
10/29/2016,315
10/30/2016,264
10/31/2016,397
11/1/2016,390
11/2/2016,293
11/3/2016,376
11/4/2016,377
11/5/2016,202
11/6/2016,196
11/7/2016,357
11/8/2016,334
11/9/2016,400
11/10/2016,541
11/11/2016,451
11/12/2016,493
11/13/2016,462
11/14/2016,480
11/15/2016,488
11/16/2016,484
11/17/2016,510
11/18/2016,537
11/19/2016,414
11/20/2016,320
11/21/2016,444
11/22/2016,458
11/23/2016,474
11/24/2016,475
11/25/2016,445
11/26/2016,404
11/27/2016,302
11/28/2016,449
11/29/2016,458
11/30/2016,442
12/1/2016,375
12/2/2016,387
12/3/2016,287
12/4/2016,254
12/5/2016,454
12/6/2016,443
12/7/2016,346
12/8/2016,376
12/9/2016,440
12/10/2016,385
12/11/2016,382
12/12/2016,385
12/13/2016,406
12/14/2016,418
12/15/2016,375
12/16/2016,378.96
12/17/2016,412.46
12/18/2016,333.45
12/19/2016,451
12/20/2016,382
12/21/2016,380
12/22/2016,487
12/23/2016,482
12/24/2016,475
12/25/2016,267
12/26/2016,385
12/27/2016,441
12/28/2016,458.43
12/29/2016,456
12/30/2016,442
12/31/2016,343
1/1/2017,262
1/2/2017,442
1/3/2017,416
1/4/2017,356
1/5/2017,360
1/6/2017,396
1/7/2017,373
1/8/2017,210
1/9/2017,377
1/10/2017,316
1/11/2017,307
1/12/2017,334
1/13/2017,411
1/14/2017,446
1/15/2017,305
1/16/2017,473
1/17/2017,466
1/18/2017,475
1/19/2017,405
1/20/2017,654
1/21/2017,1026
1/22/2017,1218
1/23/2017,1204
1/24/2017,1150
1/25/2017,1085
1/26/2017,956
1/27/2017,854
1/28/2017,802
1/29/2017,789
1/30/2017,712
1/31/2017,546
2/1/2017,461
2/2/2017,464
2/3/2017,866
2/4/2017,972
2/5/2017,861
2/6/2017,833
2/7/2017,699
2/8/2017,587
2/9/2017,558
2/10/2017,515
2/11/2017,517
2/12/2017,515
2/13/2017,456
2/14/2017,414
2/15/2017,436
2/16/2017,368
2/17/2017,380
2/18/2017,338
2/19/2017,240
2/20/2017,380
2/21/2017,292
2/22/2017,286
2/23/2017,276
2/24/2017,353
2/25/2017,264
2/26/2017,265
2/27/2017,248
2/28/2017,201
3/1/2017,324
3/2/2017,365
3/3/2017,363
3/4/2017,351
3/5/2017,264
3/6/2017,536
3/7/2017,780
3/8/2017,940
3/9/2017,891
3/10/2017,827
3/11/2017,786
3/12/2017,722
3/13/2017,666
3/14/2017,507
3/15/2017,354
3/16/2017,473
3/17/2017,372
3/18/2017,359
3/19/2017,389
3/20/2017,424
3/21/2017,472
3/22/2017,485
3/23/2017,457
3/24/2017,452
3/25/2017,387
3/26/2017,193
3/27/2017,392
3/28/2017,397
3/29/2017,416
3/30/2017,338
3/31/2017,372
4/1/2017,351
4/2/2017,166
4/3/2017,326
4/4/2017,338
4/5/2017,345
4/6/2017,327
4/7/2017,320
4/8/2017,102
4/9/2017,182
4/10/2017,447
4/11/2017,434
4/12/2017,434
4/13/2017,430
4/14/2017,168
4/15/2017,355
4/16/2017,155
4/17/2017,342
4/18/2017,353
4/19/2017,378
4/20/2017,365
4/21/2017,174
4/22/2017,342
4/23/2017,197
4/24/2017,351
4/25/2017,362
4/26/2017,385
4/27/2017,395
4/28/2017,392
4/29/2017,424
4/30/2017,245
5/1/2017,279
5/2/2017,401
5/3/2017,338
5/4/2017,418
5/5/2017,448
5/6/2017,363
5/7/2017,421
5/8/2017,696
5/9/2017,584
5/10/2017,517
5/11/2017,433
5/12/2017,455
5/13/2017,387
5/14/2017,221
5/15/2017,353
5/16/2017,376
5/17/2017,387
5/18/2017,421
5/19/2017,440
5/20/2017,793
5/21/2017,1599
5/22/2017,1783
5/23/2017,1582
5/24/2017,1463
5/25/2017,1008
5/26/2017,728
5/27/2017,579
5/28/2017,519
5/29/2017,513
5/30/2017,391
5/31/2017,343
6/1/2017,351
6/2/2017,333
6/3/2017,328
6/4/2017,234
6/5/2017,374
6/6/2017,608
6/7/2017,892
6/8/2017,961
6/9/2017,1064
6/10/2017,1020
6/11/2017,667
6/12/2017,333
6/13/2017,377
6/14/2017,664
6/15/2017,712
6/16/2017,698
6/17/2017,536
6/18/2017,314
6/19/2017,349
6/20/2017,375
6/21/2017,338
6/22/2017,366
6/23/2017,369
6/24/2017,287
6/25/2017,216
6/26/2017,241
6/27/2017,266
6/28/2017,302
6/29/2017,336
6/30/2017,338
7/1/2017,190
7/2/2017,224
7/3/2017,291
7/4/2017,361
7/5/2017,291
7/6/2017,360
7/7/2017,374
7/8/2017,261
7/9/2017,214
7/10/2017,370
7/11/2017,287
7/12/2017,349
7/13/2017,357
7/14/2017,369
7/15/2017,218
7/16/2017,221
7/17/2017,391
7/18/2017,374
7/19/2017,383
7/20/2017,405
7/21/2017,488
7/22/2017,499
7/23/2017,278
7/24/2017,431
7/25/2017,514
7/26/2017,514
7/27/2017,421
7/28/2017,482
7/29/2017,263
7/30/2017,192
7/31/2017,408
8/1/2017,425
8/2/2017,326
8/3/2017,332
8/4/2017,420
8/5/2017,381
8/6/2017,215
8/7/2017,322
8/8/2017,357
8/9/2017,409
8/10/2017,370
8/11/2017,371
8/12/2017,360
8/13/2017,181
8/14/2017,349
8/15/2017,357
8/16/2017,394
8/17/2017,356
8/18/2017,388
8/19/2017,340
8/20/2017,252
8/21/2017,311
8/22/2017,367
8/23/2017,370
8/24/2017,335
8/25/2017,372
8/26/2017,367
8/27/2017,356
8/28/2017,433
8/29/2017,534
8/30/2017,430
8/31/2017,214
9/1/2017,287
9/2/2017,318
9/3/2017,182
9/4/2017,393
9/5/2017,414
9/6/2017,448
9/7/2017,286
9/8/2017,412
9/9/2017,398
9/10/2017,276
9/11/2017,394
9/12/2017,407
9/13/2017,395
9/14/2017,398
9/15/2017,414
9/16/2017,394
9/17/2017,230
9/18/2017,410
9/19/2017,390
9/20/2017,536
9/21/2017,437
9/22/2017,420
9/23/2017,418
9/24/2017,246
9/25/2017,417
9/26/2017,412
9/27/2017,429
9/28/2017,408
9/29/2017,406
9/30/2017,424
10/1/2017,244
10/2/2017,415
10/3/2017,301
10/4/2017,354
10/5/2017,327
10/6/2017,315
10/7/2017,280
10/8/2017,157
10/9/2017,280
10/10/2017,269
10/11/2017,346
10/12/2017,103
10/13/2017,328
10/14/2017,300
10/15/2017,132
10/16/2017,329
10/17/2017,314
10/18/2017,308
10/19/2017,306
10/20/2017,300
10/21/2017,228
10/22/2017,93
10/23/2017,212
10/24/2017,90
10/25/2017,60
10/26/2017,89
10/27/2017,133
10/28/2017,132
10/29/2017,146
10/30/2017,226
10/31/2017,414
11/1/2017,421
11/2/2017,145
11/3/2017,276
11/4/2017,329
11/5/2017,130
11/6/2017,460
11/7/2017,347
11/8/2017,398
11/9/2017,437
11/10/2017,433
11/11/2017,414
11/12/2017,206
11/13/2017,411
11/14/2017,426
11/15/2017,236
11/16/2017,425
11/17/2017,445
11/18/2017,273
11/19/2017,250
11/20/2017,304
11/21/2017,416
11/22/2017,515
11/23/2017,460
11/24/2017,429
11/25/2017,434
11/26/2017,204
11/27/2017,285
11/28/2017,519
11/29/2017,501
11/30/2017,478
12/1/2017,509
12/2/2017,407
12/3/2017,236
12/4/2017,524
12/5/2017,494
12/6/2017,508
12/7/2017,355
12/8/2017,252
12/9/2017,233
12/10/2017,120
12/11/2017,264
12/12/2017,283
12/13/2017,280
12/14/2017,254
12/15/2017,305
12/16/2017,271
12/17/2017,139
12/18/2017,228
12/19/2017,219
12/20/2017,116
12/21/2017,158
12/22/2017,260
12/23/2017,160
12/24/2017,202
12/25/2017,188
12/26/2017,274
12/27/2017,306
12/28/2017,187
12/29/2017,315
12/30/2017,207
12/31/2017,148
1/1/2018,189
1/2/2018,349
1/3/2018,540
1/4/2018,542
1/5/2018,525
1/6/2018,374
1/7/2018,293
1/8/2018,537
1/9/2018,558
1/10/2018,546
1/11/2018,480
1/12/2018,485
1/13/2018,477
1/14/2018,355
1/15/2018,509
1/16/2018,521
1/17/2018,540
1/18/2018,504
1/19/2018,548
1/20/2018,504
1/21/2018,329
1/22/2018,476
1/23/2018,499
1/24/2018,524
1/25/2018,507
1/26/2018,506
1/27/2018,369
1/28/2018,247
1/29/2018,436
1/30/2018,489
1/31/2018,483
2/1/2018,450
2/2/2018,453
2/3/2018,592
2/4/2018,280
2/5/2018,453
2/6/2018,471
2/7/2018,380
2/8/2018,382
2/9/2018,389
2/10/2018,337
2/11/2018,215
2/12/2018,212
2/13/2018,210
2/14/2018,298
2/15/2018,281
2/16/2018,317
2/17/2018,302
2/18/2018,265
2/19/2018,321
2/20/2018,303
2/21/2018,371
2/22/2018,358
2/23/2018,307
2/24/2018,310
2/25/2018,108
2/26/2018,308
2/27/2018,220
2/28/2018,241
3/1/2018,344
3/2/2018,294
3/3/2018,139
3/4/2018,281
3/5/2018,371
3/6/2018,286
3/7/2018,311
3/8/2018,276
3/9/2018,263
3/10/2018,126
3/11/2018,105
3/12/2018,287
3/13/2018,297
3/14/2018,267
3/15/2018,327
3/16/2018,325
3/17/2018,183
3/18/2018,116
3/19/2018,295
3/20/2018,355
3/21/2018,371
3/22/2018,338
3/23/2018,317
3/24/2018,331
3/25/2018,144
3/26/2018,353
3/27/2018,262
3/28/2018,283
3/29/2018,358
3/30/2018,102
3/31/2018,207
4/1/2018,457
4/2/2018,582
4/3/2018,622
4/4/2018,572
4/5/2018,537
4/6/2018,498
4/7/2018,374
4/8/2018,161
4/9/2018,408
4/10/2018,413
4/11/2018,377
4/12/2018,356
4/13/2018,344
4/14/2018,85
4/15/2018,82
4/16/2018,307
4/17/2018,336
4/18/2018,341
4/19/2018,286
4/20/2018,387
4/21/2018,171
4/22/2018,118
4/23/2018,320
4/24/2018,342
4/25/2018,310
4/26/2018,328
4/27/2018,155
4/28/2018,167
4/29/2018,104
4/30/2018,324
5/1/2018,105
5/2/2018,277
5/3/2018,289
5/4/2018,219
5/5/2018,208
5/6/2018,106
5/7/2018,206
5/8/2018,241
5/9/2018,227
5/10/2018,204
5/11/2018,225
5/12/2018,222
5/13/2018,103
5/14/2018,228
5/15/2018,228
5/16/2018,225
5/17/2018,196
5/18/2018,225
5/19/2018,222
5/20/2018,103
5/21/2018,103
5/22/2018,146
5/23/2018,146
5/24/2018,163
5/25/2018,202
5/26/2018,197
5/27/2018,126
5/28/2018,200
5/29/2018,186
5/30/2018,206
5/31/2018,129
6/1/2018,200
6/2/2018,130
6/3/2018,128
6/4/2018,201
6/5/2018,211
6/6/2018,209
6/7/2018,204
6/8/2018,208
6/9/2018,203
6/10/2018,109
6/11/2018,212
6/12/2018,176
6/13/2018,183
6/14/2018,195
6/15/2018,190
6/16/2018,194
6/17/2018,142
6/18/2018,181
6/19/2018,188
6/20/2018,183
6/21/2018,183
6/22/2018,159
6/23/2018,177
6/24/2018,111
6/25/2018,193
6/26/2018,155
6/27/2018,160
6/28/2018,157
6/29/2018,153
6/30/2018,153
7/1/2018,103
7/2/2018,128
7/3/2018,150
7/4/2018,157
7/5/2018,157
7/6/2018,176
7/7/2018,151
7/8/2018,107
7/9/2018,165
7/10/2018,165
7/11/2018,159
7/12/2018,160
7/13/2018,162
7/14/2018,173
7/15/2018,127
7/16/2018,151
7/17/2018,231
7/18/2018,234
7/19/2018,207
7/20/2018,157
7/21/2018,171
7/22/2018,106
7/23/2018,163
7/24/2018,232
7/25/2018,176
7/26/2018,138
7/27/2018,154
7/28/2018,165
7/29/2018,107
7/30/2018,153
7/31/2018,156
8/1/2018,158
8/2/2018,164
8/3/2018,155
8/4/2018,152
8/5/2018,101
8/6/2018,136
8/7/2018,215
8/8/2018,222
8/9/2018,214
8/10/2018,225
8/11/2018,226
8/12/2018,191
8/13/2018,227
8/14/2018,228
8/15/2018,212
8/16/2018,213
8/17/2018,212
8/18/2018,211
8/19/2018,139
8/20/2018,220
8/21/2018,235
8/22/2018,353
8/23/2018,379
8/24/2018,336
8/25/2018,242
8/26/2018,153
8/27/2018,233
8/28/2018,233
8/29/2018,241
8/30/2018,268
8/31/2018,269
9/1/2018,233
9/2/2018,121
9/3/2018,261
9/4/2018,262
9/5/2018,225
9/6/2018,207
9/7/2018,168
9/8/2018,104
9/9/2018,104
9/10/2018,270
9/11/2018,268
9/12/2018,265
9/13/2018,152
9/14/2018,267
9/15/2018,152
9/16/2018,171
9/17/2018,181
9/18/2018,189
9/19/2018,152
9/20/2018,296
9/21/2018,295
9/22/2018,161
9/23/2018,153
9/24/2018,269
9/25/2018,304
9/26/2018,210
9/27/2018,356
9/28/2018,402
9/29/2018,393
9/30/2018,242
10/1/2018,347
10/2/2018,367
10/3/2018,417
10/4/2018,252
10/5/2018,399
10/6/2018,312
10/7/2018,284
10/8/2018,322
10/9/2018,344
10/10/2018,278
10/11/2018,469
10/12/2018,311
10/13/2018,395
10/14/2018,377
10/15/2018,449
10/16/2018,512
10/17/2018,517
10/18/2018,581
10/19/2018,581
10/20/2018,511
10/21/2018,337
10/22/2018,534
10/23/2018,513
10/24/2018,481
10/25/2018,513
10/26/2018,446
10/27/2018,518
10/28/2018,401
10/29/2018,511
10/30/2018,518
10/31/2018,474
11/1/2018,326
11/2/2018,118
11/3/2018,310
11/4/2018,270
11/5/2018,508
11/6/2018,353
11/7/2018,367
11/8/2018,360
11/9/2018,295
11/10/2018,257
11/11/2018,212
11/12/2018,356
11/13/2018,237
11/14/2018,180
11/15/2018,130
11/16/2018,196
11/17/2018,159
11/18/2018,64
11/19/2018,98
11/20/2018,155
11/21/2018,217
11/22/2018,220
11/23/2018,228
11/24/2018,328
11/25/2018,180
11/26/2018,309
11/27/2018,484
11/28/2018,433
11/29/2018,499
11/30/2018,524
12/1/2018,513
12/2/2018,379
12/3/2018,603
12/4/2018,518
12/5/2018,548
12/6/2018,587
12/7/2018,535
12/8/2018,487
12/9/2018,336
12/10/2018,608
12/11/2018,583
12/12/2018,578
12/13/2018,581
12/14/2018,653
12/15/2018,237
12/16/2018,263
12/17/2018,582
12/18/2018,561
12/19/2018,384
12/20/2018,382
12/21/2018,482
12/22/2018,431
12/23/2018,350
12/24/2018,395
12/25/2018,317
12/26/2018,566
12/27/2018,560
12/28/2018,512
12/29/2018,364
12/30/2018,169
12/31/2018,398
1/1/2019,282
1/2/2019,390
1/3/2019,132
1/4/2019,391
1/5/2019,207
1/6/2019,153
1/7/2019,269
1/8/2019,413
1/9/2019,388
1/10/2019,433
1/11/2019,458
1/12/2019,462
1/13/2019,459
1/14/2019,517
1/15/2019,484
1/16/2019,498
1/17/2019,488
1/18/2019,483
1/19/2019,453
1/20/2019,360
1/21/2019,684
1/22/2019,495
1/23/2019,495
1/24/2019,508
1/25/2019,417
1/26/2019,369
1/27/2019,201
1/28/2019,522
1/29/2019,373
1/30/2019,368
1/31/2019,403
2/1/2019,389
2/2/2019,393
2/3/2019,283
2/4/2019,386
2/5/2019,262
2/6/2019,255
2/7/2019,265
2/8/2019,254
2/9/2019,395
2/10/2019,153
2/11/2019,285
2/12/2019,570
2/13/2019,570
2/14/2019,451
2/15/2019,452
2/16/2019,350
2/17/2019,205
2/18/2019,635
2/19/2019,643
2/20/2019,625
2/21/2019,684
2/22/2019,586
2/23/2019,472
2/24/2019,401
2/25/2019,497
2/26/2019,553
2/27/2019,705
2/28/2019,676
3/1/2019,670
3/2/2019,588
3/3/2019,512
3/4/2019,606
3/5/2019,651
3/6/2019,652
3/7/2019,655
3/8/2019,657
3/9/2019,620
3/10/2019,445
3/11/2019,475
3/12/2019,537
3/13/2019,512
3/14/2019,510
3/15/2019,509
3/16/2019,377
3/17/2019,323
3/18/2019,534
3/19/2019,472
3/20/2019,452
3/21/2019,463
3/22/2019,461
3/23/2019,422
3/24/2019,449
3/25/2019,515
3/26/2019,517
3/27/2019,517
3/28/2019,516
3/29/2019,516
3/30/2019,378
3/31/2019,246
4/1/2019,375
4/2/2019,389
4/3/2019,388
4/4/2019,386
4/5/2019,396
4/6/2019,468
4/7/2019,141
4/8/2019,323
4/9/2019,429
4/10/2019,514
4/11/2019,515
4/12/2019,516
4/13/2019,512
4/14/2019,313
4/15/2019,573
4/16/2019,641
4/17/2019,694
4/18/2019,658
4/19/2019,503
4/20/2019,510
4/21/2019,427
4/22/2019,563
4/23/2019,611
4/24/2019,582
4/25/2019,579
4/26/2019,574
4/27/2019,477
4/28/2019,317
4/29/2019,589
4/30/2019,506
5/1/2019,216
5/2/2019,204
5/3/2019,205
5/4/2019,240
5/5/2019,175
5/6/2019,315
5/7/2019,277
5/8/2019,251
5/9/2019,240
5/10/2019,298
5/11/2019,200
5/12/2019,100
5/13/2019,232
5/14/2019,274
5/15/2019,309
5/16/2019,249
5/17/2019,161
5/18/2019,157
5/19/2019,116
5/20/2019,203
5/21/2019,301
5/22/2019,340
5/23/2019,329
5/24/2019,132
5/25/2019,275
5/26/2019,161
5/27/2019,127
5/28/2019,135
5/29/2019,133
5/30/2019,125
5/31/2019,408
6/1/2019,112
6/2/2019,153
6/3/2019,185
6/4/2019,323
6/5/2019,323
6/6/2019,308
6/7/2019,304
6/8/2019,220
6/9/2019,120
6/10/2019,370
6/11/2019,412
6/12/2019,369
6/13/2019,199
6/14/2019,339
6/15/2019,285
6/16/2019,276
6/17/2019,337
6/18/2019,284
6/19/2019,248
6/20/2019,152
6/21/2019,120
6/22/2019,276
6/23/2019,152
6/24/2019,407
6/25/2019,353
6/26/2019,344
6/27/2019,345
6/28/2019,310
6/29/2019,243
6/30/2019,135
7/1/2019,314
7/2/2019,314
7/3/2019,334
7/4/2019,332
7/5/2019,322
7/6/2019,317
7/7/2019,163
7/8/2019,302
7/9/2019,450
7/10/2019,417
7/11/2019,323
7/12/2019,356
7/13/2019,251
7/14/2019,252
7/15/2019,379
7/16/2019,372
7/17/2019,383
7/18/2019,373
7/19/2019,379
7/20/2019,398
7/21/2019,296
7/22/2019,450
7/23/2019,412
7/24/2019,385
7/25/2019,377
7/26/2019,384
7/27/2019,441
7/28/2019,220
7/29/2019,344
7/30/2019,370
7/31/2019,375
8/1/2019,341
8/2/2019,394
8/3/2019,415
8/4/2019,272
8/5/2019,441
8/6/2019,369
8/7/2019,422
8/8/2019,333
8/9/2019,339
8/10/2019,236
8/11/2019,288
8/12/2019,305
8/13/2019,319
8/14/2019,295
8/15/2019,435
8/16/2019,297
8/17/2019,304
8/18/2019,233
8/19/2019,303
8/20/2019,303
8/21/2019,298
8/22/2019,304
8/23/2019,302
8/24/2019,298
8/25/2019,225
8/26/2019,334
8/27/2019,322
8/28/2019,398
8/29/2019,325
8/30/2019,308
8/31/2019,308
9/1/2019,170
9/2/2019,265
9/3/2019,291
9/4/2019,304
9/5/2019,351
9/6/2019,157
9/7/2019,108
9/8/2019,106
9/9/2019,269
9/10/2019,390
9/11/2019,444
9/12/2019,454
9/13/2019,483
9/14/2019,372
9/15/2019,184
9/16/2019,380
9/17/2019,399
9/18/2019,367
9/19/2019,412
9/20/2019,358
9/21/2019,364
9/22/2019,149
9/23/2019,326
9/24/2019,307
9/25/2019,296
9/26/2019,300
9/27/2019,356
9/28/2019,370
9/29/2019,155
9/30/2019,368
10/1/2019,365
10/2/2019,436
10/3/2019,301
10/4/2019,312
10/5/2019,200
10/6/2019,124
10/7/2019,297
10/8/2019,356
10/9/2019,288
10/10/2019,390
10/11/2019,276
10/12/2019,270
10/13/2019,108
10/14/2019,348
10/15/2019,230
10/16/2019,235
10/17/2019,337
10/18/2019,372
10/19/2019,204
10/20/2019,79
10/21/2019,239
10/22/2019,521
10/23/2019,107
10/24/2019,65
10/25/2019,62
10/26/2019,59
10/27/2019,59
10/28/2019,86
10/29/2019,101
10/30/2019,131
10/31/2019,108
11/1/2019,157
11/2/2019,116
11/3/2019,109
11/4/2019,174
11/5/2019,113
11/6/2019,110
11/7/2019,104
11/8/2019,119
11/9/2019,118
11/10/2019,88
11/11/2019,261
11/12/2019,118
11/13/2019,302
11/14/2019,297
11/15/2019,40
11/16/2019,20
11/17/2019,122
11/18/2019,274
11/19/2019,418
11/20/2019,423
11/21/2019,412
11/22/2019,416
11/23/2019,193
11/24/2019,76
11/25/2019,395
11/26/2019,290
11/27/2019,299
11/28/2019,310
11/29/2019,297
11/30/2019,286
12/1/2019,17
12/2/2019,323
12/3/2019,339
12/4/2019,363
12/5/2019,389
12/6/2019,510
12/7/2019,118
12/8/2019,52
12/9/2019,363
12/10/2019,462
12/11/2019,460
12/12/2019,455
12/13/2019,473
12/14/2019,444
12/15/2019,206
12/16/2019,435
12/17/2019,462
12/18/2019,458
12/19/2019,460
12/20/2019,523
12/21/2019,136
12/22/2019,307
12/23/2019,524
12/24/2019,432
12/25/2019,370
12/26/2019,534
12/27/2019,323
12/28/2019,375
12/29/2019,299
12/30/2019,345
12/31/2019,148
1/1/2020,395
1/2/2020,402
1/3/2020,334
1/4/2020,347
1/5/2020,214
1/6/2020,388
1/7/2020,405
1/8/2020,458
1/9/2020,465
1/10/2020,400
1/11/2020,460
1/12/2020,484
1/13/2020,565
1/14/2020,494
1/15/2020,534
1/16/2020,525
1/17/2020,570
1/18/2020,497
1/19/2020,358
1/20/2020,594
1/21/2020,439
1/22/2020,428
1/23/2020,394
1/24/2020,463
1/25/2020,419
1/26/2020,306
1/27/2020,556
1/28/2020,409
1/29/2020,394
1/30/2020,355
1/31/2020,413
2/1/2020,406
2/2/2020,152
2/3/2020,491
2/4/2020,542
2/5/2020,525
2/6/2020,617
2/7/2020,496
2/8/2020,512
2/9/2020,421
2/10/2020,830
2/11/2020,1835
2/12/2020,1915
2/13/2020,1631
2/14/2020,1219
2/15/2020,833
2/16/2020,648
2/17/2020,515
2/18/2020,446
2/19/2020,588
2/20/2020,598
2/21/2020,642
2/22/2020,623
2/23/2020,519
2/24/2020,622
2/25/2020,551
2/26/2020,675
2/27/2020,564
2/28/2020,730
2/29/2020,862
3/1/2020,872
3/2/2020,813
3/3/2020,715
3/4/2020,544
3/5/2020,545
3/6/2020,533
3/7/2020,264
3/8/2020,225
3/9/2020,433
3/10/2020,390
3/11/2020,395
3/12/2020,496
3/13/2020,463
3/14/2020,363
3/15/2020,224
3/16/2020,465
3/17/2020,595
3/18/2020,514
3/19/2020,479
3/20/2020,327
3/21/2020,185
3/22/2020,72
3/23/2020,146
3/24/2020,115
3/25/2020,229
3/26/2020,273
3/27/2020,286
3/28/2020,299
3/29/2020,159
3/30/2020,308
3/31/2020,287
4/1/2020,285
4/2/2020,300
4/3/2020,278
4/4/2020,232
4/5/2020,169
4/6/2020,248
4/7/2020,245
4/8/2020,263
4/9/2020,182
4/10/2020,98
4/11/2020,147
4/12/2020,127
4/13/2020,326
4/14/2020,218
4/15/2020,222
4/16/2020,216
4/17/2020,225
4/18/2020,224
4/19/2020,124
4/20/2020,246
4/21/2020,98
4/22/2020,258
4/23/2020,282
4/24/2020,279
4/25/2020,213
4/26/2020,127
4/27/2020,251
4/28/2020,265
4/29/2020,261
4/30/2020,210
5/1/2020,101
5/2/2020,217
5/3/2020,121
5/4/2020,244
5/5/2020,252
5/6/2020,262
5/7/2020,258
5/8/2020,262
5/9/2020,219
5/10/2020,134
5/11/2020,250
5/12/2020,246
5/13/2020,293
5/14/2020,244
5/15/2020,246
5/16/2020,228
5/17/2020,181
5/18/2020,241
5/19/2020,231
5/20/2020,230
5/21/2020,221
5/22/2020,222
5/23/2020,222
5/24/2020,146
5/25/2020,191
5/26/2020,180
5/27/2020,181
5/28/2020,177
5/29/2020,179
5/30/2020,180
5/31/2020,127
6/1/2020,175
6/2/2020,194
6/3/2020,195
6/4/2020,214
6/5/2020,220
6/6/2020,165
6/7/2020,142
6/8/2020,245
6/9/2020,248
6/10/2020,237
6/11/2020,141
6/12/2020,214
6/13/2020,227
6/14/2020,131
6/15/2020,196
6/16/2020,194
6/17/2020,177
6/18/2020,125
6/19/2020,176
6/20/2020,177
6/21/2020,227
6/22/2020,286
6/23/2020,195
6/24/2020,218
6/25/2020,407
6/26/2020,403
6/27/2020,237
6/28/2020,185
6/29/2020,205
6/30/2020,233
7/1/2020,266
7/2/2020,272
7/3/2020,270
7/4/2020,254
7/5/2020,150
7/6/2020,231
7/7/2020,231
7/8/2020,225
7/9/2020,227
7/10/2020,229
7/11/2020,224
7/12/2020,163
7/13/2020,228
7/14/2020,246
7/15/2020,245
7/16/2020,247
7/17/2020,241
7/18/2020,122
7/19/2020,84
7/20/2020,189
7/21/2020,193
7/22/2020,174
7/23/2020,177
7/24/2020,218
7/25/2020,184
7/26/2020,150
7/27/2020,230
7/28/2020,203
7/29/2020,212
7/30/2020,181
7/31/2020,208
8/1/2020,163
8/2/2020,150
8/3/2020,183
8/4/2020,182
8/5/2020,273
8/6/2020,183
8/7/2020,237
8/8/2020,171
8/9/2020,155
8/10/2020,183
8/11/2020,164
8/12/2020,293
8/13/2020,215
8/14/2020,215
8/15/2020,190
8/16/2020,126
8/17/2020,183
8/18/2020,229
8/19/2020,297
8/20/2020,269
8/21/2020,305
8/22/2020,257
8/23/2020,144
8/24/2020,211
8/25/2020,215
8/26/2020,208
8/27/2020,235
8/28/2020,195
8/29/2020,194
8/30/2020,181
8/31/2020,221
9/1/2020,223
9/2/2020,247
9/3/2020,208
9/4/2020,216
9/5/2020,191
9/6/2020,192
9/7/2020,191
9/8/2020,358
9/9/2020,216
9/10/2020,366
9/11/2020,356
9/12/2020,223
9/13/2020,253
9/14/2020,432
9/15/2020,436
9/16/2020,356
9/17/2020,358
9/18/2020,340
9/19/2020,325
9/20/2020,239
9/21/2020,395
9/22/2020,459
9/23/2020,417
9/24/2020,488
9/25/2020,698
9/26/2020,688
9/27/2020,243
9/28/2020,615
9/29/2020,584
9/30/2020,440
10/1/2020,623
10/2/2020,611
10/3/2020,200
10/4/2020,206
10/5/2020,284
10/6/2020,226
10/7/2020,197
10/8/2020,190
10/9/2020,189
10/10/2020,152
10/11/2020,152
10/12/2020,151
10/13/2020,151
10/14/2020,162
10/15/2020,150
10/16/2020,150
10/17/2020,188
10/18/2020,121
10/19/2020,127
10/20/2020,146
10/21/2020,149
10/22/2020,132
10/23/2020,160
10/24/2020,132
10/25/2020,91
10/26/2020,129
10/27/2020,129
10/28/2020,149
10/29/2020,158
10/30/2020,172
10/31/2020,146
11/1/2020,179
11/2/2020,179
11/3/2020,158
11/4/2020,169
11/5/2020,164
11/6/2020,211
11/7/2020,168
11/8/2020,151
11/9/2020,152
11/10/2020,151
11/11/2020,155
11/12/2020,196
11/13/2020,96
11/14/2020,92
11/15/2020,159
11/16/2020,204
11/17/2020,189
11/18/2020,195
11/19/2020,192
11/20/2020,195
11/21/2020,189
11/22/2020,222
11/23/2020,251
11/24/2020,273
11/25/2020,211
11/26/2020,211
11/27/2020,160
11/28/2020,175
11/29/2020,174
11/30/2020,231
12/1/2020,459
12/2/2020,439
12/3/2020,436
12/4/2020,405
12/5/2020,435
12/6/2020,224
12/7/2020,323
12/8/2020,320
12/9/2020,236
12/10/2020,162
12/11/2020,160
12/12/2020,208
12/13/2020,182
12/14/2020,278
12/15/2020,449
12/16/2020,448
12/17/2020,395
12/18/2020,407
12/19/2020,402
12/20/2020,222
12/21/2020,253
12/22/2020,381
12/23/2020,380
12/24/2020,238
12/25/2020,229
12/26/2020,214
12/27/2020,226
12/28/2020,340
12/29/2020,337
12/30/2020,303
12/31/2020,290