"","date","waterlevel"
"1",2016-01-01,449.27
"2",2016-01-02,449.26
"3",2016-01-03,449.28
"4",2016-01-04,449.28
"5",2016-01-05,449.13
"6",2016-01-06,448.97
"7",2016-01-07,448.82
"8",2016-01-08,448.65
"9",2016-01-09,448.39
"10",2016-01-10,448.21
"11",2016-01-11,448.29
"12",2016-01-12,448.54
"13",2016-01-13,449.12
"14",2016-01-14,449.63
"15",2016-01-15,449.89
"16",2016-01-16,449.76
"17",2016-01-17,449.51
"18",2016-01-18,449.25
"19",2016-01-19,449.02
"20",2016-01-20,448.79
"21",2016-01-21,448.63
"22",2016-01-22,448.42
"23",2016-01-23,448.2
"24",2016-01-24,448.03
"25",2016-01-25,447.87
"26",2016-01-26,447.75
"27",2016-01-27,447.6
"28",2016-01-28,447.63
"29",2016-01-29,447.72
"30",2016-01-30,447.92
"31",2016-01-31,448.05
"32",2016-02-01,448.16
"33",2016-02-02,448.24
"34",2016-02-03,448.33
"35",2016-02-04,448.43
"36",2016-02-05,448.52
"37",2016-02-06,448.65
"38",2016-02-07,448.79
"39",2016-02-08,449.02
"40",2016-02-09,449.23
"41",2016-02-10,449.33
"42",2016-02-11,449.34
"43",2016-02-12,449.34
"44",2016-02-13,449.29
"45",2016-02-14,449.29
"46",2016-02-15,449.23
"47",2016-02-16,449.22
"48",2016-02-17,449.24
"49",2016-02-18,449.26
"50",2016-02-19,449.29
"51",2016-02-20,449.37
"52",2016-02-21,449.65
"53",2016-02-22,449.79
"54",2016-02-23,449.81
"55",2016-02-24,449.81
"56",2016-02-25,449.76
"57",2016-02-26,449.71
"58",2016-02-27,449.78
"59",2016-02-28,449.95
"60",2016-02-29,450.01
"61",2016-03-01,450.03
"62",2016-03-02,450.05
"63",2016-03-03,450.11
"64",2016-03-04,450.16
"65",2016-03-05,450.22
"66",2016-03-06,450.28
"67",2016-03-07,450.27
"68",2016-03-08,450.17
"69",2016-03-09,450.17
"70",2016-03-10,450.19
"71",2016-03-11,450.14
"72",2016-03-12,450.24
"73",2016-03-13,450.3
"74",2016-03-14,450.34
"75",2016-03-15,450.5
"76",2016-03-16,450.5
"77",2016-03-17,450.53
"78",2016-03-18,450.49
"79",2016-03-19,450.47
"80",2016-03-20,450.42
"81",2016-03-21,450.39
"82",2016-03-22,450.38
"83",2016-03-23,450.39
"84",2016-03-24,450.49
"85",2016-03-25,450.58
"86",2016-03-26,450.64
"87",2016-03-27,450.69
"88",2016-03-28,450.74
"89",2016-03-29,450.74
"90",2016-03-30,450.71
"91",2016-03-31,450.67
"92",2016-04-01,450.63
"93",2016-04-02,450.63
"94",2016-04-03,450.65
"95",2016-04-04,450.63
"96",2016-04-05,450.61
"97",2016-04-06,450.59
"98",2016-04-07,450.57
"99",2016-04-08,450.54
"100",2016-04-09,450.52
"101",2016-04-10,450.54
"102",2016-04-11,450.51
"103",2016-04-12,450.47
"104",2016-04-13,450.45
"105",2016-04-14,450.43
"106",2016-04-15,450.39
"107",2016-04-16,450.38
"108",2016-04-17,450.4
"109",2016-04-18,450.36
"110",2016-04-19,450.32
"111",2016-04-20,450.3
"112",2016-04-21,450.34
"113",2016-04-22,450.31
"114",2016-04-23,450.27
"115",2016-04-24,450.3
"116",2016-04-25,450.27
"117",2016-04-26,450.23
"118",2016-04-27,450.19
"119",2016-04-28,450.16
"120",2016-04-29,450.11
"121",2016-04-30,450.06
"122",2016-05-01,450.08
"123",2016-05-02,450.03
"124",2016-05-03,449.98
"125",2016-05-04,449.94
"126",2016-05-05,449.9
"127",2016-05-06,449.86
"128",2016-05-08,449.85
"129",2016-05-09,449.82
"130",2016-05-10,449.77
"131",2016-05-11,449.71
"132",2016-05-12,449.67
"133",2016-05-16,449.61
"134",2016-05-17,449.58
"135",2016-05-18,449.61
"136",2016-05-19,449.68
"137",2016-05-20,449.79
"138",2016-05-21,449.88
"139",2016-05-22,450.04
"140",2016-05-23,450.27
"141",2016-05-24,450.35
"142",2016-05-25,450.45
"143",2016-05-26,450.56
"144",2016-05-27,450.58
"145",2016-05-28,450.59
"146",2016-05-29,450.68
"147",2016-05-30,450.7
"148",2016-05-31,450.75
"149",2016-06-01,450.79
"150",2016-06-02,450.9
"151",2016-06-06,451.1
"152",2016-06-07,451.13
"153",2016-06-08,451.16
"154",2016-06-09,451.16
"155",2016-06-10,451.08
"156",2016-06-11,451.07
"157",2016-06-12,451.18
"158",2016-06-15,451.37
"159",2016-06-16,451.38
"160",2016-06-17,451.36
"161",2016-06-18,451.39
"162",2016-06-19,451.45
"163",2016-06-20,451.47
"164",2016-06-21,451.46
"165",2016-06-22,451.44
"166",2016-06-23,451.45
"167",2016-06-24,451.43
"168",2016-06-26,451.45
"169",2016-06-27,451.45
"170",2016-06-28,451.44
"171",2016-06-29,451.43
"172",2016-06-30,451.42
"173",2016-07-01,451.41
"174",2016-07-02,451.44
"175",2016-07-03,451.48
"176",2016-07-04,451.46
"177",2016-07-05,451.4
"178",2016-07-06,451.38
"179",2016-07-07,451.35
"180",2016-07-11,451.28
"181",2016-07-12,451.23
"182",2016-07-13,451.17
"183",2016-07-14,451.13
"184",2016-07-15,451.1
"185",2016-07-16,451.06
"186",2016-07-17,451.1
"187",2016-07-18,451.08
"188",2016-07-19,451.06
"189",2016-07-20,451.04
"190",2016-07-21,451.02
"191",2016-07-22,450.99
"192",2016-07-23,450.97
"193",2016-07-24,450.95
"194",2016-07-25,450.93
"195",2016-07-26,450.91
"196",2016-07-27,450.88
"197",2016-07-28,450.86
"198",2016-07-29,450.83
"199",2016-07-30,450.8
"200",2016-07-31,450.78
"201",2016-08-01,450.73
"202",2016-08-02,450.69
"203",2016-08-03,450.64
"204",2016-08-04,450.6
"205",2016-08-05,450.55
"206",2016-08-06,450.5
"207",2016-08-07,450.5
"208",2016-08-08,450.46
"209",2016-08-09,450.4
"210",2016-08-10,450.36
"211",2016-08-11,450.32
"212",2016-08-12,450.28
"213",2016-08-13,450.24
"214",2016-08-14,450.23
"215",2016-08-15,450.17
"216",2016-08-16,450.1
"217",2016-08-17,450.05
"218",2016-08-18,450.01
"219",2016-08-19,449.97
"220",2016-08-20,449.99
"221",2016-08-21,450
"222",2016-08-22,450
"223",2016-08-23,450.09
"224",2016-08-24,450.13
"225",2016-08-25,450.15
"226",2016-08-26,450.13
"227",2016-08-27,450.1
"228",2016-08-28,450.09
"229",2016-08-29,450.04
"230",2016-08-31,449.97
"231",2016-09-01,449.94
"232",2016-09-05,449.82
"233",2016-09-06,449.78
"234",2016-09-07,449.74
"235",2016-09-08,449.73
"236",2016-09-09,449.7
"237",2016-09-10,449.66
"238",2016-09-11,449.67
"239",2016-09-12,449.63
"240",2016-09-13,449.58
"241",2016-09-14,449.51
"242",2016-09-15,449.43
"243",2016-09-16,449.36
"244",2016-09-17,449.31
"245",2016-09-18,449.28
"246",2016-09-20,449.15
"247",2016-09-21,449.13
"248",2016-09-22,449.1
"249",2016-09-23,449.06
"250",2016-09-24,449.01
"251",2016-09-25,449.01
"252",2016-09-26,448.97
"253",2016-09-27,448.88
"254",2016-09-29,448.7
"255",2016-09-30,448.61
"256",2016-10-01,448.56
"257",2016-10-02,448.54
"258",2016-10-03,448.49
"259",2016-10-04,448.43
"260",2016-10-05,448.4
"261",2016-10-06,448.4
"262",2016-10-07,448.39
"263",2016-10-08,448.35
"264",2016-10-09,448.34
"265",2016-10-10,448.3
"266",2016-10-11,448.25
"267",2016-10-12,448.23
"268",2016-10-13,448.19
"269",2016-10-14,448.16
"270",2016-10-15,448.17
"271",2016-10-16,448.26
"272",2016-10-17,448.29
"273",2016-10-18,448.28
"274",2016-10-19,448.23
"275",2016-10-20,448.2
"276",2016-10-21,448.15
"277",2016-10-22,448.17
"278",2016-10-23,448.21
"279",2016-10-24,448.2
"280",2016-10-25,448.21
"281",2016-10-26,448.24
"282",2016-10-27,448.32
"283",2016-10-28,448.37
"284",2016-10-29,448.43
"285",2016-10-30,448.47
"286",2016-10-31,448.44
"287",2016-11-01,448.39
"288",2016-11-02,448.37
"289",2016-11-03,448.32
"290",2016-11-04,448.26
"291",2016-11-05,448.3
"292",2016-11-06,448.32
"293",2016-11-07,448.28
"294",2016-11-08,448.26
"295",2016-11-09,448.22
"296",2016-11-10,448.13
"297",2016-11-11,448.1
"298",2016-11-12,448.1
"299",2016-11-13,448.1
"300",2016-11-14,448.11
"301",2016-11-15,448.14
"302",2016-11-16,448.19
"303",2016-11-17,448.19
"304",2016-11-18,448.16
"305",2016-11-19,448.19
"306",2016-11-20,448.2
"307",2016-11-21,448.15
"308",2016-11-22,448.08
"309",2016-11-23,448
"310",2016-11-24,447.92
"311",2016-11-25,447.84
"312",2016-11-26,447.77
"313",2016-11-27,447.74
"314",2016-11-28,447.66
"315",2016-11-29,447.58
"316",2016-11-30,447.52
"317",2016-12-01,447.56
"318",2016-12-02,447.51
"319",2016-12-03,447.49
"320",2016-12-04,447.49
"321",2016-12-05,447.44
"322",2016-12-06,447.41
"323",2016-12-07,447.42
"324",2016-12-08,447.41
"325",2016-12-09,447.38
"326",2016-12-10,447.38
"327",2016-12-11,447.38
"328",2016-12-12,447.38
"329",2016-12-13,447.4
"330",2016-12-14,447.47
"331",2016-12-15,447.48
"332",2016-12-16,447.47
"333",2016-12-17,447.45
"334",2016-12-18,447.46
"335",2016-12-19,447.42
"336",2016-12-20,447.44
"337",2016-12-21,447.47
"338",2016-12-22,447.47
"339",2016-12-23,447.48
"340",2016-12-24,447.47
"341",2016-12-25,447.51
"342",2016-12-26,447.52
"343",2016-12-28,447.42
"344",2016-12-29,447.34
"345",2016-12-30,447.28
"346",2016-12-31,447.25
"347",2017-01-04,447.08
"348",2017-01-05,447.07
"349",2017-01-09,446.96
"350",2017-01-10,447
"351",2017-01-11,447.1
"352",2017-01-12,447.24
"353",2017-01-13,447.34
"354",2017-01-14,447.43
"355",2017-01-15,447.58
"356",2017-01-16,447.66
"357",2017-01-17,447.77
"358",2017-01-18,448.03
"359",2017-01-19,448.45
"360",2017-01-20,448.86
"361",2017-01-21,449.17
"362",2017-01-22,449.43
"363",2017-01-23,449.73
"364",2017-01-24,450
"365",2017-01-25,449.98
"366",2017-01-26,449.94
"367",2017-01-27,449.89
"368",2017-01-28,449.86
"369",2017-01-29,449.81
"370",2017-01-30,449.78
"371",2017-01-31,449.82
"372",2017-02-01,450.18
"373",2017-02-02,450.36
"374",2017-02-03,450.43
"375",2017-02-04,450.45
"376",2017-02-05,450.46
"377",2017-02-06,450.49
"378",2017-02-07,450.54
"379",2017-02-08,450.6
"380",2017-02-09,450.68
"381",2017-02-10,450.7
"382",2017-02-11,450.71
"383",2017-02-12,450.71
"384",2017-02-13,450.72
"385",2017-02-14,450.73
"386",2017-02-15,450.72
"387",2017-02-16,450.71
"388",2017-02-17,450.68
"389",2017-02-18,450.66
"390",2017-02-19,450.68
"391",2017-02-20,450.65
"392",2017-02-21,450.64
"393",2017-02-22,450.63
"394",2017-02-23,450.62
"395",2017-02-24,450.61
"396",2017-02-25,450.62
"397",2017-03-01,450.88
"398",2017-03-02,450.9
"399",2017-03-03,450.94
"400",2017-03-04,451.01
"401",2017-03-05,451.17
"402",2017-03-06,451.24
"403",2017-03-07,451.26
"404",2017-03-08,451.28
"405",2017-03-09,451.27
"406",2017-03-10,451.29
"407",2017-03-11,451.23
"408",2017-03-12,451.18
"409",2017-03-13,451.14
"410",2017-03-14,451.13
"411",2017-03-15,451.16
"412",2017-03-16,451.16
"413",2017-03-17,451.19
"414",2017-03-18,451.21
"415",2017-03-19,451.25
"416",2017-03-20,451.26
"417",2017-03-21,451.24
"418",2017-03-22,451.21
"419",2017-03-23,451.18
"420",2017-03-24,451.14
"421",2017-03-25,451.12
"422",2017-03-26,451.15
"423",2017-03-27,451.12
"424",2017-03-28,451.08
"425",2017-03-29,451.04
"426",2017-03-30,451.02
"427",2017-04-03,450.91
"428",2017-04-04,450.87
"429",2017-04-05,450.84
"430",2017-04-06,450.83
"431",2017-04-07,450.83
"432",2017-04-08,450.94
"433",2017-04-09,451.18
"434",2017-04-10,451.18
"435",2017-04-11,451.17
"436",2017-04-12,451.16
"437",2017-04-13,451.14
"438",2017-04-17,451.14
"439",2017-04-18,451.1
"440",2017-04-19,451.06
"441",2017-04-20,451.03
"442",2017-04-21,451.07
"443",2017-04-22,451.08
"444",2017-04-23,451.15
"445",2017-04-24,451.19
"446",2017-04-25,451.19
"447",2017-04-26,451.19
"448",2017-04-27,451.22
"449",2017-04-28,451.28
"450",2017-04-29,451.29
"451",2017-04-30,451.33
"452",2017-05-01,451.34
"453",2017-05-02,451.3
"454",2017-05-03,451.28
"455",2017-05-04,451.25
"456",2017-05-05,451.24
"457",2017-05-06,451.31
"458",2017-05-07,451.45
"459",2017-05-08,451.44
"460",2017-05-09,451.41
"461",2017-05-10,451.38
"462",2017-05-11,451.36
"463",2017-05-13,451.29
"464",2017-05-14,451.3
"465",2017-05-15,451.27
"466",2017-05-16,451.23
"467",2017-05-17,451.2
"468",2017-05-18,451.18
"469",2017-05-19,451.29
"470",2017-05-20,451.41
"471",2017-05-21,451.42
"472",2017-05-22,451.3
"473",2017-05-23,451.22
"474",2017-05-24,451.23
"475",2017-05-25,451.26
"476",2017-05-29,451.23
"477",2017-05-31,451.26
"478",2017-06-01,451.27
"479",2017-06-02,451.27
"480",2017-06-03,451.28
"481",2017-06-04,451.32
"482",2017-06-05,451.33
"483",2017-06-06,451.3
"484",2017-06-07,451.26
"485",2017-06-08,451.29
"486",2017-06-11,451.22
"487",2017-06-13,451.34
"488",2017-06-18,451.3
"489",2017-06-19,451.33
"490",2017-06-20,451.34
"491",2017-06-21,451.35
"492",2017-06-22,451.35
"493",2017-06-25,451.38
"494",2017-06-26,451.4
"495",2017-06-27,451.41
"496",2017-06-28,451.41
"497",2017-06-29,451.41
"498",2017-07-02,451.45
"499",2017-07-03,451.45
"500",2017-07-04,451.42
"501",2017-07-05,451.41
"502",2017-07-06,451.39
"503",2017-07-09,451.36
"504",2017-07-10,451.32
"505",2017-07-11,451.3
"506",2017-07-12,451.26
"507",2017-07-13,451.23
"508",2017-07-14,451.19
"509",2017-07-15,451.19
"510",2017-07-16,451.2
"511",2017-07-17,451.15
"512",2017-07-18,451.1
"513",2017-07-19,451.06
"514",2017-07-20,451.01
"515",2017-07-24,450.77
"516",2017-07-25,450.68
"517",2017-07-26,450.59
"518",2017-07-27,450.53
"519",2017-07-28,450.45
"520",2017-07-29,450.43
"521",2017-07-30,450.44
"522",2017-07-31,450.38
"523",2017-08-01,450.31
"524",2017-08-02,450.27
"525",2017-08-03,450.23
"526",2017-08-09,449.96
"527",2017-08-10,449.91
"528",2017-08-14,449.77
"529",2017-08-16,449.66
"530",2017-08-20,449.61
"531",2017-08-21,449.63
"532",2017-08-22,449.68
"533",2017-08-23,449.72
"534",2017-08-29,449.47
"535",2017-08-30,449.39
"536",2017-09-03,449.31
"537",2017-09-04,449.24
"538",2017-09-05,449.16
"539",2017-09-11,448.74
"540",2017-09-12,448.65
"541",2017-09-13,448.56
"542",2017-09-14,448.48
"543",2017-09-15,448.38
"544",2017-09-18,448.16
"545",2017-09-27,447.3
"546",2017-10-02,446.94
"547",2017-10-03,446.96
"548",2017-10-04,446.95
"549",2017-10-05,446.92
"550",2017-10-06,446.9
"551",2017-10-08,446.91
"552",2017-10-09,446.93
"553",2017-10-10,446.93
"554",2017-10-18,446.71
"555",2017-10-19,446.65
"556",2017-10-20,446.59
"557",2017-10-22,446.58
"558",2017-10-23,446.55
"559",2017-10-24,446.57
"560",2017-10-25,446.6
"561",2017-10-26,446.64
"562",2017-10-30,446.99
"563",2017-10-31,446.96
"564",2017-11-01,446.9
"565",2017-11-02,446.94
"566",2017-11-07,447.04
"567",2017-11-08,447.03
"568",2017-11-09,446.97
"569",2017-11-11,446.81
"570",2017-11-12,446.86
"571",2017-11-13,446.9
"572",2017-11-15,446.9
"573",2017-11-19,446.81
"574",2017-11-22,447.03
"575",2017-11-23,447.07
"576",2017-11-27,447.23
"577",2017-11-28,447.18
"578",2017-11-29,447.2
"579",2017-11-30,447.16
"580",2017-12-04,446.97
"581",2017-12-06,446.75
"582",2017-12-07,446.69
"583",2017-12-08,446.67
"584",2017-12-09,446.69
"585",2017-12-10,446.8
"586",2017-12-11,446.81
"587",2017-12-12,446.78
"588",2017-12-13,446.75
"589",2017-12-14,446.72
"590",2017-12-15,446.66
"591",2017-12-16,446.61
"592",2017-12-17,446.61
"593",2017-12-18,446.58
"594",2017-12-19,446.55
"595",2017-12-20,446.62
"596",2017-12-21,446.66
"597",2017-12-22,446.69
"598",2017-12-23,446.83
"599",2017-12-24,446.91
"600",2017-12-25,447
"601",2017-12-26,447.05
"602",2017-12-27,447.08
"603",2017-12-28,447.18
"604",2017-12-30,447.32
"605",2017-12-31,447.56
"606",2018-01-03,448.11
"607",2018-01-08,448.34
"608",2018-01-09,448.4
"609",2018-01-10,448.46
"610",2018-01-11,448.49
"611",2018-01-12,448.51
"612",2018-01-13,448.59
"613",2018-01-14,448.72
"614",2018-01-15,448.76
"615",2018-01-16,448.77
"616",2018-01-17,448.78
"617",2018-01-18,448.78
"618",2018-01-19,448.76
"619",2018-01-21,448.82
"620",2018-01-22,448.9
"621",2018-01-23,448.97
"622",2018-01-24,449.02
"623",2018-01-25,449.09
"624",2018-01-26,449.14
"625",2018-01-27,449.19
"626",2018-01-28,449.27
"627",2018-01-29,449.27
"628",2018-01-30,449.27
"629",2018-01-31,449.34
"630",2018-02-01,449.49
"631",2018-02-02,449.56
"632",2018-02-03,449.54
"633",2018-02-04,449.59
"634",2018-02-05,449.56
"635",2018-02-06,449.51
"636",2018-02-07,449.49
"637",2018-02-08,449.46
"638",2018-02-09,449.43
"639",2018-02-10,449.41
"640",2018-02-11,449.43
"641",2018-02-12,449.46
"642",2018-02-13,449.49
"643",2018-02-14,449.49
"644",2018-02-15,449.49
"645",2018-02-16,449.49
"646",2018-02-17,449.49
"647",2018-02-18,449.5
"648",2018-02-19,449.49
"649",2018-02-20,449.51
"650",2018-02-21,449.51
"651",2018-02-22,449.51
"652",2018-02-23,449.52
"653",2018-02-24,449.52
"654",2018-02-25,449.58
"655",2018-02-26,449.56
"656",2018-02-27,449.58
"657",2018-02-28,449.69
"658",2018-03-01,449.76
"659",2018-03-02,449.77
"660",2018-03-03,449.83
"661",2018-03-04,449.88
"662",2018-03-05,449.92
"663",2018-03-06,449.96
"664",2018-03-07,450.02
"665",2018-03-08,450.09
"666",2018-03-09,450.18
"667",2018-03-10,450.27
"668",2018-03-11,450.34
"669",2018-03-12,450.34
"670",2018-03-13,450.34
"671",2018-03-14,450.36
"672",2018-03-19,450.59
"673",2018-03-20,450.57
"674",2018-03-21,450.57
"675",2018-03-22,450.63
"676",2018-03-27,450.86
"677",2018-04-04,451.11
"678",2018-04-06,451.07
"679",2018-04-07,451.06
"680",2018-04-08,451.1
"681",2018-04-09,451.06
"682",2018-04-10,451.01
"683",2018-04-11,450.97
"684",2018-04-18,450.88
"685",2018-04-25,450.69
"686",2018-05-02,450.58
"687",2018-05-03,450.54
"688",2018-05-07,450.49
"689",2018-05-08,450.46
"690",2018-05-09,450.43
"691",2018-05-10,450.41
"692",2018-05-11,450.39
"693",2018-05-13,450.38
"694",2018-05-14,450.35
"695",2018-05-15,450.32
"696",2018-05-16,450.29
"697",2018-05-17,450.27
"698",2018-05-19,450.22
"699",2018-05-20,450.24
"700",2018-05-21,450.28
"701",2018-05-22,450.29
"702",2018-05-23,450.29
"703",2018-05-24,450.29
"704",2018-05-25,450.27
"705",2018-05-26,450.26
"706",2018-05-27,450.27
"707",2018-05-28,450.25
"708",2018-05-29,450.24
"709",2018-05-30,450.22
"710",2018-05-31,450.23
"711",2018-06-04,450.19
"712",2018-06-05,450.16
"713",2018-06-06,450.14
"714",2018-06-07,450.12
"715",2018-06-08,450.1
"716",2018-06-09,450.09
"717",2018-06-10,450.1
"718",2018-06-11,450.08
"719",2018-06-12,450.08
"720",2018-06-13,450.07
"721",2018-06-14,450.06
"722",2018-06-15,450.07
"723",2018-06-16,450.08
"724",2018-06-17,450.09
"725",2018-06-18,450.08
"726",2018-06-19,450.07
"727",2018-06-20,450.06
"728",2018-06-21,450.05
"729",2018-06-22,450.04
"730",2018-06-23,450.03
"731",2018-06-24,450.04
"732",2018-06-25,450.03
"733",2018-06-26,450.02
"734",2018-06-27,450.01
"735",2018-06-28,450
"736",2018-06-29,449.99
"737",2018-06-30,449.98
"738",2018-07-01,449.99
"739",2018-07-02,449.99
"740",2018-07-03,449.98
"741",2018-07-04,449.97
"742",2018-07-05,449.96
"743",2018-07-06,449.94
"744",2018-07-07,449.93
"745",2016-05-15,449.64
"746",2016-06-13,451.25
"747",2016-06-14,451.31
"748",2016-09-02,449.91
"749",2016-09-04,449.87
"750",2016-09-28,448.79
"751",2017-01-02,447.18
"752",2017-01-03,447.11
"753",2017-01-07,446.97
"754",2017-05-30,451.24
"755",2017-06-10,451.22
"756",2017-06-14,451.3
"757",2017-06-30,451.4
"758",2017-07-21,450.93
"759",2017-07-22,450.85
"760",2017-08-04,450.16
"761",2017-08-07,450.07
"762",2017-08-17,449.63
"763",2017-08-18,449.59
"764",2017-08-28,449.58
"765",2017-09-01,449.35
"766",2017-09-02,449.31
"767",2017-09-06,449.06
"768",2017-09-10,448.82
"769",2017-09-19,448.07
"770",2017-09-21,447.82
"771",2017-09-22,447.73
"772",2017-09-25,447.5
"773",2017-09-30,447
"774",2017-10-01,446.97
"775",2017-10-07,446.88
"776",2017-10-21,446.57
"777",2017-10-29,446.92
"778",2017-11-03,446.92
"779",2017-11-04,446.89
"780",2017-11-10,446.88
"781",2017-11-14,446.88
"782",2017-11-17,446.76
"783",2017-11-21,447.01
"784",2017-12-01,447.09
"785",2017-12-29,447.22
"786",2018-01-02,448.02
"787",2018-01-05,448.22
"788",2018-01-20,448.75
"789",2018-04-13,450.89
"790",2018-04-24,450.73
"791",2018-04-27,450.64
"792",2018-05-12,450.37
"793",2018-05-18,450.24
"794",2018-06-01,450.21
"795",2018-06-02,450.21
"796",2018-06-03,450.21
"797",2018-07-08,449.94
"798",2018-07-09,449.93
"799",2018-07-10,449.91
"800",2018-07-11,449.9
"801",2018-07-12,449.89
"802",2018-07-13,449.87
"803",2018-07-14,449.85
"804",2018-07-15,449.85
"805",2018-07-16,449.84
"806",2018-07-17,449.8
"807",2018-07-18,449.76
"808",2018-07-19,449.73
"809",2018-07-20,449.72
"810",2018-07-21,449.7
"811",2018-07-22,449.71
"812",2018-07-23,449.7
"813",2018-07-24,449.67
"814",2018-07-25,449.65
"815",2018-07-26,449.64
"816",2018-07-27,449.63
"817",2018-07-28,449.61
"818",2018-07-29,449.62
"819",2018-07-30,449.61
"820",2018-07-31,449.6
"821",2018-08-01,449.59
"822",2018-08-02,449.59
"823",2018-08-03,449.61
"824",2018-08-04,449.64
"825",2018-08-05,449.72
"826",2018-08-06,449.77
"827",2018-08-07,449.78
"828",2018-08-08,449.81
"829",2018-08-09,449.83
"830",2018-08-10,449.83
"831",2018-08-11,449.83
"832",2018-08-12,449.83
"833",2018-08-13,449.81
"834",2018-08-14,449.79
"835",2018-08-15,449.77
"836",2018-08-16,449.75
"837",2018-08-17,449.73
"838",2018-08-18,449.71
"839",2018-08-19,449.71
"840",2018-08-20,449.68
"841",2018-08-21,449.65
"842",2018-08-22,449.58
"843",2018-08-23,449.5
"844",2018-08-24,449.43
"845",2018-08-25,449.39
"846",2018-08-26,449.39
"847",2018-08-27,449.38
"848",2018-08-28,449.35
"849",2018-08-29,449.32
"850",2018-08-30,449.28
"851",2018-08-31,449.23
"852",2018-09-01,449.2
"853",2018-09-02,449.2
"854",2018-09-03,449.16
"855",2018-09-04,449.11
"856",2018-09-05,449.08
"857",2018-09-06,449.08
"858",2018-09-07,449.08
"859",2018-09-08,449.09
"860",2018-09-09,449.1
"861",2018-09-10,449.05
"862",2018-09-11,449
"863",2018-09-12,448.95
"864",2018-09-13,448.94
"865",2018-09-14,448.89
"866",2018-09-15,448.9
"867",2018-09-16,448.95
"868",2018-09-17,448.97
"869",2018-09-18,448.96
"870",2018-09-19,448.96
"871",2018-09-20,448.92
"872",2018-09-21,448.89
"873",2018-09-22,448.93
"874",2018-09-23,448.96
"875",2018-09-24,448.93
"876",2018-09-25,448.88
"877",2018-09-26,448.86
"878",2018-09-27,448.79
"879",2018-09-28,448.71
"880",2018-09-29,448.64
"881",2018-09-30,448.63
"882",2018-10-01,448.57
"883",2018-10-02,448.54
"884",2018-10-03,448.51
"885",2018-10-04,448.5
"886",2018-10-05,448.45
"887",2018-10-06,448.42
"888",2018-10-07,448.39
"889",2018-10-08,448.35
"890",2018-10-09,448.3
"891",2018-10-10,448.33
"892",2018-10-11,448.38
"893",2018-10-12,448.45
"894",2018-10-13,448.45
"895",2018-10-14,448.43
"896",2018-10-15,448.37
"897",2018-10-16,448.3
"898",2018-10-17,448.24
"899",2018-10-18,448.15
"900",2018-10-19,448.1
"901",2018-10-20,448.07
"902",2018-10-21,448.07
"903",2018-10-22,447.97
"904",2018-10-23,447.86
"905",2018-10-24,447.76
"906",2018-10-25,447.66
"907",2018-10-26,447.6
"908",2018-10-27,447.52
"909",2018-10-28,447.47
"910",2018-10-29,447.38
"911",2018-10-30,447.28
"912",2018-10-31,447.19
"913",2018-11-01,447.13
"914",2018-11-02,447.15
"915",2018-11-03,447.11
"916",2018-11-04,447.07
"917",2018-11-05,446.95
"918",2018-11-06,446.89
"919",2018-11-07,446.83
"920",2018-11-08,446.76
"921",2018-11-09,446.71
"922",2018-11-10,446.68
"923",2018-11-11,446.67
"924",2018-11-12,446.6
"925",2018-11-13,446.58
"926",2018-11-14,446.58
"927",2018-11-15,446.59
"928",2018-11-16,446.58
"929",2018-11-17,446.6
"930",2018-11-18,446.65
"931",2018-11-19,446.7
"932",2018-11-20,446.78
"933",2018-11-21,446.91
"934",2018-11-22,446.96
"935",2018-11-23,446.98
"936",2018-11-24,446.98
"937",2018-11-25,447.24
"938",2018-11-26,447.52
"939",2018-11-27,447.65
"940",2018-11-28,447.71
"941",2018-11-29,447.7
"942",2018-11-30,447.65
"943",2018-12-01,447.62
"944",2018-12-02,447.75
"945",2018-12-03,448.05
"946",2018-12-04,448.23
"947",2018-12-05,448.28
"948",2018-12-06,448.24
"949",2018-12-07,448.2
"950",2018-12-08,448.14
"951",2018-12-09,448.13
"952",2018-12-10,448.02
"953",2018-12-11,447.91
"954",2018-12-12,447.78
"955",2018-12-13,447.64
"956",2018-12-14,447.48
"957",2018-12-15,447.5
"958",2018-12-16,447.5
"959",2018-12-17,447.38
"960",2018-12-18,447.27
"961",2018-12-19,447.23
"962",2018-12-20,447.25
"963",2018-12-21,447.23
"964",2018-12-22,447.19
"965",2018-12-23,447.18
"966",2018-12-24,447.16
"967",2018-12-25,447.2
"968",2018-12-26,447.16
"969",2018-12-27,447.08
"970",2018-12-28,447
"971",2018-12-29,446.96
"972",2018-12-30,447
"973",2018-12-31,446.95
"974",2019-01-01,446.92
"975",2019-01-02,446.84
"976",2019-01-03,446.89
"977",2019-01-04,446.89
"978",2019-01-05,446.98
"979",2019-01-06,447.23
"980",2019-01-07,447.45
"981",2019-01-08,447.58
"982",2019-01-09,447.65
"983",2019-01-10,447.66
"984",2019-01-11,447.65
"985",2019-01-12,447.62
"986",2019-01-13,447.65
"987",2019-01-14,447.6
"988",2019-01-15,447.53
"989",2019-01-16,447.46
"990",2019-01-17,447.39
"991",2019-01-18,447.32
"992",2019-01-19,447.27
"993",2019-01-20,447.27
"994",2019-01-21,447.14
"995",2019-01-22,447.07
"996",2019-01-23,446.99
"997",2019-01-24,446.91
"998",2019-01-25,446.87
"999",2019-01-26,446.91
"1000",2019-01-27,447.07
"1001",2019-01-28,447.14
"1002",2019-01-29,447.16
"1003",2019-01-30,447.13
"1004",2019-01-31,447.08
"1005",2019-02-01,447.07
"1006",2019-02-02,447.03
"1007",2019-02-03,447.01
"1008",2019-02-04,446.94
"1009",2019-02-05,446.92
"1010",2019-02-06,447.11
"1011",2019-02-07,447.17
"1012",2019-02-08,447.39
"1013",2019-02-09,447.47
"1014",2019-02-10,447.57
"1015",2019-02-11,447.6
"1016",2019-02-12,447.52
"1017",2019-02-13,447.45
"1018",2019-02-14,447.46
"1019",2019-02-15,447.49
"1020",2019-02-16,447.52
"1021",2019-02-17,447.68
"1022",2019-02-18,447.91
"1023",2019-02-19,448.06
"1024",2019-02-20,448.06
"1025",2019-02-21,447.99
"1026",2019-02-22,447.96
"1027",2019-02-23,448.07
"1028",2019-02-24,448.18
"1029",2019-02-25,448.2
"1030",2019-02-26,448.18
"1031",2019-02-27,448.16
"1032",2019-02-28,448.23
"1033",2019-03-01,448.34
"1034",2019-03-02,448.53
"1035",2019-03-03,448.67
"1036",2019-03-04,448.81
"1037",2019-03-05,449.02
"1038",2019-03-06,449.13
"1039",2019-03-07,449.2
"1040",2019-03-08,449.28
"1041",2019-03-09,449.32
"1042",2019-03-10,449.37
"1043",2019-03-11,449.39
"1044",2019-03-12,449.4
"1045",2019-03-13,449.65
"1046",2019-03-14,449.75
"1047",2019-03-15,449.81
"1048",2019-03-16,449.93
"1049",2019-03-17,450.07
"1050",2019-03-18,450.14
"1051",2019-03-19,450.27
"1052",2019-03-20,450.37
"1053",2019-03-21,450.46
"1054",2019-03-22,450.52
"1055",2019-03-23,450.59
"1056",2019-03-24,450.62
"1057",2019-03-25,450.6
"1058",2019-03-26,450.56
"1059",2019-03-27,450.52
"1060",2019-03-28,450.48
"1061",2019-03-29,450.43
"1062",2019-03-30,450.42
"1063",2019-03-31,450.45
"1064",2019-04-01,450.43
"1065",2019-04-02,450.4
"1066",2019-04-03,450.37
"1067",2019-04-04,450.34
"1068",2019-04-05,450.3
"1069",2019-04-06,450.24
"1070",2019-04-07,450.31
"1071",2019-04-08,450.42
"1072",2019-04-09,450.59
"1073",2019-04-10,450.82
"1074",2019-04-11,450.99
"1075",2019-04-12,451.07
"1076",2019-04-13,451.08
"1077",2019-04-14,451.12
"1078",2019-04-15,451.1
"1079",2019-04-16,451.09
"1080",2019-04-17,451.04
"1081",2019-04-18,450.99
"1082",2019-04-19,450.98
"1083",2019-04-20,450.95
"1084",2019-04-21,450.93
"1085",2019-04-22,450.86
"1086",2019-04-23,450.77
"1087",2019-04-24,450.69
"1088",2019-04-25,450.61
"1089",2019-04-26,450.52
"1090",2019-04-27,450.47
"1091",2019-04-28,450.48
"1092",2019-04-29,450.41
"1093",2019-04-30,450.41
"1094",2019-05-01,450.51
"1095",2019-05-02,450.56
"1096",2019-05-03,450.59
"1097",2019-05-04,450.61
"1098",2019-05-05,450.64
"1099",2019-05-06,450.62
"1100",2019-05-07,450.62
"1101",2019-05-08,450.63
"1102",2019-05-09,450.64
"1103",2019-05-10,450.63
"1104",2019-05-11,450.64
"1105",2019-05-12,450.68
"1106",2019-05-13,450.68
"1107",2019-05-14,450.67
"1108",2019-05-15,450.65
"1109",2019-05-16,450.65
"1110",2019-05-17,450.67
"1111",2019-05-18,450.71
"1112",2019-05-19,450.77
"1113",2019-05-20,450.83
"1114",2019-05-21,450.84
"1115",2019-05-22,450.83
"1116",2019-05-23,450.81
"1117",2019-05-24,450.84
"1118",2019-05-25,450.83
"1119",2019-05-26,450.85
"1120",2019-05-27,450.88
"1121",2019-05-28,450.9
"1122",2019-05-29,450.93
"1123",2019-05-30,450.98
"1124",2019-05-31,450.96
"1125",2019-06-01,451.01
"1126",2019-06-02,451.07
"1127",2019-06-03,451.14
"1128",2019-06-04,451.2
"1129",2019-06-05,451.27
"1130",2019-06-06,451.31
"1131",2019-06-07,451.32
"1132",2019-06-08,451.34
"1133",2019-06-09,451.39
"1134",2019-06-10,451.36
"1135",2019-06-11,451.31
"1136",2019-06-12,451.27
"1137",2019-06-13,451.27
"1138",2019-06-14,451.23
"1139",2019-06-15,451.21
"1140",2019-06-16,451.2
"1141",2019-06-17,451.16
"1142",2019-06-18,451.14
"1143",2019-06-19,451.12
"1144",2019-06-20,451.13
"1145",2019-06-21,451.15
"1146",2019-06-22,451.12
"1147",2019-06-23,451.13
"1148",2019-06-24,451.06
"1149",2019-06-25,451
"1150",2019-06-26,450.95
"1151",2019-06-27,450.9
"1152",2019-06-28,450.86
"1153",2019-06-29,450.83
"1154",2019-06-30,450.84
"1155",2019-07-01,450.79
"1156",2019-07-02,450.74
"1157",2019-07-03,450.69
"1158",2019-07-04,450.64
"1159",2019-07-05,450.66
"1160",2019-07-06,450.87
"1161",2019-07-07,451.22
"1162",2019-07-08,451.35
"1163",2019-07-09,451.38
"1164",2019-07-10,451.38
"1165",2019-07-11,451.39
"1166",2019-07-12,451.39
"1167",2019-07-13,451.4
"1168",2019-07-14,451.4
"1169",2019-07-15,451.36
"1170",2019-07-16,451.32
"1171",2019-07-17,451.28
"1172",2019-07-18,451.25
"1173",2019-07-19,451.2
"1174",2019-07-20,451.15
"1175",2019-07-21,451.13
"1176",2019-07-22,451.06
"1177",2019-07-23,451
"1178",2019-07-24,450.95
"1179",2019-07-25,450.9
"1180",2019-07-26,450.85
"1181",2019-07-27,450.78
"1182",2019-07-28,450.77
"1183",2019-07-29,450.73
"1184",2019-07-30,450.67
"1185",2019-07-31,450.61
"1186",2019-08-01,450.58
"1187",2019-08-02,450.52
"1188",2019-08-03,450.45
"1189",2019-08-04,450.43
"1190",2019-08-05,450.35
"1191",2019-08-06,450.28
"1192",2019-08-07,450.2
"1193",2019-08-08,450.15
"1194",2019-08-09,450.09
"1195",2019-08-10,450.07
"1196",2019-08-11,450.04
"1197",2019-08-12,449.99
"1198",2019-08-13,449.94
"1199",2019-08-14,449.89
"1200",2019-08-15,449.81
"1201",2019-08-16,449.76
"1202",2019-08-17,449.71
"1203",2019-08-18,449.69
"1204",2019-08-19,449.64
"1205",2019-08-20,449.59
"1206",2019-08-21,449.55
"1207",2019-08-22,449.5
"1208",2019-08-23,449.45
"1209",2019-08-24,449.4
"1210",2019-08-25,449.38
"1211",2019-08-26,449.32
"1212",2019-08-27,449.26
"1213",2019-08-28,449.18
"1214",2019-08-29,449.12
"1215",2019-08-30,449.07
"1216",2019-08-31,449.02
"1217",2019-09-01,449.01
"1218",2019-09-02,449
"1219",2019-09-03,449.03
"1220",2019-09-04,449.07
"1221",2019-09-05,449.07
"1222",2019-09-06,449.1
"1223",2019-09-07,449.14
"1224",2019-09-08,449.18
"1225",2019-09-09,449.16
"1226",2019-09-10,449.09
"1227",2019-09-11,449
"1228",2019-09-12,448.9
"1229",2019-09-13,448.78
"1230",2019-09-14,448.71
"1231",2019-09-15,448.7
"1232",2019-09-16,448.62
"1233",2019-09-17,448.53
"1234",2019-09-18,448.45
"1235",2019-09-19,448.36
"1236",2019-09-20,448.28
"1237",2019-09-21,448.2
"1238",2019-09-22,448.2
"1239",2019-09-23,448.14
"1240",2019-09-24,448.08
"1241",2019-09-25,448.02
"1242",2019-09-26,447.97
"1243",2019-09-27,447.9
"1244",2019-09-28,447.82
"1245",2019-09-29,447.82
"1246",2019-09-30,447.74
"1247",2019-10-01,447.66
"1248",2019-10-02,447.55
"1249",2019-10-03,447.49
"1250",2019-10-04,447.42
"1251",2019-10-05,447.39
"1252",2019-10-06,447.39
"1253",2019-10-07,447.32
"1254",2019-10-08,447.24
"1255",2019-10-09,447.19
"1256",2019-10-10,447.1
"1257",2019-10-11,447.06
"1258",2019-10-12,447
"1259",2019-10-13,447.01
"1260",2019-10-14,446.93
"1261",2019-10-15,446.89
"1262",2019-10-16,446.84
"1263",2019-10-17,446.76
"1264",2019-10-18,446.66
"1265",2019-10-19,446.63
"1266",2019-10-20,446.66
"1267",2019-10-21,446.63
"1268",2019-10-22,446.48
"1269",2019-10-23,446.48
"1270",2019-10-24,446.5
"1271",2019-10-25,446.52
"1272",2019-10-26,446.54
"1273",2019-10-27,446.57
"1274",2019-10-28,446.59
"1275",2019-10-29,446.61
"1276",2019-10-30,446.64
"1277",2019-10-31,446.65
"1278",2019-11-01,446.64
"1279",2019-11-02,446.64
"1280",2019-11-03,446.64
"1281",2019-11-04,446.61
"1282",2019-11-05,446.6
"1283",2019-11-06,446.62
"1284",2019-11-07,446.75
"1285",2019-11-08,446.86
"1286",2019-11-09,446.91
"1287",2019-11-10,446.96
"1288",2019-11-11,446.95
"1289",2019-11-12,446.98
"1290",2019-11-13,446.93
"1291",2019-11-14,446.89
"1292",2019-11-15,446.96
"1293",2019-11-16,447.11
"1294",2019-11-17,447.24
"1295",2019-11-18,447.28
"1296",2019-11-19,447.23
"1297",2019-11-20,447.16
"1298",2019-11-21,447.08
"1299",2019-11-22,446.99
"1300",2019-11-23,446.98
"1301",2019-11-24,447.03
"1302",2019-11-25,446.96
"1303",2019-11-26,446.92
"1304",2019-11-27,446.87
"1305",2019-11-28,446.85
"1306",2019-11-29,446.94
"1307",2019-11-30,447.02
"1308",2019-12-01,447.18
"1309",2019-12-02,447.23
"1310",2019-12-03,447.25
"1311",2019-12-04,447.23
"1312",2019-12-05,447.15
"1313",2019-12-06,447.04
"1314",2019-12-07,447.14
"1315",2019-12-08,447.25
"1316",2019-12-09,447.21
"1317",2019-12-10,447.13
"1318",2019-12-11,447.09
"1319",2019-12-12,447.19
"1320",2019-12-13,447.32
"1321",2019-12-14,447.37
"1322",2019-12-15,447.45
"1323",2019-12-16,447.46
"1324",2019-12-17,447.42
"1325",2019-12-18,447.37
"1326",2019-12-19,447.35
"1327",2019-12-20,447.28
"1328",2019-12-21,447.31
"1329",2019-12-22,447.27
"1330",2019-12-23,447.15
"1331",2019-12-24,447.08
"1332",2019-12-25,447.15
"1333",2019-12-26,447.17
"1334",2019-12-27,447.17
"1335",2019-12-28,447.11
"1336",2019-12-29,447.08
"1337",2019-12-30,447.03
"1338",2019-12-31,447.04
"1339",2020-01-01,446.95
"1340",2020-01-02,446.86
"1341",2020-01-03,446.83
"1342",2020-01-04,446.94
"1343",2020-01-05,447.12
"1344",2020-01-06,447.14
"1345",2020-01-07,447.17
"1346",2020-01-08,447.19
"1347",2020-01-09,447.26
"1348",2020-01-10,447.51
"1349",2020-01-11,447.77
"1350",2020-01-12,447.88
"1351",2020-01-13,447.95
"1352",2020-01-14,448.12
"1353",2020-01-15,448.22
"1354",2020-01-16,448.24
"1355",2020-01-17,448.21
"1356",2020-01-18,448.26
"1357",2020-01-19,448.37
"1358",2020-01-20,448.3
"1359",2020-01-21,448.26
"1360",2020-01-22,448.21
"1361",2020-01-23,448.17
"1362",2020-01-24,448.1
"1363",2020-01-25,448.06
"1364",2020-01-26,448.06
"1365",2020-01-27,447.97
"1366",2020-01-28,447.91
"1367",2020-01-29,447.86
"1368",2020-01-30,447.85
"1369",2020-01-31,447.83
"1370",2020-02-01,447.84
"1371",2020-02-02,447.96
"1372",2020-02-03,448.08
"1373",2020-02-04,448.31
"1374",2020-02-05,448.68
"1375",2020-02-06,449.02
"1376",2020-02-07,449.25
"1377",2020-02-08,449.39
"1378",2020-02-09,449.51
"1379",2020-02-10,449.53
"1380",2020-02-11,449.4
"1381",2020-02-12,449.49
"1382",2020-02-13,449.6
"1383",2020-02-14,449.64
"1384",2020-02-15,449.73
"1385",2020-02-16,449.79
"1386",2020-02-17,449.84
"1387",2020-02-18,449.86
"1388",2020-02-19,449.83
"1389",2020-02-20,449.84
"1390",2020-02-21,449.89
"1391",2020-02-22,449.95
"1392",2020-02-23,450.02
"1393",2020-02-24,450.01
"1394",2020-02-25,450.02
"1395",2020-02-26,450.02
"1396",2020-02-27,450.14
"1397",2020-02-28,450.28
"1398",2020-02-29,450.37
"1399",2020-03-01,450.38
"1400",2020-03-02,450.36
"1401",2020-03-03,450.32
"1402",2020-03-04,450.34
"1403",2020-03-05,450.36
"1404",2020-03-06,450.34
"1405",2020-03-07,450.39
"1406",2020-03-08,450.45
"1407",2020-03-09,450.44
"1408",2020-03-10,450.44
"1409",2020-03-11,450.43
"1410",2020-03-12,450.39
"1411",2020-03-13,450.36
"1412",2020-03-14,450.36
"1413",2020-03-15,450.4
"1414",2020-03-16,450.36
"1415",2020-03-17,450.29
"1416",2020-03-18,450.27
"1417",2020-03-19,450.27
"1418",2020-03-20,450.3
"1419",2020-03-21,450.39
"1420",2020-03-22,450.51
"1421",2020-03-23,450.61
"1422",2020-03-24,450.7
"1423",2020-03-25,450.74
"1424",2020-03-26,450.76
"1425",2020-03-27,450.77
"1426",2020-03-28,450.77
"1427",2020-03-29,450.81
"1428",2020-03-30,450.81
"1429",2020-03-31,450.85
"1430",2020-04-01,450.89
"1431",2020-04-02,450.9
"1432",2020-04-03,450.91
"1433",2020-04-04,450.92
"1434",2020-04-05,450.95
"1435",2020-04-06,450.95
"1436",2020-04-07,450.95
"1437",2020-04-08,450.94
"1438",2020-04-09,450.94
"1439",2020-04-10,450.98
"1440",2020-04-11,451
"1441",2020-04-12,451.02
"1442",2020-04-13,450.98
"1443",2020-04-14,450.97
"1444",2020-04-15,450.96
"1445",2020-04-16,450.96
"1446",2020-04-17,450.95
"1447",2020-04-18,450.94
"1448",2020-04-19,450.96
"1449",2020-04-20,450.95
"1450",2020-04-21,450.97
"1451",2020-04-22,450.95
"1452",2020-04-23,450.92
"1453",2020-04-24,450.89
"1454",2020-04-25,450.88
"1455",2020-04-26,450.89
"1456",2020-04-27,450.87
"1457",2020-04-28,450.84
"1458",2020-04-29,450.81
"1459",2020-04-30,450.8
"1460",2020-05-01,450.82
"1461",2020-05-02,450.81
"1462",2020-05-03,450.82
"1463",2020-05-04,450.8
"1464",2020-05-05,450.78
"1465",2020-05-06,450.74
"1466",2020-05-07,450.72
"1467",2020-05-08,450.7
"1468",2020-05-09,450.69
"1469",2020-05-10,450.71
"1470",2020-05-11,450.69
"1471",2020-05-12,450.66
"1472",2020-05-13,450.62
"1473",2020-05-14,450.6
"1474",2020-05-15,450.57
"1475",2020-05-16,450.55
"1476",2020-05-17,450.55
"1477",2020-05-18,450.52
"1478",2020-05-19,450.5
"1479",2020-05-20,450.48
"1480",2020-05-21,450.46
"1481",2020-05-22,450.44
"1482",2020-05-23,450.42
"1483",2020-05-24,450.43
"1484",2020-05-25,450.43
"1485",2020-05-26,450.42
"1486",2020-05-27,450.41
"1487",2020-05-28,450.41
"1488",2020-05-29,450.4
"1489",2020-05-30,450.4
"1490",2020-05-31,450.41
"1491",2020-06-01,450.4
"1492",2020-06-02,450.39
"1493",2020-06-03,450.38
"1494",2020-06-04,450.37
"1495",2020-06-05,450.35
"1496",2020-06-06,450.35
"1497",2020-06-07,450.36
"1498",2020-06-08,450.37
"1499",2020-06-09,450.44
"1500",2020-06-10,450.46
"1501",2020-06-11,450.5
"1502",2020-06-12,450.52
"1503",2020-06-13,450.51
"1504",2020-06-14,450.53
"1505",2020-06-15,450.53
"1506",2020-06-16,450.52
"1507",2020-06-17,450.52
"1508",2020-06-18,450.53
"1509",2020-06-19,450.53
"1510",2020-06-20,450.52
"1511",2020-06-21,450.51
"1512",2020-06-22,450.47
"1513",2020-06-23,450.45
"1514",2020-06-24,450.44
"1515",2020-06-25,450.36
"1516",2020-06-26,450.28
"1517",2020-06-27,450.27
"1518",2020-06-28,450.32
"1519",2020-06-29,450.45
"1520",2020-06-30,450.57
"1521",2020-07-01,450.61
"1522",2020-07-02,450.62
"1523",2020-07-03,450.61
"1524",2020-07-04,450.61
"1525",2020-07-05,450.63
"1526",2020-07-06,450.63
"1527",2020-07-07,450.62
"1528",2020-07-08,450.61
"1529",2020-07-09,450.6
"1530",2020-07-10,450.59
"1531",2020-07-11,450.58
"1532",2020-07-12,450.58
"1533",2020-07-13,450.56
"1534",2020-07-14,450.53
"1535",2020-07-15,450.5
"1536",2020-07-16,450.47
"1537",2020-07-17,450.44
"1538",2020-07-18,450.45
"1539",2020-07-19,450.47
"1540",2020-07-20,450.46
"1541",2020-07-21,450.44
"1542",2020-07-22,450.43
"1543",2020-07-23,450.42
"1544",2020-07-24,450.39
"1545",2020-07-25,450.38
"1546",2020-07-26,450.38
"1547",2020-07-27,450.35
"1548",2020-07-28,450.33
"1549",2020-07-29,450.3
"1550",2020-07-30,450.29
"1551",2020-07-31,450.27
"1552",2020-08-01,450.27
"1553",2020-08-02,450.27
"1554",2020-08-03,450.26
"1555",2020-08-04,450.24
"1556",2020-08-05,450.2
"1557",2020-08-06,450.18
"1558",2020-08-07,450.15
"1559",2020-08-08,450.14
"1560",2020-08-09,450.13
"1561",2020-08-10,450.11
"1562",2020-08-11,450.1
"1563",2020-08-12,450.05
"1564",2020-08-13,450.02
"1565",2020-08-14,449.99
"1566",2020-08-15,449.97
"1567",2020-08-16,449.97
"1568",2020-08-17,449.97000122
"1569",2020-08-18,449.98001099
"1570",2020-08-19,449.98001099
"1571",2020-08-20,450
"1572",2020-08-21,449.98999023
"1573",2020-08-22,449.98999023
"1574",2020-08-23,450.04998779
"1575",2020-08-24,450.05999756
"1576",2020-08-25,450.04998779
"1577",2020-08-26,450.04000854
"1578",2020-08-27,450.01998901
"1579",2020-08-28,450.01000977
"1580",2020-08-29,449.98001099
"1581",2020-08-30,449.97000122
"1582",2020-08-31,449.94000244
"1583",2020-09-01,449.8999939
"1584",2020-09-02,449.85998535
"1585",2020-09-03,449.82998657
"1586",2020-09-04,449.79000854
"1587",2020-09-05,449.76000977
"1588",2020-09-06,449.73001099
"1589",2020-09-07,449.70001221
"1590",2020-09-08,449.61999512
"1591",2020-09-09,449.57998657
"1592",2020-09-10,449.5
"1593",2020-09-11,449.42001343
"1594",2020-09-12,449.38000488
"1595",2020-09-13,449.32998657
"1596",2020-09-14,449.22000122
"1597",2020-09-15,449.10998535
"1598",2020-09-16,449.01998901
"1599",2020-09-17,448.92999268
"1600",2020-09-18,448.8500061
"1601",2020-09-19,448.76998901
"1602",2020-09-20,448.72000122
"1603",2020-09-21,448.61999512
"1604",2020-09-22,448.5
"1605",2020-09-23,448.3999939
"1606",2020-09-24,448.29000854
"1607",2020-09-25,448.08999634
"1608",2020-09-26,447.89001465
"1609",2020-09-27,447.83999634
"1610",2020-09-28,447.66000366
"1611",2020-09-29,447.48999023
"1612",2020-09-30,447.36999512
"1613",2020-10-01,447.17999268
"1614",2020-10-02,446.98999023
"1615",2020-10-03,446.95999146
"1616",2020-10-04,446.92001343
"1617",2020-10-05,446.8500061
"1618",2020-10-06,446.79998779
"1619",2020-10-07,446.76000977
"1620",2020-10-08,446.72000122
"1621",2020-10-09,446.67999268
"1622",2020-10-10,446.67999268
"1623",2020-10-11,446.72000122
"1624",2020-10-12,446.73999023
"1625",2020-10-13,446.75
"1626",2020-10-14,446.73001099
"1627",2020-10-15,446.72000122
"1628",2020-10-16,446.70001221
"1629",2020-10-17,446.67999268
"1630",2020-10-18,446.67999268
"1631",2020-10-19,446.69000244
"1632",2020-10-20,446.67999268
"1633",2020-10-21,446.70001221
"1634",2020-10-22,446.76000977
"1635",2020-10-23,446.79998779
"1636",2020-10-24,446.79998779
"1637",2020-10-25,446.80999756
"1638",2020-10-26,446.82998657
"1639",2020-10-27,446.86999512
"1640",2020-10-28,446.85998535
"1641",2020-10-29,446.8500061
"1642",2020-10-30,446.82998657
"1643",2020-10-31,446.82000732
"1644",2020-11-01,446.82000732
"1645",2020-11-02,446.83999634
"1646",2020-11-03,446.83999634
"1647",2020-11-04,446.82000732
"1648",2020-11-05,446.79998779
"1649",2020-11-06,446.76998901
"1650",2020-11-07,446.76000977
"1651",2020-11-08,446.75
"1652",2020-11-09,446.73999023
"1653",2020-11-10,446.73001099
"1654",2020-11-11,446.73001099
"1655",2020-11-12,446.73999023
"1656",2020-11-13,446.79998779
"1657",2020-11-14,446.85998535
"1658",2020-11-15,446.88000488
"1659",2020-11-16,446.86999512
"1660",2020-11-17,446.86999512
"1661",2020-11-18,446.88000488
"1662",2020-11-19,446.98001099
"1663",2020-11-20,447.10998535
"1664",2020-11-21,447.23999023
"1665",2020-11-22,447.27999878
"1666",2020-11-23,447.26000977
"1667",2020-11-24,447.23001099
"1668",2020-11-25,447.20999146
"1669",2020-11-26,447.19000244
"1670",2020-11-27,447.17999268
"1671",2020-11-28,447.17999268
"1672",2020-11-29,447.17999268
"1673",2020-11-30,447.1499939
"1674",2020-12-01,447.04998779
"1675",2020-12-02,446.98999023
"1676",2020-12-03,446.92999268
"1677",2020-12-04,446.85998535
"1678",2020-12-05,446.76998901
"1679",2020-12-06,446.75
"1680",2020-12-07,446.69000244
"1681",2020-12-08,446.64001465
"1682",2020-12-09,446.67999268
"1683",2020-12-10,446.76000977
"1684",2020-12-11,446.80999756
"1685",2020-12-12,446.80999756
"1686",2020-12-13,446.82998657
"1687",2020-12-14,446.83999634
"1688",2020-12-15,446.77999878
"1689",2020-12-16,446.73999023
"1690",2020-12-17,446.75
"1691",2020-12-18,446.79998779
"1692",2020-12-19,446.75
"1693",2020-12-20,446.86999512
"1694",2020-12-21,446.92001343
"1695",2020-12-22,446.97000122
"1696",2020-12-23,446.98999023
"1697",2020-12-24,446.98001099
"1698",2020-12-25,447
"1699",2020-12-26,447.01998901
"1700",2020-12-27,447.01998901
"1701",2020-12-28,447
"1702",2020-12-29,447.01998901
"1703",2020-12-30,447.07000732
"1704",2020-12-31,447.16000366
"1705",2016-06-03,450.95
"1706",2016-06-25,451.41
"1707",2016-07-08,451.32
"1708",2016-07-09,451.3
"1709",2016-08-30,449.99
"1710",2016-09-03,449.88
"1711",2016-09-19,449.22
"1712",2017-01-01,447.25
"1713",2017-04-02,450.95
"1714",2017-04-15,451.14
"1715",2017-06-09,451.26
"1716",2017-06-12,451.29
"1717",2017-06-15,451.27
"1718",2017-06-16,451.23
"1719",2017-06-23,451.34
"1720",2017-06-24,451.35
"1721",2017-07-01,451.43
"1722",2017-07-07,451.35
"1723",2017-07-08,451.35
"1724",2017-08-06,450.1
"1725",2017-08-11,449.86
"1726",2017-08-12,449.81
"1727",2017-08-13,449.81
"1728",2017-08-15,449.72
"1729",2017-08-24,449.73
"1730",2017-08-26,449.68
"1731",2017-08-27,449.65
"1732",2017-08-31,449.38
"1733",2017-09-08,448.94
"1734",2017-09-09,448.86
"1735",2017-09-20,447.93
"1736",2017-09-23,447.63
"1737",2017-09-29,447.1
"1738",2017-10-11,446.88
"1739",2017-10-12,446.92
"1740",2017-10-15,446.88
"1741",2017-10-17,446.77
"1742",2017-10-27,446.67
"1743",2017-10-28,446.84
"1744",2017-11-05,446.96
"1745",2017-11-06,446.95
"1746",2017-11-16,446.84
"1747",2017-11-18,446.75
"1748",2017-11-20,446.89
"1749",2017-11-24,447.14
"1750",2017-12-02,447.05
"1751",2017-12-05,446.87
"1752",2018-01-01,447.74
"1753",2018-01-07,448.36
"1754",2018-03-15,450.38
"1755",2018-03-24,450.76
"1756",2018-03-26,450.84
"1757",2018-03-29,450.94
"1758",2018-04-03,451.14
"1759",2018-04-17,450.9
"1760",2016-06-04,451.04
"1761",2016-07-10,451.32
"1762",2016-12-27,447.47
"1763",2017-01-08,446.98
"1764",2017-02-27,450.78
"1765",2017-02-28,450.85
"1766",2017-03-31,450.98
"1767",2017-04-01,450.94
"1768",2017-04-14,451.17
"1769",2017-05-26,451.24
"1770",2017-06-17,451.24
"1771",2017-08-05,450.1
"1772",2017-08-19,449.59
"1773",2017-08-25,449.71
"1774",2017-09-17,448.26
"1775",2017-09-24,447.6
"1776",2017-09-26,447.4
"1777",2017-09-28,447.2
"1778",2017-10-13,446.88
"1779",2017-10-16,446.83
"1780",2017-11-26,447.2
"1781",2017-12-03,447.07
"1782",2018-01-04,448.16
"1783",2018-01-06,448.29
"1784",2018-03-16,450.41
"1785",2018-03-17,450.52
"1786",2018-03-23,450.71
"1787",2018-03-25,450.84
"1788",2018-03-28,450.89
"1789",2018-04-01,451.18
"1790",2018-04-02,451.16
"1791",2018-04-05,451.09
"1792",2018-04-12,450.93
"1793",2018-04-15,450.95
"1794",2018-04-16,450.92
"1795",2018-04-19,450.86
"1796",2018-04-20,450.8
"1797",2018-04-23,450.78
"1798",2018-04-26,450.64
"1799",2018-04-28,450.64
"1800",2018-05-01,450.62
"1801",2018-05-06,450.51
"1802",2016-05-07,449.83
"1803",2017-02-26,450.69
"1804",2017-04-16,451.17
"1805",2017-05-27,451.24
"1806",2017-05-28,451.24
"1807",2017-07-23,450.83
"1808",2017-08-08,450.02
"1809",2017-09-16,448.29
"1810",2017-10-14,446.85
"1811",2017-11-25,447.13
"1812",2018-03-30,451.09
"1813",2018-04-14,450.92
"1814",2018-04-21,450.8
"1815",2018-04-22,450.82
"1816",2018-04-29,450.66
"1817",2018-05-04,450.52
"1818",2018-05-05,450.5
"1819",2016-06-05,451.15
"1820",2017-09-07,449.02
"1821",2018-03-18,450.59
"1822",2018-03-31,451.18
"1823",2018-04-30,450.61
"1824",2017-05-12,451.32
"1825",2017-01-06,447.02
"1826",2016-05-14,449.67
"1827",2016-05-13,449.63
