"","date","energy_exchange"
"1",2016-01-01,-110.444518
"2",2016-01-02,-111.364337
"3",2016-01-03,-112.144648
"4",2016-01-04,-107.85402
"5",2016-01-05,-93.428394
"6",2016-01-06,-83.884702
"7",2016-01-07,-86.452442
"8",2016-01-08,-68.884468
"9",2016-01-09,-83.801039
"10",2016-01-10,-88.422271
"11",2016-01-11,-56.428414
"12",2016-01-12,-44.234342
"13",2016-01-13,-45.319899
"14",2016-01-14,-61.072094
"15",2016-01-15,-39.057664
"16",2016-01-16,-42.339462
"17",2016-01-17,-5.070729
"18",2016-01-18,-13.542505
"19",2016-01-19,-1.288575
"20",2016-01-20,3.322487
"21",2016-01-21,9.678388
"22",2016-01-22,8.030528
"23",2016-01-23,24.91915
"24",2016-01-24,45.874608
"25",2016-01-25,24.671491
"26",2016-01-26,6.207234
"27",2016-01-27,17.919079
"28",2016-01-28,16.117436
"29",2016-01-29,48.521392
"30",2016-01-30,62.564246
"31",2016-01-31,22.813042
"32",2016-02-01,-17.721922
"33",2016-02-02,-35.284666
"34",2016-02-03,-69.5921
"35",2016-02-04,-68.932947
"36",2016-02-05,-42.768321
"37",2016-02-06,-91.277408
"38",2016-02-07,-43.279626
"39",2016-02-08,-68.330469
"40",2016-02-09,-66.127998
"41",2016-02-10,-30.737944
"42",2016-02-11,-27.736095
"43",2016-02-12,-7.710489
"44",2016-02-13,-28.448832
"45",2016-02-14,-44.890915
"46",2016-02-15,-19.190926
"47",2016-02-16,-21.806628
"48",2016-02-17,-13.106893
"49",2016-02-18,-9.370134
"50",2016-02-19,-2.81982
"51",2016-02-20,-19.454217
"52",2016-02-21,-10.632207
"53",2016-02-22,-12.554577
"54",2016-02-23,-0.058984
"55",2016-02-24,11.757225
"56",2016-02-25,8.72389
"57",2016-02-26,14.194008
"58",2016-02-27,-14.309975
"59",2016-02-28,-27.213469
"60",2016-02-29,-18.002268
"61",2016-03-01,-14.194758
"62",2016-03-02,-21.203372
"63",2016-03-03,-35.690804
"64",2016-03-04,-53.000966
"65",2016-03-05,-77.201823
"66",2016-03-06,-38.268677
"67",2016-03-07,-46.384674
"68",2016-03-08,-47.397915
"69",2016-03-09,-58.962696
"70",2016-03-10,-70.402934
"71",2016-03-11,-80.600571
"72",2016-03-12,-79.646493
"73",2016-03-13,-26.740933
"74",2016-03-14,-52.666583
"75",2016-03-15,-50.574465
"76",2016-03-16,-37.491942
"77",2016-03-17,-32.330538
"78",2016-03-18,-28.215235
"79",2016-03-19,-56.383755
"80",2016-03-20,-30.388439
"81",2016-03-21,-31.672477
"82",2016-03-22,-38.071676
"83",2016-03-23,-36.475667
"84",2016-03-24,-53.977209
"85",2016-03-25,-90.964034
"86",2016-03-26,-91.860553
"87",2016-03-27,-59.381751
"88",2016-03-28,-76.456428
"89",2016-03-29,-66.706371
"90",2016-03-30,-56.407882
"91",2016-03-31,-48.172926
"92",2016-04-01,-42.132222
"93",2016-04-02,-57.691019
"94",2016-04-03,-54.68286
"95",2016-04-04,-43.121212
"96",2016-04-05,-13.176475
"97",2016-04-06,-10.368021
"98",2016-04-07,-2.048772
"99",2016-04-08,-14.704014
"100",2016-04-09,-38.305671
"101",2016-04-10,-23.28128
"102",2016-04-11,-36.662788
"103",2016-04-12,-49.685842
"104",2016-04-13,-46.552115
"105",2016-04-14,-32.468156
"106",2016-04-15,-37.646332
"107",2016-04-16,7.462362
"108",2016-04-17,23.588783
"109",2016-04-18,-4.91785
"110",2016-04-19,-13.960223
"111",2016-04-20,-0.604739
"112",2016-04-21,-15.274854
"113",2016-04-22,-15.023699
"114",2016-04-23,13.748952
"115",2016-04-24,-6.701072
"116",2016-04-25,-30.203778
"117",2016-04-26,-60.258326
"118",2016-04-27,-64.531356
"119",2016-04-28,-48.21899
"120",2016-04-29,-42.330894
"121",2016-04-30,-5.35625
"122",2016-05-01,21.310436
"123",2016-05-02,-36.409464
"124",2016-05-03,-42.868131
"125",2016-05-04,-44.537051
"126",2016-05-05,-44.009101
"127",2016-05-06,-43.159482
"128",2016-05-07,-63.481629
"129",2016-05-08,6.211379
"130",2016-05-09,-38.964402
"131",2016-05-10,-58.361864
"132",2016-05-11,-47.695667
"133",2016-05-12,-55.113725
"134",2016-05-13,15.81607
"135",2016-05-14,44.125947
"136",2016-05-15,41.938528
"137",2016-05-16,41.479077
"138",2016-05-17,39.183454
"139",2016-05-18,-12.114833
"140",2016-05-19,-14.005423
"141",2016-05-20,-27.223395
"142",2016-05-21,-48.743537
"143",2016-05-22,-39.601124
"144",2016-05-23,-59.997313
"145",2016-05-24,-67.154042
"146",2016-05-25,-55.514408
"147",2016-05-26,-51.651195
"148",2016-05-27,-52.169716
"149",2016-05-28,-54.82558
"150",2016-05-29,-22.753591
"151",2016-05-30,-46.145352
"152",2016-05-31,-43.482781
"153",2016-06-01,-18.997917
"154",2016-06-02,-38.940324
"155",2016-06-03,-59.404662
"156",2016-06-04,-39.6835
"157",2016-06-05,8.591017
"158",2016-06-06,10.781825
"159",2016-06-07,-20.229458
"160",2016-06-08,-7.427622
"161",2016-06-09,7.016136
"162",2016-06-10,1.828608
"163",2016-06-11,19.723536
"164",2016-06-12,38.070176
"165",2016-06-13,21.537895
"166",2016-06-14,-8.737997
"167",2016-06-15,1.383588
"168",2016-06-16,-12.171414
"169",2016-06-17,-7.214735
"170",2016-06-18,-6.62575
"171",2016-06-19,25.90619
"172",2016-06-20,-6.607041
"173",2016-06-21,-9.877808
"174",2016-06-22,-21.629334
"175",2016-06-23,-26.169404
"176",2016-06-24,-20.395861
"177",2016-06-25,-3.436723
"178",2016-06-26,16.653834
"179",2016-06-27,-19.763206
"180",2016-06-28,-23.14955
"181",2016-06-29,-22.011323
"182",2016-06-30,-23.94245
"183",2016-07-01,-20.352974
"184",2016-07-02,1.959697
"185",2016-07-03,-0.682392
"186",2016-07-04,-20.317302
"187",2016-07-05,-17.146766
"188",2016-07-06,-27.208026
"189",2016-07-07,-29.379255
"190",2016-07-08,-18.337802
"191",2016-07-09,-2.963033
"192",2016-07-10,8.115639
"193",2016-07-11,-5.71322
"194",2016-07-12,-11.11773
"195",2016-07-13,-10.796197
"196",2016-07-14,-29.69548
"197",2016-07-15,-41.078887
"198",2016-07-16,-61.644191
"199",2016-07-17,-41.873305
"200",2016-07-18,-62.846672
"201",2016-07-19,-68.627725
"202",2016-07-20,-57.553041
"203",2016-07-21,-50.739491
"204",2016-07-22,-51.380694
"205",2016-07-23,-56.11179
"206",2016-07-24,-14.058205
"207",2016-07-25,-57.41936
"208",2016-07-26,-65.268695
"209",2016-07-27,-56.328434
"210",2016-07-28,-37.882191
"211",2016-07-29,-37.790105
"212",2016-07-30,-57.466566
"213",2016-07-31,-8.770744
"214",2016-08-01,-23.968479
"215",2016-08-02,-13.298563
"216",2016-08-03,-23.072379
"217",2016-08-04,-27.327784
"218",2016-08-05,10.369682
"219",2016-08-06,-9.514463
"220",2016-08-07,-12.678881
"221",2016-08-08,-36.25755
"222",2016-08-09,-42.428033
"223",2016-08-10,-36.240287
"224",2016-08-11,-20.349989
"225",2016-08-12,-31.284906
"226",2016-08-13,-1.494839
"227",2016-08-14,4.428465
"228",2016-08-15,-28.046601
"229",2016-08-16,-40.240506
"230",2016-08-17,-35.026045
"231",2016-08-18,-37.279614
"232",2016-08-19,-62.6523
"233",2016-08-20,-70.101095
"234",2016-08-21,-36.196619
"235",2016-08-22,-62.145018
"236",2016-08-23,-73.862148
"237",2016-08-24,-78.835904
"238",2016-08-25,-72.730039
"239",2016-08-26,-74.238157
"240",2016-08-27,-77.350656
"241",2016-08-28,-69.446164
"242",2016-08-29,-73.388753
"243",2016-08-30,-72.019747
"244",2016-08-31,-69.795919
"245",2016-09-01,-74.654824
"246",2016-09-02,-65.160916
"247",2016-09-03,-68.94345
"248",2016-09-04,-37.211168
"249",2016-09-05,-61.268013
"250",2016-09-06,-78.846953
"251",2016-09-07,-32.848342
"252",2016-09-08,-52.352463
"253",2016-09-09,-54.426195
"254",2016-09-10,-63.481962
"255",2016-09-11,-45.492287
"256",2016-09-12,-53.115447
"257",2016-09-13,-72.936501
"258",2016-09-14,-68.898749
"259",2016-09-15,-60.59217
"260",2016-09-16,-56.428803
"261",2016-09-17,-59.197683
"262",2016-09-18,-18.069078
"263",2016-09-19,-36.477739
"264",2016-09-20,-69.165292
"265",2016-09-21,-62.417553
"266",2016-09-22,-63.018661
"267",2016-09-23,-64.069002
"268",2016-09-24,-65.723127
"269",2016-09-25,-19.318307
"270",2016-09-26,-48.696777
"271",2016-09-27,-53.990472
"272",2016-09-28,-44.112223
"273",2016-09-29,-33.079
"274",2016-09-30,-50.973476
"275",2016-10-01,-43.085512
"276",2016-10-02,33.419866
"277",2016-10-03,-29.110918
"278",2016-10-04,-34.604589
"279",2016-10-05,-39.602511
"280",2016-10-06,-40.327351
"281",2016-10-07,-32.437671
"282",2016-10-08,-42.352585
"283",2016-10-09,0.446235
"284",2016-10-10,-35.590305
"285",2016-10-11,-51.375784
"286",2016-10-12,23.074831
"287",2016-10-13,-58.721198
"288",2016-10-14,-70.4485
"289",2016-10-15,-69.98174
"290",2016-10-16,-4.73943026
"291",2016-10-17,-44.25419
"292",2016-10-18,-59.095934
"293",2016-10-19,-76.24089
"294",2016-10-20,-60.523596
"295",2016-10-21,-74.277787
"296",2016-10-22,-78.167347
"297",2016-10-23,-35.431993
"298",2016-10-24,-63.49965
"299",2016-10-25,-71.292208
"300",2016-10-26,-70.141224
"301",2016-10-27,-69.555001
"302",2016-10-28,-65.003384
"303",2016-10-29,-59.747924
"304",2016-10-30,11.321396
"305",2016-10-31,-31.664739
"306",2016-11-01,-39.739798
"307",2016-11-02,-50.519137
"308",2016-11-03,-54.483684
"309",2016-11-04,-48.560784
"310",2016-11-05,-59.627856
"311",2016-11-06,-9.736533
"312",2016-11-07,-30.935182
"313",2016-11-08,-28.848237
"314",2016-11-09,-27.742332
"315",2016-11-10,-34.42673
"316",2016-11-11,-59.029761
"317",2016-11-12,-32.748622
"318",2016-11-13,13.84144
"319",2016-11-14,-36.717756
"320",2016-11-15,-0.538216
"321",2016-11-16,-26.3453
"322",2016-11-17,-30.755979
"323",2016-11-18,-49.604213
"324",2016-11-19,-20.729137
"325",2016-11-20,31.155829
"326",2016-11-21,1.40496
"327",2016-11-22,-14.646911
"328",2016-11-23,-7.383853
"329",2016-11-24,4.174933
"330",2016-11-25,3.739472
"331",2016-11-26,30.760278
"332",2016-11-27,15.653986
"333",2016-11-28,15.433375
"334",2016-11-29,1.746563
"335",2016-11-30,16.964231
"336",2016-12-01,14.618551
"337",2016-12-02,21.864731
"338",2016-12-03,0.310142
"339",2016-12-04,-4.502883
"340",2016-12-05,-1.742629
"341",2016-12-06,-6.232071
"342",2016-12-07,-5.799245
"343",2016-12-08,-34.594939
"344",2016-12-09,-38.973577
"345",2016-12-10,1.493374
"346",2016-12-11,20.317815
"347",2016-12-12,2.272805
"348",2016-12-13,6.989682
"349",2016-12-14,-13.468513
"350",2016-12-15,7.678943
"351",2016-12-16,-6.038034
"352",2016-12-17,6.659231
"353",2016-12-18,24.073455
"354",2016-12-19,7.941188
"355",2016-12-20,4.643877
"356",2016-12-21,2.457568
"357",2016-12-22,17.702636
"358",2016-12-23,-13.547583
"359",2016-12-24,43.212117
"360",2016-12-25,41.524475
"361",2016-12-26,9.53501
"362",2016-12-27,14.714828
"363",2016-12-28,30.721082
"364",2016-12-29,-3.420493
"365",2016-12-30,-1.83551
"366",2016-12-31,48.571363
"367",2017-01-01,72.80116
"368",2017-01-02,-5.255073
"369",2017-01-03,-2.874029
"370",2017-01-04,-15.231916
"371",2017-01-05,-22.369401
"372",2017-01-06,-34.559208
"373",2017-01-07,-42.420102
"374",2017-01-08,-5.278624
"375",2017-01-09,-26.268743
"376",2017-01-10,-61.857442
"377",2017-01-11,-39.241013
"378",2017-01-12,-36.768312
"379",2017-01-13,-40.878213
"380",2017-01-14,-4.067142
"381",2017-01-15,-12.487724
"382",2017-01-16,-24.855319
"383",2017-01-17,-18.491487
"384",2017-01-18,-33.331449
"385",2017-01-19,-27.450679
"386",2017-01-20,-18.780933
"387",2017-01-21,11.451286
"388",2017-01-22,22.523531
"389",2017-01-23,23.160515
"390",2017-01-24,20.204379
"391",2017-01-25,-5.573096
"392",2017-01-26,-26.277704
"393",2017-01-27,-2.382163
"394",2017-01-28,25.668111
"395",2017-01-29,51.905861
"396",2017-01-30,26.943514
"397",2017-01-31,19.263724
"398",2017-02-01,18.2741
"399",2017-02-02,7.327086
"400",2017-02-03,11.757634
"401",2017-02-04,22.88647
"402",2017-02-05,58.264288
"403",2017-02-06,14.876528
"404",2017-02-07,27.474445
"405",2017-02-08,4.579002
"406",2017-02-09,22.330551
"407",2017-02-10,37.49996
"408",2017-02-11,41.279661
"409",2017-02-12,28.930451
"410",2017-02-13,27.362209
"411",2017-02-14,16.146587
"412",2017-02-15,30.133209
"413",2017-02-16,43.463705
"414",2017-02-17,31.824213
"415",2017-02-18,39.519196
"416",2017-02-19,51.93934
"417",2017-02-20,35.757766
"418",2017-02-21,36.212103
"419",2017-02-22,41.003524
"420",2017-02-23,35.81939
"421",2017-02-24,43.090368
"422",2017-02-25,55.278633
"423",2017-02-26,66.910512
"424",2017-02-27,61.666832
"425",2017-02-28,56.963548
"426",2017-03-01,37.75234
"427",2017-03-02,59.932749
"428",2017-03-03,67.59743
"429",2017-03-04,63.347959
"430",2017-03-05,79.626264
"431",2017-03-06,43.448319
"432",2017-03-07,64.586078
"433",2017-03-08,56.982023
"434",2017-03-09,55.50727
"435",2017-03-10,50.374358
"436",2017-03-11,58.045259
"437",2017-03-12,43.834554
"438",2017-03-13,21.721731
"439",2017-03-14,33.788697
"440",2017-03-15,46.240295
"441",2017-03-16,29.676381
"442",2017-03-17,29.816186
"443",2017-03-18,91.958544
"444",2017-03-19,97.877915
"445",2017-03-20,70.554851
"446",2017-03-21,64.614775
"447",2017-03-22,64.436718
"448",2017-03-23,69.18125
"449",2017-03-24,71.784968
"450",2017-03-25,87.062509
"451",2017-03-26,86.309475
"452",2017-03-27,82.477107
"453",2017-03-28,83.229525
"454",2017-03-29,93.613535
"455",2017-03-30,83.359855
"456",2017-03-31,89.01672
"457",2017-04-01,99.357148
"458",2017-04-02,87.8348
"459",2017-04-03,86.841222
"460",2017-04-04,94.405801
"461",2017-04-05,88.060316
"462",2017-04-06,79.850656
"463",2017-04-07,55.551819
"464",2017-04-08,80.412961
"465",2017-04-09,84.38714
"466",2017-04-10,46.58328
"467",2017-04-11,36.910575
"468",2017-04-12,45.652514
"469",2017-04-13,48.600262
"470",2017-04-14,86.584223
"471",2017-04-15,98.515586
"472",2017-04-16,104.046534
"473",2017-04-17,68.038157
"474",2017-04-18,80.61092
"475",2017-04-19,85.901748
"476",2017-04-20,83.095905
"477",2017-04-21,102.734871
"478",2017-04-22,105.298601
"479",2017-04-23,104.894456
"480",2017-04-24,95.882464
"481",2017-04-25,78.63957
"482",2017-04-26,57.380009
"483",2017-04-27,53.390447
"484",2017-04-28,73.933654
"485",2017-04-29,105.834073
"486",2017-04-30,95.701384
"487",2017-05-01,101.373742
"488",2017-05-02,68.869181
"489",2017-05-03,92.245984
"490",2017-05-04,102.383196
"491",2017-05-05,110.469733
"492",2017-05-06,127.216086
"493",2017-05-07,98.438444
"494",2017-05-08,101.267503
"495",2017-05-09,106.566555
"496",2017-05-10,103.830393
"497",2017-05-11,111.059954
"498",2017-05-12,95.089887
"499",2017-05-13,116.111753
"500",2017-05-14,65.815987
"501",2017-05-15,89.226991
"502",2017-05-16,97.818419
"503",2017-05-17,98.294365
"504",2017-05-18,85.885296
"505",2017-05-19,73.632484
"506",2017-05-20,20.748017
"507",2017-05-21,51.046373
"508",2017-05-22,43.439249
"509",2017-05-23,44.702135
"510",2017-05-24,64.184407
"511",2017-05-25,36.665981
"512",2017-05-26,29.601228
"513",2017-05-27,8.994155
"514",2017-05-28,21.569832
"515",2017-05-29,18.613056
"516",2017-05-30,12.542315
"517",2017-05-31,-7.27102
"518",2017-06-01,-3.697322
"519",2017-06-02,-16.217799
"520",2017-06-03,-44.350583
"521",2017-06-04,-20.612239
"522",2017-06-05,-37.900687
"523",2017-06-06,-40.946432
"524",2017-06-07,-28.269236
"525",2017-06-08,-20.379584
"526",2017-06-09,-32.831972
"527",2017-06-10,-66.025568
"528",2017-06-11,-12.250303
"529",2017-06-12,-13.535402
"530",2017-06-13,-33.300931
"531",2017-06-14,-25.990533
"532",2017-06-15,-22.706644
"533",2017-06-16,-44.273958
"534",2017-06-17,-55.518336
"535",2017-06-18,-9.26721
"536",2017-06-19,-44.132937
"537",2017-06-20,-43.113087
"538",2017-06-21,-38.886942
"539",2017-06-22,-46.762988
"540",2017-06-23,-66.713211
"541",2017-06-24,-82.857013
"542",2017-06-25,-16.348857
"543",2017-06-26,-53.356704
"544",2017-06-27,-44.584826
"545",2017-06-28,-51.661911
"546",2017-06-29,-41.027515
"547",2017-06-30,-68.091432
"548",2017-07-01,-32.668312
"549",2017-07-02,42.758199
"550",2017-07-03,-33.847501
"551",2017-07-04,-34.445199
"552",2017-07-05,-32.455284
"553",2017-07-06,-33.673023
"554",2017-07-07,-32.924397
"555",2017-07-08,3.68091
"556",2017-07-09,46.649975
"557",2017-07-10,-10.713769
"558",2017-07-11,-16.443042
"559",2017-07-12,-0.03167
"560",2017-07-13,-2.958863
"561",2017-07-14,-9.228395
"562",2017-07-15,9.007877
"563",2017-07-16,45.593374
"564",2017-07-17,-18.224111
"565",2017-07-18,-18.854688
"566",2017-07-19,-8.4043
"567",2017-07-20,-14.268458
"568",2017-07-21,-9.418423
"569",2017-07-22,16.66959
"570",2017-07-23,39.096061
"571",2017-07-24,13.217075
"572",2017-07-25,3.010464
"573",2017-07-26,8.026468
"574",2017-07-27,7.363148
"575",2017-07-28,2.423422
"576",2017-07-29,36.20651
"577",2017-07-30,75.346167
"578",2017-07-31,36.15497
"579",2017-08-01,40.173627
"580",2017-08-02,28.545148
"581",2017-08-03,3.994432
"582",2017-08-04,-4.098386
"583",2017-08-05,9.601304
"584",2017-08-06,60.537334
"585",2017-08-07,40.312197
"586",2017-08-08,20.686828
"587",2017-08-09,9.770171
"588",2017-08-10,-11.417157
"589",2017-08-11,13.510909
"590",2017-08-12,12.906387
"591",2017-08-13,48.941555
"592",2017-08-14,2.073829
"593",2017-08-15,0.924099
"594",2017-08-16,4.756563
"595",2017-08-17,1.222102
"596",2017-08-18,4.056004
"597",2017-08-19,19.896207
"598",2017-08-20,46.586454
"599",2017-08-21,1.612944
"600",2017-08-22,-17.449764
"601",2017-08-23,-8.617034
"602",2017-08-24,-5.52594
"603",2017-08-25,8.487557
"604",2017-08-26,31.511086
"605",2017-08-27,78.028197
"606",2017-08-28,8.363973
"607",2017-08-29,18.882147
"608",2017-08-30,6.327431
"609",2017-08-31,-9.2273
"610",2017-09-01,9.328761
"611",2017-09-02,29.561796
"612",2017-09-03,73.746483
"613",2017-09-04,24.813733
"614",2017-09-05,23.418554
"615",2017-09-06,12.470238
"616",2017-09-07,55.326289
"617",2017-09-08,17.894468
"618",2017-09-09,39.134298
"619",2017-09-10,62.052738
"620",2017-09-11,-4.544146
"621",2017-09-12,-0.689837
"622",2017-09-13,0.460004
"623",2017-09-14,4.931073
"624",2017-09-15,-9.956512
"625",2017-09-16,30.201519
"626",2017-09-17,63.692849
"627",2017-09-18,51.715946
"628",2017-09-19,55.084954
"629",2017-09-20,59.523477
"630",2017-09-21,62.718482
"631",2017-09-22,80.84818
"632",2017-09-23,83.365058
"633",2017-09-24,66.216925
"634",2017-09-25,81.043543
"635",2017-09-26,100.652721
"636",2017-09-27,91.248456
"637",2017-09-28,87.143714
"638",2017-09-29,91.473966
"639",2017-09-30,76.359016
"640",2017-10-01,70.049024
"641",2017-10-02,75.179886
"642",2017-10-03,73.927221
"643",2017-10-04,85.757961
"644",2017-10-05,81.587988
"645",2017-10-06,73.849853
"646",2017-10-07,71.453124
"647",2017-10-08,48.164754
"648",2017-10-09,52.867831
"649",2017-10-10,26.011356
"650",2017-10-11,-0.396103
"651",2017-10-12,-1.632829
"652",2017-10-13,-16.435601
"653",2017-10-14,-0.905613
"654",2017-10-15,27.65438817
"655",2017-10-16,-7.852132
"656",2017-10-17,-32.026339
"657",2017-10-18,-40.108717
"658",2017-10-19,-63.899793
"659",2017-10-20,-77.596094
"660",2017-10-21,-19.977154
"661",2017-10-22,-37.880668
"662",2017-10-23,-53.107652
"663",2017-10-24,-72.339495
"664",2017-10-25,-78.747217
"665",2017-10-26,-68.586084
"666",2017-10-27,-68.610602
"667",2017-10-28,-70.620961
"668",2017-10-29,-30.241042
"669",2017-10-30,-57.247461
"670",2017-10-31,-51.663065
"671",2017-11-01,-44.805806
"672",2017-11-02,17.464338
"673",2017-11-03,-2.9034
"674",2017-11-04,3.456235
"675",2017-11-05,14.728243
"676",2017-11-06,11.22106
"677",2017-11-07,-15.344037
"678",2017-11-08,-15.498612
"679",2017-11-09,-5.064736
"680",2017-11-10,-22.601117
"681",2017-11-11,-33.949007
"682",2017-11-12,19.436266
"683",2017-11-13,-20.545021
"684",2017-11-14,-20.941524
"685",2017-11-15,21.602697
"686",2017-11-16,-22.83838
"687",2017-11-17,-47.938023
"688",2017-11-18,-33.5472
"689",2017-11-19,-0.398759
"690",2017-11-20,-36.199701
"691",2017-11-21,-35.75396
"692",2017-11-22,-55.645026
"693",2017-11-23,-65.528925
"694",2017-11-24,-33.925443
"695",2017-11-25,-11.153529
"696",2017-11-26,27.771703
"697",2017-11-27,-20.967285
"698",2017-11-28,-18.912416
"699",2017-11-29,-19.810272
"700",2017-11-30,-23.504685
"701",2017-12-01,-7.461303
"702",2017-12-02,-6.867448
"703",2017-12-03,25.572294
"704",2017-12-04,16.268
"705",2017-12-05,27.031332
"706",2017-12-06,54.620493
"707",2017-12-07,48.621987
"708",2017-12-08,48.07302
"709",2017-12-09,43.477984
"710",2017-12-10,57.288671
"711",2017-12-11,57.55117
"712",2017-12-12,75.489338
"713",2017-12-13,82.473499
"714",2017-12-14,86.161801
"715",2017-12-15,102.271231
"716",2017-12-16,82.623919
"717",2017-12-17,93.522748
"718",2017-12-18,85.967448
"719",2017-12-19,62.791101
"720",2017-12-20,80.919742
"721",2017-12-21,93.219412
"722",2017-12-22,77.387372
"723",2017-12-23,89.335063
"724",2017-12-24,65.124525
"725",2017-12-25,59.689703
"726",2017-12-26,53.704171
"727",2017-12-27,60.221357
"728",2017-12-28,62.548771
"729",2017-12-29,56.744482
"730",2017-12-30,63.746593
"731",2017-12-31,89.145758
"732",2018-01-01,84.080541
"733",2018-01-02,29.43598
"734",2018-01-03,14.199605
"735",2018-01-04,37.586524
"736",2018-01-05,57.374675
"737",2018-01-06,73.789154
"738",2018-01-07,109.44114
"739",2018-01-08,70.090694
"740",2018-01-09,69.82299
"741",2018-01-10,55.996022
"742",2018-01-11,59.480765
"743",2018-01-12,57.504913
"744",2018-01-13,46.891111
"745",2018-01-14,58.292271
"746",2018-01-15,50.569606
"747",2018-01-16,31.921417
"748",2018-01-17,39.290842
"749",2018-01-18,12.762041
"750",2018-01-19,29.494995
"751",2018-01-20,7.644006
"752",2018-01-21,33.962558
"753",2018-01-22,11.619961
"754",2018-01-23,-2.46979
"755",2018-01-24,3.34737
"756",2018-01-25,1.396141
"757",2018-01-26,7.917363
"758",2018-01-27,20.015207
"759",2018-01-28,40.086803
"760",2018-01-29,20.133942
"761",2018-01-30,8.198785
"762",2018-01-31,19.683229
"763",2018-02-01,18.878222
"764",2018-02-02,21.072154
"765",2018-02-03,34.510152
"766",2018-02-04,82.962862
"767",2018-02-05,39.943166
"768",2018-02-06,29.73253
"769",2018-02-07,37.649812
"770",2018-02-08,21.534314
"771",2018-02-09,31.842027
"772",2018-02-10,42.544662
"773",2018-02-11,93.734969
"774",2018-02-12,46.201312
"775",2018-02-13,68.632074
"776",2018-02-14,39.107706
"777",2018-02-15,20.041761
"778",2018-02-16,16.060186
"779",2018-02-17,22.724441
"780",2018-02-18,67.890637
"781",2018-02-19,27.61579
"782",2018-02-20,23.309838
"783",2018-02-21,23.348943
"784",2018-02-22,21.438683
"785",2018-02-23,41.38779
"786",2018-02-24,59.487471
"787",2018-02-25,92.528607
"788",2018-02-26,44.414192
"789",2018-02-27,59.420544
"790",2018-02-28,52.247382
"791",2018-03-01,64.086729
"792",2018-03-02,54.765752
"793",2018-03-03,58.929571
"794",2018-03-04,87.393192
"795",2018-03-05,55.618345
"796",2018-03-06,62.061132
"797",2018-03-07,62.682072
"798",2018-03-08,58.365833
"799",2018-03-09,74.830798
"800",2018-03-10,92.265347
"801",2018-03-11,117.609753
"802",2018-03-12,71.085299
"803",2018-03-13,78.133544
"804",2018-03-14,75.000451
"805",2018-03-15,59.303093
"806",2018-03-16,80.773094
"807",2018-03-17,45.612906
"808",2018-03-18,80.241503
"809",2018-03-19,49.827758
"810",2018-03-20,51.648454
"811",2018-03-21,52.825361
"812",2018-03-22,58.645185
"813",2018-03-23,69.983205
"814",2018-03-24,75.135368
"815",2018-03-25,75.257539
"816",2018-03-26,51.077457
"817",2018-03-27,20.232646
"818",2018-03-28,28.814754
"819",2018-03-29,36.535878
"820",2018-03-30,89.053719
"821",2018-03-31,67.989965
"822",2018-04-01,62.715571
"823",2018-04-02,27.691948
"824",2018-04-03,35.838994
"825",2018-04-04,50.085295
"826",2018-04-05,61.804322
"827",2018-04-06,54.05455
"828",2018-04-07,99.862286
"829",2018-04-08,63.669414
"830",2018-04-09,67.06521
"831",2018-04-10,68.561324
"832",2018-04-11,52.875806
"833",2018-04-12,64.078649
"834",2018-04-13,54.87363
"835",2018-04-14,93.151946
"836",2018-04-15,93.66684
"837",2018-04-16,75.904759
"838",2018-04-17,72.058469
"839",2018-04-18,82.916094
"840",2018-04-19,89.929922
"841",2018-04-20,89.823876
"842",2018-04-21,122.708991
"843",2018-04-22,106.862749
"844",2018-04-23,102.178002
"845",2018-04-24,86.634588
"846",2018-04-25,100.2319
"847",2018-04-26,89.577326
"848",2018-04-27,96.364414
"849",2018-04-28,115.248645
"850",2018-04-29,119.18533
"851",2018-04-30,86.737598
"852",2018-05-01,114.562876
"853",2018-05-02,82.479862
"854",2018-05-03,71.355766
"855",2018-05-04,77.581007
"856",2018-05-05,103.351417
"857",2018-05-06,105.761269
"858",2018-05-07,68.235146
"859",2018-05-08,64.455968
"860",2018-05-09,68.739541
"861",2018-05-10,94.758009
"862",2018-05-11,66.712651
"863",2018-05-12,104.220271
"864",2018-05-13,109.53092
"865",2018-05-14,60.721914
"866",2018-05-15,73.821315
"867",2018-05-16,65.205743
"868",2018-05-17,73.584742
"869",2018-05-18,70.885033
"870",2018-05-19,88.309633
"871",2018-05-20,72.111058
"872",2018-05-21,63.305971
"873",2018-05-22,72.361858
"874",2018-05-23,83.434169
"875",2018-05-24,71.756632
"876",2018-05-25,66.675881
"877",2018-05-26,82.688974
"878",2018-05-27,101.799528
"879",2018-05-28,67.365242
"880",2018-05-29,70.211857
"881",2018-05-30,76.68205
"882",2018-05-31,109.792109
"883",2018-06-01,99.755526
"884",2018-06-02,96.105983
"885",2018-06-03,102.317402
"886",2018-06-04,78.142044
"887",2018-06-05,101.001058
"888",2018-06-06,98.445643
"889",2018-06-07,83.337196
"890",2018-06-08,81.817265
"891",2018-06-09,116.47041
"892",2018-06-10,103.572906
"893",2018-06-11,70.701562
"894",2018-06-12,70.937302
"895",2018-06-13,71.910053
"896",2018-06-14,75.993286
"897",2018-06-15,82.945141
"898",2018-06-16,117.966036
"899",2018-06-17,101.204571
"900",2018-06-18,70.945671
"901",2018-06-19,91.671619
"902",2018-06-20,89.718699
"903",2018-06-21,68.130379
"904",2018-06-22,78.26004
"905",2018-06-23,114.595404
"906",2018-06-24,107.682242
"907",2018-06-25,75.743337
"908",2018-06-26,68.000046
"909",2018-06-27,82.654259
"910",2018-06-28,73.120273
"911",2018-06-29,78.538151
"912",2018-06-30,79.641688
"913",2018-07-01,78.545606
"914",2018-07-02,67.282553
"915",2018-07-03,51.835523
"916",2018-07-04,63.868809
"917",2018-07-05,43.322275
"918",2018-07-06,53.303592
"919",2018-07-07,61.06634
"920",2018-07-08,58.630958
"921",2018-07-09,38.476588
"922",2018-07-10,35.317303
"923",2018-07-11,42.5475
"924",2018-07-12,46.821984
"925",2018-07-13,48.669248
"926",2018-07-14,84.698994
"927",2018-07-15,65.101265
"928",2018-07-16,39.855979
"929",2018-07-17,24.609127
"930",2018-07-18,29.998479
"931",2018-07-19,26.668698
"932",2018-07-20,26.858902
"933",2018-07-21,44.348115
"934",2018-07-22,62.49535
"935",2018-07-23,22.401341
"936",2018-07-24,17.005401
"937",2018-07-25,-15.737549
"938",2018-07-26,-7.898373
"939",2018-07-27,3.980565
"940",2018-07-28,14.081045
"941",2018-07-29,38.78883
"942",2018-07-30,-1.883117
"943",2018-07-31,13.775804
"944",2018-08-01,25.045472
"945",2018-08-02,28.928372
"946",2018-08-03,22.78278
"947",2018-08-04,52.424096
"948",2018-08-05,55.45292
"949",2018-08-06,36.224927
"950",2018-08-07,18.849214
"951",2018-08-08,14.762876
"952",2018-08-09,9.780799
"953",2018-08-10,13.297113
"954",2018-08-11,57.191385
"955",2018-08-12,55.887742
"956",2018-08-13,27.271775
"957",2018-08-14,37.64186
"958",2018-08-15,65.236035
"959",2018-08-16,58.893185
"960",2018-08-17,54.908091
"961",2018-08-18,65.603549
"962",2018-08-19,74.937172
"963",2018-08-20,80.818171
"964",2018-08-21,86.117426
"965",2018-08-22,92.154669
"966",2018-08-23,75.37696
"967",2018-08-24,53.40446
"968",2018-08-25,26.004553
"969",2018-08-26,42.494573
"970",2018-08-27,44.978024
"971",2018-08-28,42.534422
"972",2018-08-29,46.868657
"973",2018-08-30,55.729956
"974",2018-08-31,39.626743
"975",2018-09-01,34.093953
"976",2018-09-02,11.578818
"977",2018-09-03,8.128352
"978",2018-09-04,-3.033013
"979",2018-09-05,-12.080964
"980",2018-09-06,-15.094688
"981",2018-09-07,-3.237563
"982",2018-09-08,5.372386
"983",2018-09-09,3.886389
"984",2018-09-10,-31.061246
"985",2018-09-11,-39.2011
"986",2018-09-12,-45.186719
"987",2018-09-13,-39.935712
"988",2018-09-14,-45.22135
"989",2018-09-15,-78.242532
"990",2018-09-16,-39.795155
"991",2018-09-17,-51.75091
"992",2018-09-18,-46.046675
"993",2018-09-19,-57.360904
"994",2018-09-20,-66.108844
"995",2018-09-21,-59.229131
"996",2018-09-22,-76.529096
"997",2018-09-23,-60.859206
"998",2018-09-24,-27.20169
"999",2018-09-25,-50.540702
"1000",2018-09-26,-0.862229
"1001",2018-09-27,9.036286
"1002",2018-09-28,15.781871
"1003",2018-09-29,-12.805242
"1004",2018-09-30,-12.476535
"1005",2018-10-01,-23.722427
"1006",2018-10-02,-44.735399
"1007",2018-10-03,-31.665079
"1008",2018-10-04,-25.974572
"1009",2018-10-05,-66.143968
"1010",2018-10-06,-9.756165
"1011",2018-10-07,28.226162
"1012",2018-10-08,-23.802023
"1013",2018-10-09,-38.27576
"1014",2018-10-10,-58.03077
"1015",2018-10-11,-63.480913
"1016",2018-10-12,-49.245425
"1017",2018-10-13,-55.922144
"1018",2018-10-14,-55.667639
"1019",2018-10-15,-59.92277
"1020",2018-10-16,-57.506596
"1021",2018-10-17,-45.830044
"1022",2018-10-18,-33.311679
"1023",2018-10-19,-66.947554
"1024",2018-10-20,-68.227199
"1025",2018-10-21,-30.141727
"1026",2018-10-22,-32.287666
"1027",2018-10-23,-47.106208
"1028",2018-10-24,-66.38875
"1029",2018-10-25,-46.876079
"1030",2018-10-26,-46.652295
"1031",2018-10-27,-25.529425
"1032",2018-10-28,21.583895
"1033",2018-10-29,-24.588266
"1034",2018-10-30,-36.567027
"1035",2018-10-31,-44.514036
"1036",2018-11-01,-53.161477
"1037",2018-11-02,-50.71359
"1038",2018-11-03,-51.177603
"1039",2018-11-04,-40.99746678
"1040",2018-11-05,-57.897074
"1041",2018-11-06,-49.714056
"1042",2018-11-07,-63.874184
"1043",2018-11-08,-61.044691
"1044",2018-11-09,-55.062874
"1045",2018-11-10,-54.401168
"1046",2018-11-11,-8.897817
"1047",2018-11-12,-39.694899
"1048",2018-11-13,-27.294777
"1049",2018-11-14,-25.138851
"1050",2018-11-15,-42.92478
"1051",2018-11-16,-43.294047
"1052",2018-11-17,-44.467305
"1053",2018-11-18,-5.697912
"1054",2018-11-19,-46.143632
"1055",2018-11-20,-27.773261
"1056",2018-11-21,-3.238734
"1057",2018-11-22,-19.381083
"1058",2018-11-23,-21.949097
"1059",2018-11-24,-54.03509
"1060",2018-11-25,-35.845356
"1061",2018-11-26,-29.874248
"1062",2018-11-27,-41.877096
"1063",2018-11-28,-31.376206
"1064",2018-11-29,6.642723
"1065",2018-11-30,18.318347
"1066",2018-12-01,-30.26095
"1067",2018-12-02,21.844046
"1068",2018-12-03,-8.048942
"1069",2018-12-04,-13.661258
"1070",2018-12-05,-1.519426
"1071",2018-12-06,7.382432
"1072",2018-12-07,18.680978
"1073",2018-12-08,58.428839
"1074",2018-12-09,91.175
"1075",2018-12-10,74.720523
"1076",2018-12-11,78.054313
"1077",2018-12-12,76.491516
"1078",2018-12-13,83.213963
"1079",2018-12-14,84.01422
"1080",2018-12-15,56.158073
"1081",2018-12-16,71.450234
"1082",2018-12-17,55.407857
"1083",2018-12-18,56.743557
"1084",2018-12-19,49.157881
"1085",2018-12-20,36.613782
"1086",2018-12-21,4.422583
"1087",2018-12-22,38.972785
"1088",2018-12-23,47.016017
"1089",2018-12-24,31.696235
"1090",2018-12-25,60.759536
"1091",2018-12-26,39.88577
"1092",2018-12-27,23.495448
"1093",2018-12-28,40.479142
"1094",2018-12-29,65.51127
"1095",2018-12-30,79.347007
"1096",2018-12-31,70.311986
"1097",2019-01-01,113.31432
"1098",2019-01-02,60.372784
"1099",2019-01-03,24.900386
"1100",2019-01-04,45.83131
"1101",2019-01-05,44.537772
"1102",2019-01-06,69.218169
"1103",2019-01-07,13.870905
"1104",2019-01-08,24.167755
"1105",2019-01-09,36.206216
"1106",2019-01-10,36.207792
"1107",2019-01-11,36.322224
"1108",2019-01-12,37.475125
"1109",2019-01-13,55.507983
"1110",2019-01-14,-5.039608
"1111",2019-01-15,10.684375
"1112",2019-01-16,8.741868
"1113",2019-01-17,6.739038
"1114",2019-01-18,-21.418957
"1115",2019-01-19,-2.641363
"1116",2019-01-20,10.802131
"1117",2019-01-21,-0.83062
"1118",2019-01-22,-8.18014
"1119",2019-01-23,0.490521
"1120",2019-01-24,-13.234294
"1121",2019-01-25,-7.541588
"1122",2019-01-26,23.538557
"1123",2019-01-27,36.133078
"1124",2019-01-28,41.822663
"1125",2019-01-29,51.16192
"1126",2019-01-30,60.334885
"1127",2019-01-31,55.582315
"1128",2019-02-01,54.838183
"1129",2019-02-02,39.602677
"1130",2019-02-03,-8.86892
"1131",2019-02-04,21.697862
"1132",2019-02-05,40.349993
"1133",2019-02-06,82.053675
"1134",2019-02-07,69.936852
"1135",2019-02-08,85.045158
"1136",2019-02-09,89.281818
"1137",2019-02-10,95.692428
"1138",2019-02-11,76.689273
"1139",2019-02-12,40.497608
"1140",2019-02-13,82.636441
"1141",2019-02-14,81.368168
"1142",2019-02-15,96.916117
"1143",2019-02-16,80.476649
"1144",2019-02-17,93.15165
"1145",2019-02-18,85.806148
"1146",2019-02-19,95.513826
"1147",2019-02-20,103.849749
"1148",2019-02-21,93.744711
"1149",2019-02-22,100.36981
"1150",2019-02-23,99.351189
"1151",2019-02-24,91.494577
"1152",2019-02-25,64.894485
"1153",2019-02-26,62.294908
"1154",2019-02-27,65.70036
"1155",2019-02-28,70.651466
"1156",2019-03-01,83.594869
"1157",2019-03-02,123.242924
"1158",2019-03-03,125.568814
"1159",2019-03-04,109.204471
"1160",2019-03-05,126.807573
"1161",2019-03-06,85.970069
"1162",2019-03-07,72.221542
"1163",2019-03-08,69.926613
"1164",2019-03-09,57.426432
"1165",2019-03-10,56.769102
"1166",2019-03-11,23.946701
"1167",2019-03-12,18.312066
"1168",2019-03-13,16.010892
"1169",2019-03-14,16.257626
"1170",2019-03-15,4.021808
"1171",2019-03-16,10.685348
"1172",2019-03-17,53.571069
"1173",2019-03-18,23.792938
"1174",2019-03-19,5.163892
"1175",2019-03-20,-7.709777
"1176",2019-03-21,12.824664
"1177",2019-03-22,21.318908
"1178",2019-03-23,46.386892
"1179",2019-03-24,79.83682
"1180",2019-03-25,12.051156
"1181",2019-03-26,13.021492
"1182",2019-03-27,16.153957
"1183",2019-03-28,8.836308
"1184",2019-03-29,21.381059
"1185",2019-03-30,68.524994
"1186",2019-03-31,83.760445
"1187",2019-04-01,30.246269
"1188",2019-04-02,52.584498
"1189",2019-04-03,47.589776
"1190",2019-04-04,42.637938
"1191",2019-04-05,26.858369
"1192",2019-04-06,49.003841
"1193",2019-04-07,77.649452
"1194",2019-04-08,25.076488
"1195",2019-04-09,26.474954
"1196",2019-04-10,44.316333
"1197",2019-04-11,56.659088
"1198",2019-04-12,74.810688
"1199",2019-04-13,83.691498
"1200",2019-04-14,110.516845
"1201",2019-04-15,69.467052
"1202",2019-04-16,75.800261
"1203",2019-04-17,70.028266
"1204",2019-04-18,86.19983
"1205",2019-04-19,104.453014
"1206",2019-04-20,89.992004
"1207",2019-04-21,96.877357
"1208",2019-04-22,45.342128
"1209",2019-04-23,57.59375
"1210",2019-04-24,61.564342
"1211",2019-04-25,53.672123
"1212",2019-04-26,49.302414
"1213",2019-04-27,71.553451
"1214",2019-04-28,71.358954
"1215",2019-04-29,37.203638
"1216",2019-04-30,26.068457
"1217",2019-05-01,83.483421
"1218",2019-05-02,24.81319
"1219",2019-05-03,41.580267
"1220",2019-05-04,47.669225
"1221",2019-05-05,85.065706
"1222",2019-05-06,36.570454
"1223",2019-05-07,34.983723
"1224",2019-05-08,31.170481
"1225",2019-05-09,20.361079
"1226",2019-05-10,10.746146
"1227",2019-05-11,21.344167
"1228",2019-05-12,53.604256
"1229",2019-05-13,-0.420581
"1230",2019-05-14,-5.177941
"1231",2019-05-15,10.672132
"1232",2019-05-16,-1.591754
"1233",2019-05-17,-0.82168
"1234",2019-05-18,31.375892
"1235",2019-05-19,60.288704
"1236",2019-05-20,23.531749
"1237",2019-05-21,38.520463
"1238",2019-05-22,24.803554
"1239",2019-05-23,53.107083
"1240",2019-05-24,44.054337
"1241",2019-05-25,45.21273
"1242",2019-05-26,62.387973
"1243",2019-05-27,42.918389
"1244",2019-05-28,31.516784
"1245",2019-05-29,16.151249
"1246",2019-05-30,19.996039
"1247",2019-05-31,20.452649
"1248",2019-06-01,2.813011
"1249",2019-06-02,10.366039
"1250",2019-06-03,6.992628
"1251",2019-06-04,28.260401
"1252",2019-06-05,12.046015
"1253",2019-06-06,5.394211
"1254",2019-06-07,6.258064
"1255",2019-06-08,29.543794
"1256",2019-06-09,65.738832
"1257",2019-06-10,35.220698
"1258",2019-06-11,14.67502
"1259",2019-06-12,6.747373
"1260",2019-06-13,13.404477
"1261",2019-06-14,22.575401
"1262",2019-06-15,32.639573
"1263",2019-06-16,35.552552
"1264",2019-06-17,-17.844815
"1265",2019-06-18,-25.417196
"1266",2019-06-19,-25.361121
"1267",2019-06-20,30.580963
"1268",2019-06-21,-2.212702
"1269",2019-06-22,36.355594
"1270",2019-06-23,65.466372
"1271",2019-06-24,-12.159782
"1272",2019-06-25,-28.694372
"1273",2019-06-26,-33.516712
"1274",2019-06-27,-34.775802
"1275",2019-06-28,-42.179691
"1276",2019-06-29,-2.539689
"1277",2019-06-30,33.752936
"1278",2019-07-01,-31.225861
"1279",2019-07-02,-45.073115
"1280",2019-07-03,-67.539622
"1281",2019-07-04,-81.793503
"1282",2019-07-05,-81.696838
"1283",2019-07-06,-46.68035
"1284",2019-07-07,22.433778
"1285",2019-07-08,14.799246
"1286",2019-07-09,37.89752
"1287",2019-07-10,12.041001
"1288",2019-07-11,10.103341
"1289",2019-07-12,-3.834306
"1290",2019-07-13,17.279434
"1291",2019-07-14,49.20842
"1292",2019-07-15,-9.948
"1293",2019-07-16,-20.25639
"1294",2019-07-17,-8.974571
"1295",2019-07-18,-6.66824
"1296",2019-07-19,-5.714446
"1297",2019-07-20,37.82952
"1298",2019-07-21,38.280178
"1299",2019-07-22,-26.050291
"1300",2019-07-23,-28.759014
"1301",2019-07-24,-26.609903
"1302",2019-07-25,-42.564434
"1303",2019-07-26,-30.354065
"1304",2019-07-27,25.7052
"1305",2019-07-28,37.139224
"1306",2019-07-29,-3.234247
"1307",2019-07-30,-19.252485
"1308",2019-07-31,-32.690273
"1309",2019-08-01,-28.988497
"1310",2019-08-02,-28.814125
"1311",2019-08-03,25.167646
"1312",2019-08-04,47.315376
"1313",2019-08-05,1.087799
"1314",2019-08-06,-3.334399
"1315",2019-08-07,14.924293
"1316",2019-08-08,11.837213
"1317",2019-08-09,20.739883
"1318",2019-08-10,19.671644
"1319",2019-08-11,44.711208
"1320",2019-08-12,19.321966
"1321",2019-08-13,4.622008
"1322",2019-08-14,12.930644
"1323",2019-08-15,35.54751
"1324",2019-08-16,45.557602
"1325",2019-08-17,51.341076
"1326",2019-08-18,42.816323
"1327",2019-08-19,37.810207
"1328",2019-08-20,39.92579
"1329",2019-08-21,37.469424
"1330",2019-08-22,31.301561
"1331",2019-08-23,43.818883
"1332",2019-08-24,34.280755
"1333",2019-08-25,41.866435
"1334",2019-08-26,50.756522
"1335",2019-08-27,67.450557
"1336",2019-08-28,52.128949
"1337",2019-08-29,46.668599
"1338",2019-08-30,61.592146
"1339",2019-08-31,27.528572
"1340",2019-09-01,40.613131
"1341",2019-09-02,33.235012
"1342",2019-09-03,22.792547
"1343",2019-09-04,29.852536
"1344",2019-09-05,46.77104
"1345",2019-09-06,51.169611
"1346",2019-09-07,59.585445
"1347",2019-09-08,64.336123
"1348",2019-09-09,46.090799
"1349",2019-09-10,67.967009
"1350",2019-09-11,75.386996
"1351",2019-09-12,60.882251
"1352",2019-09-13,64.994295
"1353",2019-09-14,69.663838
"1354",2019-09-15,89.108428
"1355",2019-09-16,87.398862
"1356",2019-09-17,79.584836
"1357",2019-09-18,75.079735
"1358",2019-09-19,57.472853
"1359",2019-09-20,58.21589
"1360",2019-09-21,80.705127
"1361",2019-09-22,72.917243
"1362",2019-09-23,68.979156
"1363",2019-09-24,84.000308
"1364",2019-09-25,85.171963
"1365",2019-09-26,82.316536
"1366",2019-09-27,86.026352
"1367",2019-09-28,73.997036
"1368",2019-09-29,67.243385
"1369",2019-09-30,69.255617
"1370",2019-10-01,91.417022
"1371",2019-10-02,79.888412
"1372",2019-10-03,89.808718
"1373",2019-10-04,95.762148
"1374",2019-10-05,93.077736
"1375",2019-10-06,75.274113
"1376",2019-10-07,59.368254
"1377",2019-10-08,80.043665
"1378",2019-10-09,74.351121
"1379",2019-10-10,81.424924
"1380",2019-10-11,97.614954
"1381",2019-10-12,120.118193
"1382",2019-10-13,101.690833
"1383",2019-10-14,85.888545
"1384",2019-10-15,85.54639
"1385",2019-10-16,86.461731
"1386",2019-10-17,95.378664
"1387",2019-10-18,76.348244
"1388",2019-10-19,100.484675
"1389",2019-10-20,73.168817
"1390",2019-10-21,92.034516
"1391",2019-10-22,69.884129
"1392",2019-10-23,50.820683
"1393",2019-10-24,87.427251
"1394",2019-10-25,75.922138
"1395",2019-10-26,89.80756
"1396",2019-10-27,93.501924
"1397",2019-10-28,38.409731
"1398",2019-10-29,28.136264
"1399",2019-10-30,11.72098
"1400",2019-10-31,8.677589
"1401",2019-11-01,-6.643189
"1402",2019-11-02,14.01972
"1403",2019-11-03,7.910065
"1404",2019-11-04,-24.885183
"1405",2019-11-05,-9.376143
"1406",2019-11-06,-30.59289
"1407",2019-11-07,-21.726638
"1408",2019-11-08,-21.736068
"1409",2019-11-09,-28.893196
"1410",2019-11-10,-25.996564
"1411",2019-11-11,-48.628656
"1412",2019-11-12,-48.916391
"1413",2019-11-13,-34.893063
"1414",2019-11-14,-20.319605
"1415",2019-11-15,-18.297607
"1416",2019-11-16,-8.346798
"1417",2019-11-17,19.860866
"1418",2019-11-18,-15.911865
"1419",2019-11-19,-8.306039
"1420",2019-11-20,13.725269
"1421",2019-11-21,24.004033
"1422",2019-11-22,10.384371
"1423",2019-11-23,-4.920597
"1424",2019-11-24,32.030439
"1425",2019-11-25,-2.662068
"1426",2019-11-26,1.169476
"1427",2019-11-27,8.068492
"1428",2019-11-28,14.005068
"1429",2019-11-29,25.396482
"1430",2019-11-30,89.863661
"1431",2019-12-01,66.838136
"1432",2019-12-02,50.295673
"1433",2019-12-03,38.208074
"1434",2019-12-04,28.113061
"1435",2019-12-05,12.775326
"1436",2019-12-06,14.400335
"1437",2019-12-07,112.230582
"1438",2019-12-08,99.739355
"1439",2019-12-09,68.237773
"1440",2019-12-10,70.914921
"1441",2019-12-11,69.077529
"1442",2019-12-12,79.845641
"1443",2019-12-13,101.031083
"1444",2019-12-14,107.001745
"1445",2019-12-15,101.281833
"1446",2019-12-16,90.186297
"1447",2019-12-17,87.93251
"1448",2019-12-18,96.557007
"1449",2019-12-19,94.711918
"1450",2019-12-20,138.306994
"1451",2019-12-21,109.838855
"1452",2019-12-22,90.279595
"1453",2019-12-23,114.862229
"1454",2019-12-24,127.261435
"1455",2019-12-25,119.6993
"1456",2019-12-26,130.226705
"1457",2019-12-27,141.563966
"1458",2019-12-28,138.251796
"1459",2019-12-29,140.323831
"1460",2019-12-30,141.387655
"1461",2019-12-31,129.714947
"1462",2020-01-01,122.329789
"1463",2020-01-02,104.011957
"1464",2020-01-03,117.496567
"1465",2020-01-04,108.495729
"1466",2020-01-05,114.568035
"1467",2020-01-06,135.523611
"1468",2020-01-07,134.175087
"1469",2020-01-08,137.556208
"1470",2020-01-09,158.296147
"1471",2020-01-10,137.531819
"1472",2020-01-11,109.721161
"1473",2020-01-12,112.853729
"1474",2020-01-13,125.831798
"1475",2020-01-14,134.808708
"1476",2020-01-15,140.163154
"1477",2020-01-16,116.765093
"1478",2020-01-17,128.683138
"1479",2020-01-18,135.420703
"1480",2020-01-19,132.990969
"1481",2020-01-20,141.438809
"1482",2020-01-21,134.106216
"1483",2020-01-22,139.168467
"1484",2020-01-23,154.797336
"1485",2020-01-24,148.209652
"1486",2020-01-25,165.506011
"1487",2020-01-26,148.333433
"1488",2020-01-27,152.738475
"1489",2020-01-28,168.35319
"1490",2020-01-29,151.090513
"1491",2020-01-30,158.407897
"1492",2020-01-31,178.328669
"1493",2020-02-01,172.049045
"1494",2020-02-02,146.705847
"1495",2020-02-03,150.215445
"1496",2020-02-04,167.152452
"1497",2020-02-05,185.122211
"1498",2020-02-06,189.965622
"1499",2020-02-07,195.560301
"1500",2020-02-08,197.567094
"1501",2020-02-09,150.782538
"1502",2020-02-10,173.432022
"1503",2020-02-11,194.790843
"1504",2020-02-12,194.211279
"1505",2020-02-13,193.023133
"1506",2020-02-14,194.290484
"1507",2020-02-15,193.404699
"1508",2020-02-16,174.41513
"1509",2020-02-17,199.178015
"1510",2020-02-18,194.292033
"1511",2020-02-19,197.120817
"1512",2020-02-20,202.936594
"1513",2020-02-21,195.565792
"1514",2020-02-22,166.679939
"1515",2020-02-23,143.489852
"1516",2020-02-24,185.416384
"1517",2020-02-25,192.818689
"1518",2020-02-26,187.836848
"1519",2020-02-27,194.316648
"1520",2020-02-28,194.529233
"1521",2020-02-29,179.896086
"1522",2020-03-01,140.149039
"1523",2020-03-02,187.35727
"1524",2020-03-03,194.728983
"1525",2020-03-04,201.666329
"1526",2020-03-05,205.584873
"1527",2020-03-06,204.415177
"1528",2020-03-07,182.771384
"1529",2020-03-08,158.499732
"1530",2020-03-09,203.685183
"1531",2020-03-10,207.573933
"1532",2020-03-11,215.447423
"1533",2020-03-12,207.844923
"1534",2020-03-13,214.536901
"1535",2020-03-14,204.24846
"1536",2020-03-15,188.781201
"1537",2020-03-16,217.261627
"1538",2020-03-17,210.173719
"1539",2020-03-18,207.085834
"1540",2020-03-19,208.704921
"1541",2020-03-20,211.64223
"1542",2020-03-21,197.42046
"1543",2020-03-22,161.547258
"1544",2020-03-23,174.972199
"1545",2020-03-24,169.15154
"1546",2020-03-25,182.089497
"1547",2020-03-26,186.204542
"1548",2020-03-27,167.481535
"1549",2020-03-28,167.680464
"1550",2020-03-29,179.069604
"1551",2020-03-30,213.552591
"1552",2020-03-31,210.321359
"1553",2020-04-01,213.718428
"1554",2020-04-02,181.145655
"1555",2020-04-03,157.411852
"1556",2020-04-04,168.437682
"1557",2020-04-05,155.899786
"1558",2020-04-06,182.89202
"1559",2020-04-07,175.180578
"1560",2020-04-08,178.097541
"1561",2020-04-09,186.394596
"1562",2020-04-10,161.197834
"1563",2020-04-11,164.746175
"1564",2020-04-12,153.349036
"1565",2020-04-13,190.974872
"1566",2020-04-14,180.306766
"1567",2020-04-15,157.852034
"1568",2020-04-16,178.277011
"1569",2020-04-17,200.092493
"1570",2020-04-18,185.843265
"1571",2020-04-19,155.185437
"1572",2020-04-20,189.823878
"1573",2020-04-21,199.280185
"1574",2020-04-22,202.846247
"1575",2020-04-23,205.913306
"1576",2020-04-24,186.212872
"1577",2020-04-25,184.783338
"1578",2020-04-26,156.205548
"1579",2020-04-27,176.17744
"1580",2020-04-28,184.409824
"1581",2020-04-29,196.50006
"1582",2020-04-30,187.280808
"1583",2020-05-01,177.89878
"1584",2020-05-02,159.19174
"1585",2020-05-03,154.044447
"1586",2020-05-04,202.366703
"1587",2020-05-05,204.921672
"1588",2020-05-06,181.457027
"1589",2020-05-07,203.6446
"1590",2020-05-08,205.043564
"1591",2020-05-09,165.732341
"1592",2020-05-10,143.87672
"1593",2020-05-11,193.605315
"1594",2020-05-12,211.071291
"1595",2020-05-13,209.691687
"1596",2020-05-14,198.180516
"1597",2020-05-15,208.694363
"1598",2020-05-16,163.762542
"1599",2020-05-17,147.478991
"1600",2020-05-18,202.862181
"1601",2020-05-19,188.221088
"1602",2020-05-20,194.739987
"1603",2020-05-21,204.010413
"1604",2020-05-22,196.032229
"1605",2020-05-23,132.397244
"1606",2020-05-24,112.120275
"1607",2020-05-25,145.888115
"1608",2020-05-26,172.024203
"1609",2020-05-27,207.2157
"1610",2020-05-28,212.608335
"1611",2020-05-29,216.706694
"1612",2020-05-30,181.069997
"1613",2020-05-31,131.694757
"1614",2020-06-01,193.392906
"1615",2020-06-02,213.288932
"1616",2020-06-03,219.190214
"1617",2020-06-04,211.986402
"1618",2020-06-05,182.287671
"1619",2020-06-06,163.71294
"1620",2020-06-07,139.917871
"1621",2020-06-08,190.8552
"1622",2020-06-09,199.692338
"1623",2020-06-10,165.641691
"1624",2020-06-11,78.712483
"1625",2020-06-12,57.387006
"1626",2020-06-13,36.364352
"1627",2020-06-14,73.647588
"1628",2020-06-15,87.064082
"1629",2020-06-16,103.109941
"1630",2020-06-17,99.410516
"1631",2020-06-18,94.303165
"1632",2020-06-19,113.969317
"1633",2020-06-20,131.313617
"1634",2020-06-21,112.863088
"1635",2020-06-22,167.524092
"1636",2020-06-23,151.483798
"1637",2020-06-24,157.001795
"1638",2020-06-25,150.563744
"1639",2020-06-26,153.768558
"1640",2020-06-27,157.169567
"1641",2020-06-28,143.343624
"1642",2020-06-29,158.778724
"1643",2020-06-30,109.777411
"1644",2020-07-01,100.49927
"1645",2020-07-02,133.782471
"1646",2020-07-03,119.854381
"1647",2020-07-04,106.229388
"1648",2020-07-05,88.83601
"1649",2020-07-06,76.913475
"1650",2020-07-07,37.72439
"1651",2020-07-08,34.258925
"1652",2020-07-09,24.838791
"1653",2020-07-10,16.768828
"1654",2020-07-11,30.593474
"1655",2020-07-12,37.225965
"1656",2020-07-13,14.64325
"1657",2020-07-14,-4.444373
"1658",2020-07-15,-0.235143
"1659",2020-07-16,-10.198198
"1660",2020-07-17,-22.538501
"1661",2020-07-18,-8.653935
"1662",2020-07-19,30.871925
"1663",2020-07-20,13.693756
"1664",2020-07-21,-22.155787
"1665",2020-07-22,-17.077617
"1666",2020-07-23,-13.706351
"1667",2020-07-24,-13.671844
"1668",2020-07-25,-17.737456
"1669",2020-07-26,31.259731
"1670",2020-07-27,4.585528
"1671",2020-07-28,3.54086
"1672",2020-07-29,21.251258
"1673",2020-07-30,21.252694
"1674",2020-07-31,14.166637
"1675",2020-08-01,13.837982
"1676",2020-08-02,28.38412
"1677",2020-08-03,43.936521
"1678",2020-08-04,37.842695
"1679",2020-08-05,41.923652
"1680",2020-08-06,40.981004
"1681",2020-08-07,42.233775
"1682",2020-08-08,49.257512
"1683",2020-08-09,56.788959
"1684",2020-08-10,42.584748
"1685",2020-08-11,37.542502
"1686",2020-08-12,42.64394
"1687",2020-08-13,33.12308
"1688",2020-08-14,3.10466
"1689",2020-08-15,-14.390747
"1690",2020-08-16,-47.894085
"1691",2020-08-17,-33.927517
"1692",2020-08-18,-38.286316
"1693",2020-08-19,-64.781312
"1694",2020-08-20,-40.449848
"1695",2020-08-21,-21.717351
"1696",2020-08-22,-34.935997
"1697",2020-08-23,5.026241
"1698",2020-08-24,-27.288073
"1699",2020-08-25,-50.717245
"1700",2020-08-26,-50.93539
"1701",2020-08-27,-21.278419
"1702",2020-08-28,-12.759495
"1703",2020-08-29,-6.905624
"1704",2020-08-30,15.678573
"1705",2020-08-31,6.185237
"1706",2020-09-01,-12.26409
"1707",2020-09-02,-10.526764
"1708",2020-09-03,-5.434177
"1709",2020-09-04,1.24363
"1710",2020-09-05,5.26976
"1711",2020-09-06,22.758862
"1712",2020-09-07,17.874114
"1713",2020-09-08,-7.651111
"1714",2020-09-09,-26.373396
"1715",2020-09-10,-19.256502
"1716",2020-09-11,-56.780389
"1717",2020-09-12,-40.562355
"1718",2020-09-13,-23.905252
"1719",2020-09-14,-21.965338
"1720",2020-09-15,-13.423819
"1721",2020-09-16,-3.792714
"1722",2020-09-17,-15.729987
"1723",2020-09-18,-19.045838
"1724",2020-09-19,-26.774768
"1725",2020-09-20,-6.436955
"1726",2020-09-21,3.676136
"1727",2020-09-22,7.49614
"1728",2020-09-23,28.653514
"1729",2020-09-24,39.228521
"1730",2020-09-25,39.893138
"1731",2020-09-26,25.627487
"1732",2020-09-27,34.549855
"1733",2020-09-28,-0.542777
"1734",2020-09-29,3.199484
"1735",2020-09-30,13.522067
"1736",2020-10-01,15.660367
"1737",2020-10-02,12.427662
"1738",2020-10-03,20.670061
"1739",2020-10-04,11.072261
"1740",2020-10-05,22.091366
"1741",2020-10-06,20.35055
"1742",2020-10-07,43.561994
"1743",2020-10-08,32.604958
"1744",2020-10-09,39.547329
"1745",2020-10-10,29.470091
"1746",2020-10-11,64.799026
"1747",2020-10-12,79.507902
"1748",2020-10-13,52.581885
"1749",2020-10-14,34.188998
"1750",2020-10-15,32.686045
"1751",2020-10-16,33.901296
"1752",2020-10-17,62.489235
"1753",2020-10-18,70.676039
"1754",2020-10-19,76.722896
"1755",2020-10-20,102.520964
"1756",2020-10-21,90.793961
"1757",2020-10-22,79.856279
"1758",2020-10-23,83.096583
"1759",2020-10-24,110.935555
"1760",2020-10-25,88.947329
"1761",2020-10-26,77.169987
"1762",2020-10-27,60.043425
"1763",2020-10-28,78.57107
"1764",2020-10-29,89.273746
"1765",2020-10-30,100.667608
"1766",2020-10-31,109.433072
"1767",2020-11-01,106.379591
"1768",2020-11-02,120.698312
"1769",2020-11-03,129.741126
"1770",2020-11-04,121.190287
"1771",2020-11-05,118.611493
"1772",2020-11-06,122.02638
"1773",2020-11-07,124.819258
"1774",2020-11-08,116.373033
"1775",2020-11-09,99.135198
"1776",2020-11-10,89.499245
"1777",2020-11-11,89.123731
"1778",2020-11-12,101.021596
"1779",2020-11-13,93.330351
"1780",2020-11-14,105.108161
"1781",2020-11-15,103.080717
"1782",2020-11-16,84.965284
"1783",2020-11-17,85.875671
"1784",2020-11-18,95.805026
"1785",2020-11-19,99.280553
"1786",2020-11-20,104.229593
"1787",2020-11-21,133.497137
"1788",2020-11-22,140.051881
"1789",2020-11-23,138.523912
"1790",2020-11-24,124.291644
"1791",2020-11-25,113.22148
"1792",2020-11-26,83.044132
"1793",2020-11-27,62.644727
"1794",2020-11-28,98.126673
"1795",2020-11-29,95.614478
"1796",2020-11-30,60.374674
"1797",2020-12-01,57.098338
"1798",2020-12-02,57.059769
"1799",2020-12-03,40.15655
"1800",2020-12-04,37.639389
"1801",2020-12-05,64.781916
"1802",2020-12-06,63.826976
"1803",2020-12-07,38.405173
"1804",2020-12-08,49.0653
"1805",2020-12-09,65.931121
"1806",2020-12-10,92.321672
"1807",2020-12-11,82.583477
"1808",2020-12-12,125.467765
"1809",2020-12-13,105.119634
"1810",2020-12-14,67.677333
"1811",2020-12-15,59.16753
"1812",2020-12-16,71.209506
"1813",2020-12-17,81.726571
"1814",2020-12-18,63.955109
"1815",2020-12-19,51.265796
"1816",2020-12-20,68.474086
"1817",2020-12-21,25.210334
"1818",2020-12-22,45.552739
"1819",2020-12-23,50.402598
"1820",2020-12-24,105.239419
"1821",2020-12-25,104.909658
"1822",2020-12-26,105.642795
"1823",2020-12-27,107.797801
"1824",2020-12-28,102.792415
"1825",2020-12-29,114.945318
"1826",2020-12-30,103.227902
"1827",2020-12-31,106.961363
