Date,Turbine Flow
1/1/99,680.34
1/2/99,687.93
1/3/99,641.87
1/4/99,663.33
1/5/99,653.02
1/6/99,713.09
1/7/99,684.74
1/8/99,698.5
1/9/99,682.7
1/10/99,682.38
1/11/99,658.29
1/12/99,667.41
1/13/99,654.36
1/14/99,655.79
1/15/99,655.07
1/16/99,674.89
1/17/99,671.13
1/18/99,669.27
1/19/99,667.58
1/20/99,667.21
1/21/99,662.58
1/22/99,662.89
1/23/99,661.59
1/24/99,641
1/25/99,681
1/26/99,645
1/27/99,641.67
1/28/99,694.1
1/29/99,667.02
1/30/99,526.44
1/31/99,547.3
2/1/99,692.24
2/2/99,688.43
2/3/99,675.55
2/4/99,658.89
2/5/99,662.89
2/6/99,667.5
2/7/99,680.34
2/8/99,675.56
2/9/99,684.16
2/10/99,686.25
2/11/99,686.25
2/12/99,680.2
2/13/99,675.7
2/14/99,662.59
2/15/99,659.48
2/16/99,657.38
2/17/99,651.32
2/18/99,646.12
2/19/99,621
2/20/99,652
2/21/99,652
2/22/99,613
2/23/99,647
2/24/99,664
2/25/99,643.75
2/26/99,680.09
2/27/99,686.26
2/28/99,685.61
3/1/99,676.62
3/2/99,707.23
3/3/99,640.88
3/4/99,691.55
3/5/99,657.67
3/6/99,656.77
3/7/99,651.41
3/8/99,647.88
3/9/99,664
3/10/99,664
3/11/99,621.45
3/12/99,678.64
3/13/99,681.05
3/14/99,667.11
3/15/99,515.2
3/16/99,636.44
3/17/99,692
3/18/99,692
3/19/99,692
3/20/99,692
3/21/99,679
3/22/99,667
3/23/99,572
3/24/99,567
3/25/99,543
3/26/99,664
3/27/99,601
3/28/99,607
3/29/99,608
3/30/99,608
3/31/99,608
4/1/99,576
4/2/99,401
4/3/99,555
4/4/99,444
4/5/99,475
4/6/99,428
4/7/99,355
4/8/99,344
4/9/99,267
4/10/99,263
4/11/99,250
4/12/99,274
4/13/99,256
4/14/99,257
4/15/99,256
4/16/99,255
4/17/99,259
4/18/99,262
4/19/99,266
4/20/99,265
4/21/99,239
4/22/99,247
4/23/99,523
4/24/99,426
4/25/99,372
4/26/99,431
4/27/99,357
4/28/99,344
4/29/99,354
4/30/99,354
5/1/99,279
5/2/99,285
5/3/99,287
5/4/99,275
5/5/99,274
5/6/99,273
5/7/99,412
5/8/99,632
5/9/99,632
5/10/99,632
5/11/99,632
5/12/99,520
5/13/99,402
5/14/99,407
5/15/99,401
5/16/99,356
5/17/99,308
5/18/99,258
5/19/99,267
5/20/99,282
5/21/99,279
5/22/99,273
5/23/99,241
5/24/99,271
5/25/99,267
5/26/99,266
5/27/99,296
5/28/99,263
5/29/99,256
5/30/99,267
5/31/99,256
6/1/99,264
6/2/99,267
6/3/99,216
6/4/99,215
6/5/99,257
6/6/99,280
6/7/99,262
6/8/99,281
6/9/99,278
6/10/99,283
6/11/99,311
6/12/99,307
6/13/99,302
6/14/99,310
6/15/99,304
6/16/99,280
6/17/99,284
6/18/99,297
6/19/99,273
6/20/99,301
6/21/99,440.59
6/22/99,620
6/23/99,649
6/24/99,615
6/25/99,594
6/26/99,620
6/27/99,586
6/28/99,337
6/29/99,318
6/30/99,307
7/1/99,310
7/2/99,318
7/3/99,297
7/4/99,306
7/5/99,334
7/6/99,343
7/7/99,312
7/8/99,481
7/9/99,316
7/10/99,308
7/11/99,259
7/12/99,317
7/13/99,286
7/14/99,318
7/15/99,295
7/16/99,325
7/17/99,309
7/18/99,298
7/19/99,301
7/20/99,311
7/21/99,310
7/22/99,353
7/23/99,347
7/24/99,283
7/25/99,204
7/26/99,302
7/27/99,324
7/28/99,320
7/29/99,348
7/30/99,340
7/31/99,366
8/1/99,322
8/2/99,327
8/3/99,350
8/4/99,343
8/5/99,357
8/6/99,365
8/7/99,355
8/8/99,350
8/9/99,346
8/10/99,356
8/11/99,357
8/12/99,350
8/13/99,324
8/14/99,330
8/15/99,309
8/16/99,329
8/17/99,348
8/18/99,332
8/19/99,335
8/20/99,335
8/21/99,331
8/22/99,332
8/23/99,337
8/24/99,338
8/25/99,335
8/26/99,344
8/27/99,367
8/28/99,393
8/29/99,330
8/30/99,439
8/31/99,415
9/1/99,406
9/2/99,406
9/3/99,403
9/4/99,389
9/5/99,395
9/6/99,426
9/7/99,430
9/8/99,566
9/9/99,518
9/10/99,507
9/11/99,385
9/12/99,403
9/13/99,464
9/14/99,495
9/15/99,495
9/16/99,490
9/17/99,485
9/18/99,500
9/19/99,342
9/20/99,440
9/21/99,513
9/22/99,515
9/23/99,563
9/24/99,560
9/25/99,489
9/26/99,435
9/27/99,549
9/28/99,348
9/29/99,376
9/30/99,308
10/1/99,410
10/2/99,276
10/3/99,254
10/4/99,270
10/5/99,265
10/6/99,238
10/7/99,313
10/8/99,318
10/9/99,235
10/10/99,235
10/11/99,250
10/12/99,252
10/13/99,291
10/14/99,413
10/15/99,323
10/16/99,195.54
10/17/99,295
10/18/99,371
10/19/99,475
10/20/99,397
10/21/99,465
10/22/99,432
10/23/99,402
10/24/99,396
10/25/99,396
10/26/99,240
10/27/99,255
10/28/99,318
10/29/99,360
10/30/99,238
10/31/99,223
11/1/99,217
11/2/99,222
11/3/99,332
11/4/99,438
11/5/99,416
11/6/99,303
11/7/99,335
11/8/99,416
11/9/99,411
11/10/99,353
11/11/99,319
11/12/99,285
11/13/99,178
11/14/99,179
11/15/99,207
11/16/99,207
11/17/99,210
11/18/99,210
11/19/99,210
11/20/99,210
11/21/99,170
11/22/99,175
11/23/99,189
11/24/99,206
11/25/99,196
11/26/99,156
11/27/99,156
11/28/99,180
11/29/99,201
11/30/99,202
12/1/99,207
12/2/99,255
12/3/99,377
12/4/99,222
12/5/99,222
12/6/99,222
12/7/99,228.85
12/8/99,222
12/9/99,376
12/10/99,327.67
12/11/99,326
12/12/99,321.66
12/13/99,313
12/14/99,212
12/15/99,212
12/16/99,381.17
12/17/99,504
12/18/99,493
12/19/99,355
12/20/99,420
12/21/99,441
12/22/99,456.27
12/23/99,522.52
12/24/99,484.14
12/25/99,336.8
12/26/99,396.69
12/27/99,516
12/28/99,382
12/29/99,386.67
12/30/99,280.46
12/31/99,257.43
1/1/00,221.2
1/2/00,247.84
1/3/00,249.09
1/4/00,358.7
1/5/00,458.16
1/6/00,408
1/7/00,382
1/8/00,396
1/9/00,252
1/10/00,427
1/11/00,452
1/12/00,495
1/13/00,528
1/14/00,347
1/15/00,495
1/16/00,453
1/17/00,464
1/18/00,420
1/19/00,422
1/20/00,447.04
1/21/00,449.11
1/22/00,399
1/23/00,374
1/24/00,406
1/25/00,411
1/26/00,365
1/27/00,308
1/28/00,373
1/29/00,390.94
1/30/00,309
1/31/00,355
2/1/00,351
2/2/00,281
2/3/00,243
2/4/00,236
2/5/00,219
2/6/00,227
2/7/00,267
2/8/00,319
2/9/00,315
2/10/00,314
2/11/00,296
2/12/00,321
2/13/00,226
2/14/00,299
2/15/00,293
2/16/00,325
2/17/00,304
2/18/00,315
2/19/00,340
2/20/00,431
2/21/00,542
2/22/00,436
2/23/00,416
2/24/00,421
2/25/00,456
2/26/00,444
2/27/00,297
2/28/00,424
2/29/00,527
3/1/00,524
3/2/00,538
3/3/00,526
3/4/00,528
3/5/00,474
3/6/00,481
3/7/00,476
3/8/00,285
3/9/00,447
3/10/00,490
3/11/00,335
3/12/00,317
3/13/00,460
3/14/00,487
3/15/00,326
3/16/00,280
3/17/00,431
3/18/00,336
3/19/00,253
3/20/00,268
3/21/00,280
3/22/00,380
3/23/00,370
3/24/00,329
3/25/00,259
3/26/00,274
3/27/00,377
3/28/00,303
3/29/00,298
3/30/00,238
3/31/00,423
4/1/00,325
4/2/00,235
4/3/00,405
4/4/00,305
4/5/00,337
4/6/00,352
4/7/00,409
4/8/00,328
4/9/00,254
4/10/00,435
4/11/00,341
4/12/00,385
4/13/00,389
4/14/00,304
4/15/00,335
4/16/00,309
4/17/00,313
4/18/00,317
4/19/00,315
4/20/00,324
4/21/00,318
4/22/00,321
4/23/00,356
4/24/00,407
4/25/00,279
4/26/00,300
4/27/00,237
4/28/00,229
4/29/00,225
4/30/00,234
5/1/00,195
5/2/00,208
5/3/00,267
5/4/00,293
5/5/00,264
5/6/00,262
5/7/00,270
5/8/00,271
5/9/00,277
5/10/00,280
5/11/00,313
5/12/00,299
5/13/00,245
5/14/00,200
5/15/00,263
5/16/00,308
5/17/00,311
5/18/00,316
5/19/00,279
5/20/00,236
5/21/00,232
5/22/00,247
5/23/00,319
5/24/00,283
5/25/00,254
5/26/00,263
5/27/00,268
5/28/00,244
5/29/00,297
5/30/00,274
5/31/00,285
6/1/00,282
6/2/00,259
6/3/00,246
6/4/00,281
6/5/00,362
6/6/00,331
6/7/00,370
6/8/00,289
6/9/00,295
6/10/00,271
6/11/00,277
6/12/00,291
6/13/00,293
6/14/00,286
6/15/00,290
6/16/00,300
6/17/00,296
6/18/00,231
6/19/00,341
6/20/00,314
6/21/00,296
6/22/00,213
6/23/00,219
6/24/00,241
6/25/00,216
6/26/00,221
6/27/00,221
6/28/00,212
6/29/00,293
6/30/00,220
7/1/00,225
7/2/00,214
7/3/00,229
7/4/00,224
7/5/00,284
7/6/00,241
7/7/00,244
7/8/00,239
7/9/00,237
7/10/00,249
7/11/00,244
7/12/00,241
7/13/00,239
7/14/00,219
7/15/00,224
7/16/00,160
7/17/00,207
7/18/00,213
7/19/00,208
7/20/00,204
7/21/00,216
7/22/00,204
7/23/00,158
7/24/00,211
7/25/00,225
7/26/00,224
7/27/00,218
7/28/00,209
7/29/00,218
7/30/00,190
7/31/00,208
8/1/00,262
8/2/00,283
8/3/00,189
8/4/00,203
8/5/00,201
8/6/00,182
8/7/00,191
8/8/00,212
8/9/00,182
8/10/00,191
8/11/00,142
8/12/00,158
8/13/00,132
8/14/00,159
8/15/00,171
8/16/00,162
8/17/00,157
8/18/00,206
8/19/00,198
8/20/00,139
8/21/00,177
8/22/00,206
8/23/00,171
8/24/00,159
8/25/00,171
8/26/00,186
8/27/00,132
8/28/00,185
8/29/00,171
8/30/00,181
8/31/00,181
9/1/00,178
9/2/00,277
9/3/00,250
9/4/00,247
9/5/00,198
9/6/00,183
9/7/00,200
9/8/00,173
9/9/00,205
9/10/00,145
9/11/00,187
9/12/00,186
9/13/00,180
9/14/00,233
9/15/00,265
9/16/00,272
9/17/00,180
9/18/00,268
9/19/00,298
9/20/00,270
9/21/00,256
9/22/00,319
9/23/00,267
9/24/00,157
9/25/00,250
9/26/00,261
9/27/00,241
9/28/00,370
9/29/00,373
9/30/00,369
10/1/00,160
10/2/00,374
10/3/00,403
10/4/00,382
10/5/00,390
10/6/00,376
10/7/00,458
10/8/00,337
10/9/00,474
10/10/00,511
10/11/00,449
10/12/00,354
10/13/00,333
10/14/00,351
10/15/00,251
10/16/00,316
10/17/00,430
10/18/00,294
10/19/00,290
10/20/00,309
10/21/00,248
10/22/00,234
10/23/00,243
10/24/00,256
10/25/00,211
10/26/00,294
10/27/00,196
10/28/00,296
10/29/00,223
10/30/00,246
10/31/00,199
11/1/00,216
11/2/00,221
11/3/00,327
11/4/00,329
11/5/00,197
11/6/00,328
11/7/00,245
11/8/00,239
11/9/00,263
11/10/00,265
11/11/00,266
11/12/00,217
11/13/00,252
11/14/00,179
11/15/00,212
11/16/00,260
11/17/00,291
11/18/00,297
11/19/00,299
11/20/00,296
11/21/00,288
11/22/00,306
11/23/00,356
11/24/00,428
11/25/00,425
11/26/00,318
11/27/00,421
11/28/00,369
11/29/00,428
11/30/00,489
12/1/00,453
12/2/00,476
12/3/00,351
12/4/00,415
12/5/00,421
12/6/00,419
12/7/00,419
12/8/00,448
12/9/00,422
12/10/00,370
12/11/00,426
12/12/00,431
12/13/00,482
12/14/00,449
12/15/00,428
12/16/00,381
12/17/00,172
12/18/00,228
12/19/00,389
12/20/00,408
12/21/00,439
12/22/00,437
12/23/00,364
12/24/00,370
12/25/00,322
12/26/00,437
12/27/00,464
12/28/00,651.58
12/29/00,711.99
12/30/00,677.26
12/31/00,681.03
1/1/01,691.07
1/2/01,667.02
1/3/01,660.79
1/4/01,667.5
1/5/01,672.86
1/6/01,710
1/7/01,303
1/8/01,445
1/9/01,486
1/10/01,468
1/11/01,451
1/12/01,462
1/13/01,448
1/14/01,554
1/15/01,674.29
1/16/01,682.07
1/17/01,615.21
1/18/01,420.49
1/19/01,410.33
1/20/01,307.95
1/21/01,266.82
1/22/01,272
1/23/01,253
1/24/01,277
1/25/01,275
1/26/01,279
1/27/01,469
1/28/01,251
1/29/01,638
1/30/01,680
1/31/01,598.12
2/1/01,665.4
2/2/01,663.49
2/3/01,660.97
2/4/01,659.4
2/5/01,660.03
2/6/01,680
2/7/01,685
2/8/01,708
2/9/01,704.74
2/10/01,682.71
2/11/01,690.88
2/12/01,678.8
2/13/01,705.82
2/14/01,684.06
2/15/01,681.44
2/16/01,679.38
2/17/01,705.42
2/18/01,675.29
2/19/01,674.34
2/20/01,669.31
2/21/01,673.39
2/22/01,625.63
2/23/01,484
2/24/01,412
2/25/01,295
2/26/01,407
2/27/01,483
2/28/01,387
3/1/01,417
3/2/01,350
3/3/01,512
3/4/01,332
3/5/01,367
3/6/01,437
3/7/01,379
3/8/01,348
3/9/01,367
3/10/01,353
3/11/01,401
3/12/01,513
3/13/01,509
3/14/01,516
3/15/01,513
3/16/01,466
3/17/01,446
3/18/01,443
3/19/01,378
3/20/01,375
3/21/01,388
3/22/01,489
3/23/01,602
3/24/01,356
3/25/01,201
3/26/01,294.43
3/27/01,404
3/28/01,364.81
3/29/01,364.85
3/30/01,367
3/31/01,339
4/1/01,270
4/2/01,293.43
4/3/01,489
4/4/01,403.65
4/5/01,446
4/6/01,371.61
4/7/01,392
4/8/01,252
4/9/01,365.53
4/10/01,378.54
4/11/01,476
4/12/01,506
4/13/01,308
4/14/01,271
4/15/01,222
4/16/01,332
4/17/01,261
4/18/01,299
4/19/01,357
4/20/01,388
4/21/01,383
4/22/01,162
4/23/01,294
4/24/01,327
4/25/01,326
4/26/01,334
4/27/01,313
4/28/01,289
4/29/01,130
4/30/01,225
5/1/01,126
5/2/01,324
5/3/01,221
5/4/01,241
5/5/01,223
5/6/01,115
5/7/01,327
5/8/01,342
5/9/01,368
5/10/01,355
5/11/01,375
5/12/01,362
5/13/01,114
5/14/01,338
5/15/01,382
5/16/01,404
5/17/01,397
5/18/01,415
5/19/01,359
5/20/01,190
5/21/01,437
5/22/01,473
5/23/01,435
5/24/01,415
5/25/01,469
5/26/01,257
5/27/01,141
5/28/01,430
5/29/01,411
5/30/01,405
5/31/01,382
6/1/01,306.23
6/2/01,158
6/3/01,150
6/4/01,250
6/5/01,335
6/6/01,400
6/7/01,396
6/8/01,351
6/9/01,295
6/10/01,106
6/11/01,310
6/12/01,299
6/13/01,326
6/14/01,132
6/15/01,170
6/16/01,181
6/17/01,109
6/18/01,176
6/19/01,214
6/20/01,250
6/21/01,217
6/22/01,287
6/23/01,129
6/24/01,121
6/25/01,333
6/26/01,362
6/27/01,433
6/28/01,440
6/29/01,447
6/30/01,440
7/1/01,335
7/2/01,389
7/3/01,419
7/4/01,445
7/5/01,447
7/6/01,467
7/7/01,429
7/8/01,405
7/9/01,427
7/10/01,416
7/11/01,404
7/12/01,388
7/13/01,395
7/14/01,199
7/15/01,155
7/16/01,450
7/17/01,404
7/18/01,439
7/19/01,358
7/20/01,446
7/21/01,441
7/22/01,272
7/23/01,424
7/24/01,398
7/25/01,411
7/26/01,357
7/27/01,437
7/28/01,376
7/29/01,182
7/30/01,447
7/31/01,432
8/1/01,438
8/2/01,412
8/3/01,329
8/4/01,346
8/5/01,191
8/6/01,351
8/7/01,256
8/8/01,271
8/9/01,262
8/10/01,306
8/11/01,268
8/12/01,148
8/13/01,205.38
8/14/01,263
8/15/01,288
8/16/01,262
8/17/01,363
8/18/01,369
8/19/01,313
8/20/01,148
8/21/01,82
8/22/01,87
8/23/01,86
8/24/01,219
8/25/01,121
8/26/01,116
8/27/01,213
8/28/01,303
8/29/01,304
8/30/01,96
8/31/01,245
9/1/01,67
9/2/01,80
9/3/01,80
9/4/01,131
9/5/01,69
9/6/01,62
9/7/01,62
9/8/01,62
9/9/01,62
9/10/01,62
9/11/01,107
9/12/01,107
9/13/01,408
9/14/01,245
9/15/01,211
9/16/01,121
9/17/01,220
9/18/01,294
9/19/01,68
9/20/01,134
9/21/01,318
9/22/01,303
9/23/01,104
9/24/01,194
9/25/01,280
9/26/01,361
9/27/01,290
9/28/01,136
9/29/01,220
9/30/01,117
10/1/01,219
10/2/01,200
10/3/01,429
10/4/01,320
10/5/01,295
10/6/01,154
10/7/01,176
10/8/01,229
10/9/01,225
10/10/01,212
10/11/01,181
10/12/01,88
10/13/01,198
10/14/01,83
10/15/01,75
10/16/01,193
10/17/01,188
10/18/01,188
10/19/01,201
10/20/01,269
10/21/01,127
10/22/01,213
10/23/01,304
10/24/01,297
10/25/01,378
10/26/01,431
10/27/01,395
10/28/01,88
10/29/01,461
10/30/01,459
10/31/01,416
11/1/01,477
11/2/01,442
11/3/01,444
11/4/01,362
11/5/01,446
11/6/01,406
11/7/01,421
11/8/01,440
11/9/01,364
11/10/01,155
11/11/01,91
11/12/01,342
11/13/01,312
11/14/01,190
11/15/01,214
11/16/01,85
11/17/01,78
11/18/01,59
11/19/01,213
11/20/01,152
11/21/01,138
11/22/01,273
11/23/01,323
11/24/01,190
11/25/01,86
11/26/01,252
11/27/01,345
11/28/01,325
11/29/01,337
11/30/01,324
12/1/01,298
12/2/01,261
12/3/01,327
12/4/01,248
12/5/01,300
12/6/01,324
12/7/01,315
12/8/01,350
12/9/01,178
12/10/01,334
12/11/01,251
12/12/01,178
12/13/01,249
12/14/01,360
12/15/01,293
12/16/01,257
12/17/01,379
12/18/01,377
12/19/01,321
12/20/01,436
12/21/01,591
12/22/01,664
12/23/01,664
12/24/01,664
12/25/01,654
12/26/01,629
12/27/01,651
12/28/01,453
12/29/01,474
12/30/01,626
12/31/01,690.77
2/12/07,694
2/13/07,687
2/14/07,659
2/15/07,652
2/16/07,640
2/17/07,640
2/18/07,429
2/19/07,468
2/20/07,474
2/21/07,465
2/22/07,465
2/23/07,466
2/24/07,471
2/25/07,273
2/26/07,471
2/27/07,465
2/28/07,465
3/1/07,465
3/2/07,443
3/3/07,421
3/4/07,360
3/5/07,434
3/6/07,366
3/7/07,352
3/8/07,365
3/9/07,272
3/10/07,250
3/11/07,215
3/12/07,250
3/13/07,256
3/14/07,246
3/15/07,250
3/16/07,253
3/17/07,251
3/18/07,237
3/19/07,270
3/20/07,609
3/21/07,609
3/22/07,609
3/23/07,609
3/24/07,472
3/25/07,450
3/26/07,469
3/27/07,386
3/28/07,353
3/29/07,356
3/30/07,318
3/31/07,252
4/1/07,289
4/2/07,291
4/3/07,242
4/4/07,244
4/5/07,253
4/6/07,239
4/7/07,251
4/8/07,248
4/9/07,240
4/10/07,239
4/11/07,240
4/12/07,233
4/13/07,115
4/14/07,148
4/15/07,130
4/16/07,277
4/17/07,238
4/18/07,232
4/19/07,240
4/20/07,238
4/21/07,243
4/22/07,238
4/23/07,224
4/24/07,208
4/25/07,284
4/26/07,233
4/28/07,237
4/29/07,238
4/30/07,234
5/1/07,234
5/2/07,228
5/3/07,232
5/4/07,235
5/5/07,220
5/6/07,232
5/7/07,238
5/8/07,265
5/9/07,232
5/10/07,233
5/11/07,223
5/12/07,237
5/13/07,236
5/14/07,258
5/15/07,207
5/16/07,241
5/17/07,248
5/18/07,252
5/19/07,250
5/20/07,262
5/21/07,244
5/22/07,265
5/23/07,252
5/24/07,252
5/25/07,240
5/26/07,240
5/27/07,243
5/28/07,256
5/29/07,241
5/30/07,237
5/31/07,357
6/1/07,252
6/2/07,323
6/3/07,324
6/4/07,328
6/5/07,357
6/6/07,361
6/7/07,366
6/8/07,369
6/11/07,371
6/12/07,350
6/13/07,348
6/14/07,348
6/15/07,355
6/16/07,263
6/17/07,261
6/18/07,263
6/19/07,350
6/20/07,267
6/21/07,244
6/22/07,244
6/23/07,245
6/24/07,242
6/25/07,244
6/26/07,243
6/27/07,250
6/28/07,235
6/29/07,156
6/30/07,231
7/1/07,221
7/2/07,224
7/4/07,224
7/5/07,225
7/6/07,230
7/7/07,239
7/8/07,229
7/9/07,228
7/10/07,231
7/11/07,230
7/12/07,239
7/13/07,229
7/14/07,229
7/15/07,229
7/16/07,239
7/17/07,129
7/18/07,196
7/19/07,208
7/20/07,190
7/21/07,191
7/22/07,181
7/23/07,192
7/24/07,235
7/25/07,234
7/26/07,389
7/27/07,535
7/28/07,677
7/29/07,692
7/30/07,620
7/31/07,664
8/1/07,438
8/2/07,353
8/3/07,357
8/4/07,358
8/5/07,359
8/6/07,358
8/7/07,275
8/8/07,359
8/9/07,359
8/10/07,337
8/11/07,344
8/12/07,333
8/13/07,349
8/14/07,369
8/15/07,311
8/16/07,303
8/17/07,309
8/18/07,115
8/19/07,259
8/20/07,258
8/21/07,268
8/22/07,284
8/23/07,304
8/24/07,295
8/25/07,297
8/26/07,299
8/27/07,298
8/28/07,299
8/29/07,304
8/30/07,303
8/31/07,254
9/1/07,273
9/2/07,304
9/3/07,309
9/4/07,305
9/5/07,305
9/6/07,310
9/7/07,307
9/8/07,309
9/9/07,271
9/10/07,302
9/11/07,305
9/12/07,305
9/13/07,378
9/14/07,364
9/15/07,235
9/16/07,319
9/17/07,351
9/18/07,323
9/19/07,298
9/20/07,285
9/21/07,286
9/22/07,264
9/23/07,223
9/24/07,336
9/25/07,223
9/26/07,271
9/27/07,260
9/28/07,263
9/29/07,254
9/30/07,233
10/1/07,252
10/2/07,251
10/3/07,255
10/4/07,259
10/5/07,246
10/6/07,242
10/7/07,189
10/8/07,244
10/9/07,241
10/10/07,272
10/11/07,274
10/12/07,248
10/13/07,193
10/14/07,191
10/15/07,251
10/16/07,248
10/17/07,243
10/18/07,279
10/19/07,280
10/20/07,256
10/21/07,189
10/22/07,255
10/23/07,255
10/24/07,272
10/25/07,255
10/26/07,269
10/27/07,346
10/28/07,224
10/29/07,268
10/30/07,354
10/31/07,328
11/1/07,207
11/2/07,259
11/3/07,253
11/4/07,160
11/5/07,190
11/6/07,255
11/7/07,248
11/8/07,280
11/9/07,272
11/10/07,287
11/11/07,324
11/12/07,286
11/13/07,285
11/14/07,286
11/15/07,313
11/16/07,341
11/17/07,361
11/18/07,336
11/19/07,336
11/20/07,376
11/21/07,376
11/22/07,386
11/23/07,349
11/24/07,355
11/25/07,332
11/26/07,386
11/27/07,410
11/28/07,386
11/29/07,385
11/30/07,369
12/1/07,364
12/2/07,381
12/3/07,410
12/4/07,416
12/5/07,367
12/6/07,377
12/7/07,336
12/8/07,334
12/9/07,349
12/10/07,347
12/11/07,338
12/12/07,296
12/13/07,333
12/14/07,332
12/15/07,393
12/16/07,355
12/17/07,352
12/18/07,414
12/19/07,450
12/20/07,396
12/21/07,396
12/22/07,386
12/23/07,360
12/24/07,380
12/25/07,386
12/26/07,424
12/27/07,419
12/28/07,418
12/29/07,436
12/30/07,440
12/31/07,278
1/1/08,160
1/2/08,377
1/3/08,326
1/4/08,383
1/5/08,254
1/6/08,388
1/7/08,379
1/8/08,327
1/9/08,389
1/10/08,393
1/11/08,452
1/12/08,388
1/13/08,387
1/14/08,411
1/15/08,397
1/16/08,359
1/17/08,385
1/18/08,349
1/19/08,350
1/20/08,313
1/21/08,334
1/22/08,304
1/23/08,267
1/24/08,267
1/25/08,238
1/26/08,259
1/27/08,209
1/28/08,262
1/29/08,262
1/30/08,483
1/31/08,515
2/1/08,513
2/2/08,542
2/4/08,580
2/5/08,516
2/6/08,561
2/7/08,640
2/8/08,579
2/9/08,640
2/10/08,602
2/11/08,640
2/12/08,640
2/13/08,612
2/14/08,598
2/15/08,598
2/16/08,624
2/17/08,640
2/18/08,640
2/19/08,640
2/20/08,694
2/21/08,640
2/22/08,668
2/23/08,712
2/24/08,717
2/25/08,717
2/26/08,710
2/27/08,725
2/28/08,654
2/29/08,550
3/1/08,523
3/2/08,518
3/3/08,525
3/4/08,423
3/5/08,375
3/6/08,372
3/7/08,388
3/8/08,189
3/9/08,233
3/10/08,396
3/11/08,381
3/12/08,414
3/13/08,343
3/14/08,377
3/15/08,418
3/16/08,385
3/17/08,434
3/18/08,506
3/19/08,506
3/20/08,530
3/21/08,500
3/22/08,516
3/23/08,530
3/24/08,531
3/25/08,531
3/26/08,531
3/27/08,511
3/28/08,439
3/29/08,364
3/30/08,377
3/31/08,385
4/1/08,377
4/2/08,356
4/3/08,310
4/4/08,318
4/5/08,309
4/6/08,254
4/7/08,307
4/8/08,306
4/9/08,303
4/10/08,303
4/11/08,406
4/12/08,550
4/13/08,522
4/14/08,637
4/15/08,566
4/16/08,612
4/17/08,532
4/18/08,637
4/19/08,637
4/20/08,637
4/21/08,561
4/22/08,516
4/23/08,442
4/24/08,449
4/25/08,404
4/26/08,396
4/27/08,368
4/28/08,366
4/29/08,374
4/30/08,346
5/1/08,333
5/2/08,345
5/3/08,332
5/4/08,410
5/5/08,596
5/6/08,607
5/7/08,587
5/8/08,555
5/9/08,469
5/10/08,470
5/11/08,470
5/12/08,426
5/13/08,470
5/14/08,357
5/15/08,336
5/16/08,300
5/17/08,336
5/18/08,305
5/19/08,303
5/20/08,303
5/21/08,305
5/22/08,300
5/23/08,299
5/24/08,303
5/25/08,305
5/26/08,304
5/27/08,309
5/28/08,310
5/29/08,287
5/30/08,204
5/31/08,303
6/1/08,303
6/2/08,291
6/3/08,303
6/4/08,297
6/5/08,450
6/6/08,625
6/7/08,626
6/8/08,608
6/9/08,609
6/10/08,424
6/11/08,424
6/12/08,424
6/13/08,424
6/14/08,358
6/15/08,357
6/16/08,359
6/17/08,311
6/18/08,311
6/19/08,313
6/20/08,316
6/21/08,317
6/22/08,317
6/23/08,316
6/24/08,303
6/25/08,298
6/26/08,304
6/27/08,303
6/28/08,304
6/29/08,304
6/30/08,304
7/1/08,304
7/2/08,221
7/3/08,301
7/4/08,297
7/5/08,297
7/6/08,322
7/7/08,297
7/8/08,296
7/9/08,304
7/10/08,303
7/11/08,294
7/12/08,300
7/13/08,287
7/14/08,265
7/15/08,260
7/16/08,268
7/17/08,297
7/18/08,253
7/19/08,260
7/20/08,253
7/21/08,254
7/22/08,253
7/23/08,293
7/24/08,257
7/25/08,257
7/26/08,287
7/27/08,280
7/28/08,261
7/29/08,258
7/30/08,261
7/31/08,270
8/1/08,261
8/2/08,259
8/3/08,254
8/4/08,264
8/5/08,87
8/6/08,251
8/7/08,230
8/8/08,224
8/9/08,245
8/10/08,245
8/11/08,241
8/12/08,240
8/13/08,257
8/14/08,290
8/15/08,288
8/16/08,291
8/17/08,228
8/18/08,290
8/19/08,314
8/20/08,293
8/21/08,290
8/22/08,290
8/23/08,291
8/24/08,308
8/25/08,298
8/26/08,296
8/27/08,297
8/28/08,298
8/29/08,302
8/30/08,302
8/31/08,294
9/1/08,273
9/2/08,247
9/3/08,247
9/4/08,246
9/5/08,248
9/6/08,247
9/7/08,248
9/8/08,252
9/9/08,245
9/10/08,245
9/11/08,245
9/12/08,256
9/13/08,289
9/14/08,273
9/15/08,274
9/16/08,268
9/17/08,268
9/18/08,268
9/19/08,273
9/20/08,267
9/21/08,235
9/22/08,209
9/23/08,208
9/24/08,207
9/25/08,236
9/26/08,210
9/27/08,211
9/28/08,238
9/29/08,322
9/30/08,409
10/1/08,328
10/2/08,278
10/3/08,277
10/4/08,275
10/5/08,294
10/6/08,307
10/7/08,305
10/8/08,370
10/9/08,374
10/10/08,372
10/11/08,412
10/12/08,300
10/13/08,327
10/14/08,363
10/15/08,374
10/16/08,368
10/17/08,358
10/18/08,358
10/19/08,284
10/20/08,349
10/21/08,323
10/22/08,323
10/23/08,314
10/24/08,228
10/25/08,323
10/26/08,316
10/27/08,323
10/28/08,327
10/29/08,326
10/30/08,306
10/31/08,331
11/1/08,304
11/2/08,222
11/3/08,296
11/4/08,304
11/5/08,350
11/6/08,419
11/7/08,380
11/8/08,266
11/9/08,262
11/10/08,333
11/11/08,260
11/12/08,290
11/13/08,279
11/14/08,279
11/15/08,313
11/16/08,314
11/17/08,313
11/18/08,316
11/19/08,323
11/20/08,314
11/21/08,349
11/22/08,314
11/23/08,314
11/24/08,320
11/25/08,372
11/26/08,372
11/27/08,372
11/28/08,363
11/29/08,413
11/30/08,396
12/1/08,388
12/2/08,431
12/3/08,300
12/4/08,300
12/5/08,378
12/6/08,377
12/7/08,383
12/8/08,374
12/9/08,288
12/10/08,289
12/11/08,259
12/12/08,194
12/13/08,223
12/14/08,231
12/15/08,216
12/16/08,222
12/17/08,239
12/18/08,220
12/19/08,238
12/20/08,250
12/21/08,244
12/22/08,267
12/23/08,356
12/24/08,317
12/25/08,245
12/26/08,332
12/27/08,381
12/28/08,495
12/29/08,393
12/30/08,470
12/31/08,461
1/1/09,445
1/2/09,383
1/3/09,317
1/4/09,437
1/5/09,466
1/6/09,456
1/7/09,455
1/8/09,466
1/9/09,466
1/10/09,258
1/11/09,258
1/12/09,269
1/13/09,326
1/14/09,328
1/15/09,326
1/16/09,337
1/17/09,325
1/18/09,239
1/19/09,314
1/20/09,318
1/21/09,318
1/22/09,318
1/23/09,318
1/24/09,214
1/25/09,214
1/26/09,309
1/27/09,253
1/28/09,323
1/29/09,527
1/30/09,531
1/31/09,509
2/1/09,505
2/2/09,505
2/3/09,491
2/4/09,488
2/5/09,477
2/6/09,485
2/7/09,510
2/8/09,510
2/9/09,510
2/10/09,510
2/11/09,508
2/12/09,510
2/13/09,509
2/14/09,510
2/15/09,510
2/16/09,510
2/17/09,510
2/18/09,512
2/19/09,510
2/20/09,510
2/21/09,510
2/22/09,479
2/23/09,495
2/24/09,495
2/25/09,484
2/26/09,470
2/27/09,457
2/28/09,368
3/1/09,363
3/2/09,425
3/3/09,422
3/4/09,372
3/5/09,331
3/6/09,299
3/7/09,297
3/8/09,189
3/9/09,262
3/10/09,219
3/11/09,219
3/12/09,200
3/13/09,161
3/14/09,121
3/15/09,116
3/16/09,134
3/17/09,145
3/18/09,136
3/19/09,167
3/20/09,255
3/21/09,236
3/22/09,232
3/23/09,289
3/24/09,258
3/25/09,258
3/26/09,272
3/27/09,273
3/28/09,274
3/29/09,270
3/30/09,293
3/31/09,274
4/1/09,339
4/2/09,274
4/3/09,295
4/4/09,273
4/5/09,244
4/6/09,276
4/7/09,277
4/8/09,388
4/9/09,276
4/10/09,261
4/11/09,282
4/12/09,294
4/13/09,281
4/14/09,275
4/15/09,274
4/16/09,285
4/17/09,348
4/18/09,270
4/19/09,286
4/20/09,287
4/21/09,286
4/22/09,291
4/23/09,270
4/24/09,315
4/25/09,231
4/26/09,215
4/27/09,233
4/28/09,313
4/29/09,232
4/30/09,240
5/1/09,229
5/2/09,231
5/3/09,189
5/4/09,273
5/5/09,284
5/6/09,285
5/7/09,242
5/8/09,262
5/9/09,246
5/10/09,185
5/11/09,265
5/12/09,255
5/13/09,256
5/14/09,265
5/15/09,258
5/16/09,180
5/17/09,177
5/18/09,249
5/19/09,246
5/20/09,248
5/21/09,243
5/22/09,226
5/23/09,155
5/24/09,168
5/25/09,242
5/26/09,252
5/27/09,269
5/28/09,267
5/29/09,239
5/30/09,213
5/31/09,157
6/1/09,232
6/2/09,240
6/3/09,235
6/4/09,244
6/5/09,257
6/6/09,251
6/7/09,231
6/8/09,264
6/9/09,276
6/10/09,240
6/11/09,240
6/12/09,258
6/13/09,248
6/14/09,228
6/15/09,229
6/16/09,273
6/17/09,284
6/18/09,284
6/19/09,271
6/20/09,242
6/21/09,246
6/22/09,247
6/23/09,268
6/24/09,259
6/25/09,262
6/26/09,259
6/27/09,252
6/28/09,237
6/29/09,258
6/30/09,264
7/1/09,250
7/2/09,333
7/3/09,322
7/4/09,309
7/5/09,309
7/6/09,312
7/7/09,320
7/8/09,316
7/9/09,314
7/10/09,313
7/11/09,253
7/12/09,314
7/13/09,315
7/14/09,314
7/15/09,273
7/16/09,300
7/17/09,307
7/18/09,309
7/19/09,307
7/20/09,306
7/21/09,313
7/22/09,338
7/23/09,336
7/24/09,314
7/25/09,261
7/26/09,278
7/27/09,308
7/28/09,437
7/29/09,435
7/30/09,437
7/31/09,436
8/1/09,401
8/2/09,387
8/3/09,422
8/4/09,440
8/5/09,443
8/6/09,465
8/7/09,465
8/8/09,466
8/9/09,402
8/10/09,489
8/11/09,412
8/12/09,267
8/13/09,312
8/14/09,312
8/15/09,305
8/16/09,252
8/17/09,301
8/18/09,368
8/19/09,372
8/20/09,316
8/21/09,327
8/22/09,304
8/23/09,235
8/24/09,362
8/25/09,411
8/26/09,350
8/27/09,345
8/28/09,362
8/29/09,362
8/30/09,252
8/31/09,383
9/1/09,460
9/2/09,470
9/3/09,474
9/4/09,409
9/5/09,396
9/6/09,354
9/7/09,344
9/8/09,346
9/9/09,420
9/10/09,434
9/11/09,444
9/12/09,473
9/13/09,353
9/14/09,414
9/15/09,543
9/16/09,506
9/17/09,593
9/18/09,613
9/19/09,600
9/20/09,610
9/21/09,516
9/22/09,544
9/23/09,468
9/24/09,500
9/25/09,526
9/26/09,539
9/27/09,299
9/28/09,559
9/29/09,583
9/30/09,670
10/1/09,669
10/2/09,651
10/3/09,585
10/4/09,521
10/5/09,646
10/6/09,652
10/7/09,502
10/8/09,551
10/9/09,539
10/10/09,532
10/11/09,293
10/12/09,529
10/13/09,536
10/14/09,454
10/15/09,465
10/16/09,455
10/17/09,453
10/18/09,243
10/19/09,457
10/20/09,468
10/21/09,496
10/22/09,533
10/23/09,557
10/24/09,558
10/25/09,468
10/26/09,559
10/27/09,528
10/28/09,515
10/29/09,520
10/30/09,490
10/31/09,521
11/1/09,558
11/2/09,515
11/3/09,516
11/4/09,315
11/5/09,345
11/6/09,319
11/7/09,267
11/8/09,178
11/9/09,274
11/10/09,308
11/11/09,371
11/12/09,269
11/13/09,397
11/14/09,384
11/15/09,471
11/16/09,470
11/17/09,391
11/18/09,396
11/19/09,397
11/20/09,381
11/21/09,267
11/22/09,374
11/23/09,400
11/24/09,397
11/25/09,400
11/26/09,415
11/27/09,414
11/28/09,410
11/29/09,405
11/30/09,386
12/1/09,492
12/2/09,533
12/3/09,534
12/4/09,538
12/5/09,539
12/6/09,539
12/7/09,526
12/8/09,524
12/9/09,543
12/10/09,550
12/11/09,543
12/12/09,567
12/13/09,544
12/14/09,473
12/15/09,479
12/16/09,555
12/17/09,554
12/18/09,555
12/19/09,556
12/20/09,609
12/21/09,713
12/22/09,677
12/23/09,684
12/24/09,700
12/25/09,366
12/26/09,709
12/27/09,704
12/28/09,705
12/29/09,709
12/30/09,713
12/31/09,555
1/1/10,386
1/2/10,723
1/3/10,333
1/4/10,737
1/5/10,706
1/6/10,700
1/7/10,699
1/8/10,706
1/9/10,719
1/10/10,640
1/11/10,701
1/12/10,701
1/13/10,701
1/14/10,710
1/15/10,705
1/16/10,713
1/17/10,715
1/18/10,714
1/19/10,721
1/20/10,696
1/21/10,714
1/22/10,740
1/23/10,742
1/24/10,643
1/25/10,749
1/26/10,753
1/27/10,755
1/28/10,756
1/29/10,753
1/30/10,713
1/31/10,720
2/1/10,723
2/2/10,717
2/3/10,714
2/4/10,685
2/5/10,662
2/6/10,650
2/7/10,643
2/8/10,646
2/9/10,635
2/10/10,647
2/11/10,629
2/12/10,627
2/13/10,626
2/14/10,625
2/15/10,646
2/16/10,644
2/17/10,652
2/18/10,649
2/19/10,640
2/20/10,612
2/21/10,620
2/22/10,612
2/23/10,616
2/24/10,618
2/25/10,662
2/26/10,685
2/27/10,685
2/28/10,689
3/1/10,685
3/2/10,676
3/3/10,648
3/4/10,645
3/5/10,644
3/6/10,646
3/8/10,646
3/9/10,647
3/10/10,649
3/11/10,656
3/12/10,648
3/13/10,647
3/14/10,648
3/15/10,588
3/16/10,164
3/17/10,470
3/18/10,476
3/19/10,474
3/20/10,474
3/21/10,481
3/22/10,484
3/23/10,480
3/24/10,466
3/25/10,481
3/26/10,485
3/27/10,485
3/28/10,489
3/29/10,492
3/30/10,491
3/31/10,485
4/1/10,495
4/2/10,497
4/3/10,499
4/4/10,493
4/5/10,525
4/6/10,534
4/7/10,527
4/8/10,524
4/9/10,517
4/10/10,520
4/11/10,526
4/12/10,532
4/13/10,524
4/14/10,432
4/15/10,435
4/16/10,434
4/17/10,420
4/18/10,339
4/19/10,423
4/20/10,418
4/21/10,400
4/22/10,394
4/23/10,415
4/24/10,393
4/25/10,398
4/26/10,404
4/27/10,495
4/28/10,393
4/29/10,431
4/30/10,438
5/1/10,343
5/2/10,435
5/3/10,435
5/4/10,440
5/5/10,440
5/6/10,436
5/7/10,388
5/8/10,388
5/9/10,304
5/10/10,369
5/11/10,362
5/12/10,353
5/13/10,366
5/14/10,365
5/15/10,319
5/16/10,318
5/17/10,404
5/18/10,440
5/19/10,360
5/20/10,368
5/21/10,359
5/22/10,414
5/23/10,344
5/24/10,364
5/25/10,361
5/26/10,358
5/27/10,359
5/28/10,359
5/29/10,381
5/30/10,364
5/31/10,365
6/1/10,378
6/2/10,369
6/3/10,364
6/4/10,364
6/5/10,365
6/6/10,367
6/7/10,365
6/8/10,348
6/9/10,365
6/10/10,364
6/11/10,361
6/12/10,364
6/13/10,367
6/14/10,403
6/15/10,370
6/16/10,411
6/17/10,395
6/18/10,409
6/19/10,344
6/20/10,388
6/21/10,405
6/22/10,409
6/23/10,416
6/24/10,404
6/25/10,404
6/26/10,401
6/27/10,326
6/28/10,391
6/29/10,428
6/30/10,389
7/1/10,424
7/2/10,410
7/3/10,394
7/4/10,423
7/5/10,427
7/6/10,434
7/7/10,437
7/8/10,453
7/9/10,458
7/10/10,460
7/11/10,460
7/12/10,473
7/13/10,484
7/14/10,450
7/15/10,429
7/16/10,437
7/17/10,347
7/18/10,281
7/19/10,352
7/20/10,394
7/21/10,403
7/22/10,403
7/23/10,390
7/24/10,391
7/25/10,383
7/26/10,391
7/27/10,317
7/28/10,400
7/29/10,402
7/30/10,375
7/31/10,389
8/1/10,264
8/2/10,392
8/3/10,391
8/4/10,391
8/5/10,395
8/6/10,399
8/7/10,396
8/8/10,367
8/9/10,395
8/10/10,399
8/11/10,250
8/12/10,245
8/13/10,303
8/14/10,301
8/15/10,188
8/16/10,284
8/17/10,281
8/18/10,285
8/19/10,283
8/20/10,284
8/21/10,211
8/22/10,187
8/23/10,284
8/24/10,230
8/25/10,268
8/26/10,269
8/27/10,274
8/28/10,274
8/29/10,193
8/30/10,285
8/31/10,274
9/1/10,271
9/2/10,297
9/3/10,277
9/4/10,276
9/5/10,201
9/6/10,278
9/7/10,282
9/8/10,238
9/9/10,253
9/10/10,253
9/11/10,263
9/12/10,209
9/13/10,286
9/14/10,293
9/15/10,287
9/16/10,242
9/17/10,241
9/18/10,236
9/19/10,236
9/20/10,242
9/21/10,239
9/22/10,237
9/23/10,240
9/24/10,240
9/25/10,239
9/26/10,238
9/27/10,236
9/28/10,245
9/30/10,242
10/1/10,242
10/2/10,243
10/3/10,239
10/4/10,230
10/5/10,245
10/6/10,275
10/7/10,375
10/8/10,266
10/9/10,291
10/10/10,291
10/11/10,289
10/12/10,292
10/13/10,294
10/14/10,284
10/15/10,290
10/16/10,289
10/17/10,281
10/18/10,287
10/19/10,297
10/20/10,266
10/21/10,268
10/22/10,296
10/23/10,282
10/24/10,293
10/25/10,332
10/26/10,267
10/27/10,224
10/28/10,264
10/29/10,267
10/30/10,267
10/31/10,204
11/1/10,258
11/2/10,198
11/3/10,165
11/4/10,165
11/5/10,182
11/6/10,230
11/7/10,212
11/8/10,228
11/9/10,323
11/10/10,322
11/11/10,183
11/12/10,276
11/13/10,285
11/14/10,195
11/15/10,197
11/16/10,304
11/17/10,239
11/18/10,236
11/19/10,210
11/20/10,233
11/21/10,204
11/22/10,218
11/23/10,155
11/24/10,166
11/25/10,149
11/26/10,169
11/27/10,148
11/28/10,149
11/29/10,226
11/30/10,253
12/1/10,258
12/2/10,280
12/3/10,299
12/4/10,304
12/5/10,150
12/6/10,297
12/7/10,274
12/8/10,273
12/9/10,286
12/10/10,287
12/11/10,244
12/12/10,149
12/13/10,273
12/14/10,285
12/15/10,271
12/16/10,266
12/17/10,264
12/18/10,345
12/19/10,439
12/20/10,457
12/21/10,467
12/22/10,487
12/23/10,517
12/24/10,483
12/25/10,488
12/26/10,398
12/27/10,494
12/28/10,496
12/29/10,498
12/30/10,499
12/31/10,498
1/1/11,378
1/2/11,454
1/3/11,446
1/4/11,500
1/5/11,666
1/6/11,707
1/7/11,728
1/8/11,747
1/9/11,742
1/10/11,702
1/11/11,721
1/12/11,722
1/13/11,718
1/14/11,724
1/15/11,727
1/16/11,724
1/17/11,732
1/18/11,730
1/19/11,729
1/20/11,717
1/21/11,722
1/22/11,695
1/23/11,679
1/24/11,692
1/25/11,700
1/26/11,696
1/27/11,738
1/28/11,689
1/29/11,653
1/30/11,647
1/31/11,652
2/1/11,554
2/2/11,562
2/3/11,557
2/4/11,557
2/5/11,638
2/6/11,652
2/7/11,561
2/8/11,557
2/9/11,560
2/10/11,537
2/11/11,448
2/12/11,492
2/13/11,486
2/14/11,502
2/15/11,427
2/16/11,432
2/17/11,433
2/18/11,647
2/19/11,591
2/20/11,566
2/21/11,585
2/22/11,639
2/23/11,585
2/24/11,602
2/25/11,605
2/26/11,606
2/27/11,610
2/28/11,561
3/1/11,670
3/2/11,704
3/3/11,696
3/4/11,723
3/5/11,689
3/6/11,659
3/7/11,650
3/8/11,644
3/9/11,642
3/10/11,693
3/11/11,504
3/12/11,587
3/13/11,715
3/14/11,714
3/15/11,727
3/16/11,717
3/17/11,720
3/18/11,625
3/19/11,645
3/20/11,682
3/21/11,626
3/22/11,613
3/23/11,597
3/24/11,557
3/25/11,518
3/26/11,519
3/27/11,266
3/28/11,515
3/29/11,514
3/30/11,509
3/31/11,505
4/1/11,534
4/2/11,532
4/3/11,439
4/4/11,535
4/5/11,557
4/6/11,560
4/7/11,558
4/8/11,560
4/9/11,464
4/10/11,512
4/11/11,563
4/12/11,418
4/13/11,365
4/14/11,397
4/15/11,483
4/16/11,689
4/17/11,533
4/18/11,606
4/19/11,442
4/20/11,440
4/21/11,468
4/22/11,470
4/23/11,458
4/24/11,449
4/25/11,459
4/26/11,344
4/27/11,333
4/28/11,345
4/29/11,352
4/30/11,340
5/1/11,336
5/2/11,333
5/3/11,330
5/4/11,326
5/5/11,327
5/6/11,344
5/7/11,328
5/8/11,326
5/9/11,371
5/10/11,256
5/11/11,265
5/12/11,276
5/13/11,246
5/14/11,262
5/15/11,263
5/16/11,266
5/17/11,153
5/18/11,171
5/19/11,309
5/20/11,167
5/21/11,156
5/22/11,154
5/23/11,156
5/24/11,155
5/25/11,162
5/26/11,214
5/27/11,321
5/28/11,316
5/29/11,312
5/30/11,310
5/31/11,253
6/1/11,255
6/2/11,305
6/3/11,261
6/4/11,259
6/5/11,255
6/6/11,262
6/7/11,257
6/8/11,199
6/9/11,258
6/10/11,613
6/11/11,677
6/12/11,537
6/13/11,531
6/14/11,482
6/15/11,484
6/16/11,482
6/17/11,372
6/18/11,196
6/19/11,209
6/20/11,373
6/21/11,356
6/22/11,399
6/23/11,176
6/24/11,176
6/25/11,219
6/26/11,246
6/27/11,330
6/28/11,316
6/29/11,342
6/30/11,329
7/1/11,324
7/2/11,238
7/3/11,228
7/4/11,320
7/5/11,331
7/6/11,306
7/7/11,337
7/8/11,387
7/9/11,235
7/10/11,217
7/11/11,341
7/12/11,351
7/13/11,346
7/14/11,353
7/15/11,350
7/16/11,353
7/17/11,211
7/18/11,336
7/19/11,345
7/20/11,350
7/21/11,329
7/22/11,266
7/23/11,280
7/24/11,182
7/25/11,280
7/26/11,294
7/27/11,296
7/28/11,265
7/29/11,299
7/30/11,294
7/31/11,197
8/1/11,313
8/2/11,311
8/3/11,314
8/4/11,318
8/5/11,322
8/6/11,326
8/7/11,234
8/8/11,327
8/9/11,329
8/10/11,327
8/11/11,327
8/12/11,250
8/13/11,253
8/14/11,164
8/15/11,180
8/16/11,224
8/17/11,257
8/18/11,237
8/19/11,220
8/20/11,199
8/21/11,194
8/22/11,200
8/23/11,195
8/24/11,191
8/25/11,193
8/26/11,191
8/27/11,188
8/28/11,143
8/29/11,182
8/30/11,176
8/31/11,174
9/1/11,177
9/2/11,175
9/3/11,194
9/4/11,206
9/5/11,389
9/6/11,394
9/7/11,336
9/8/11,349
9/9/11,383
9/10/11,391
9/11/11,329
9/12/11,402
9/13/11,410
9/14/11,421
9/15/11,412
9/16/11,425
9/17/11,424
9/18/11,424
9/19/11,428
9/20/11,428
9/21/11,428
9/22/11,426
9/23/11,423
9/24/11,425
9/25/11,303
9/26/11,427
9/27/11,431
9/28/11,353
9/29/11,361
9/30/11,484
10/1/11,240
10/2/11,209
10/3/11,471
10/4/11,255
10/5/11,256
10/6/11,247
10/7/11,244
10/8/11,267
10/9/11,165
10/10/11,267
10/11/11,264
10/12/11,273
10/13/11,263
10/14/11,317
10/15/11,253
10/16/11,146
10/17/11,278
10/18/11,335
10/19/11,345
10/20/11,497
10/21/11,519
10/22/11,468
10/23/11,351
10/24/11,469
10/25/11,485
10/26/11,402
10/27/11,399
10/28/11,412
10/29/11,370
10/30/11,345
10/31/11,350
11/1/11,418
11/2/11,475
11/3/11,467
11/4/11,500
11/5/11,499
11/6/11,384
11/7/11,491
11/8/11,496
11/9/11,433
11/10/11,416
11/11/11,399
11/12/11,493
11/13/11,400
11/14/11,500
11/15/11,423
11/16/11,441
11/17/11,502
11/18/11,502
11/19/11,595
11/20/11,471
11/21/11,466
11/22/11,443
11/23/11,502
11/24/11,638
11/25/11,657
11/26/11,660
11/27/11,530
11/28/11,669
11/29/11,634
11/30/11,610
12/1/11,600
12/2/11,601
12/3/11,588
12/4/11,528
12/5/11,595
12/6/11,471
12/7/11,490
12/8/11,531
12/9/11,369
12/10/11,357
12/11/11,341
12/12/11,342
12/13/11,431
12/14/11,437
12/15/11,415
12/16/11,557
12/17/11,529
12/18/11,623
12/19/11,551
12/20/11,562
12/21/11,586
12/22/11,589
12/23/11,583
12/24/11,575
12/25/11,559
12/26/11,583
12/27/11,573
12/28/11,248
12/29/11,246
12/30/11,244
12/31/11,244
1/1/12,245
1/2/12,245
1/3/12,233
1/4/12,234
1/5/12,235
1/6/12,356
1/7/12,487
1/8/12,469
1/9/12,489
1/10/12,593
1/11/12,571
1/12/12,575
1/13/12,585
1/14/12,577
1/15/12,355
1/16/12,574
1/17/12,579
1/18/12,550
1/19/12,530
1/20/12,669
1/21/12,676
1/22/12,678
1/23/12,676
1/24/12,703
1/25/12,688
1/26/12,685
1/27/12,712
1/28/12,697
1/29/12,655
1/30/12,651
1/31/12,652
2/1/12,653
2/2/12,644
2/3/12,490
2/4/12,482
2/5/12,375
2/6/12,435
2/7/12,278
2/8/12,346
2/9/12,350
2/10/12,344
2/11/12,180
2/12/12,109
2/13/12,179
2/14/12,350
2/15/12,440
2/16/12,431
2/17/12,519
2/18/12,509
2/19/12,479
2/20/12,254
2/21/12,252
2/22/12,251
2/23/12,351
2/24/12,280
2/25/12,270
2/26/12,266
2/27/12,261
2/28/12,488
2/29/12,464
3/1/12,460
3/2/12,460
3/3/12,278
3/4/12,204
3/5/12,403
3/6/12,413
3/7/12,413
3/8/12,411
3/9/12,411
3/10/12,355
3/11/12,352
3/12/12,366
3/13/12,354
3/14/12,434
3/15/12,425
3/16/12,383
3/17/12,132
3/18/12,132
3/19/12,236
3/20/12,238
3/21/12,253
3/22/12,207
3/23/12,253
3/24/12,187
3/25/12,187
3/26/12,244
3/27/12,236
3/28/12,205
3/29/12,189
3/30/12,187
3/31/12,188
4/1/12,187
4/2/12,191
4/3/12,281
4/4/12,215
4/5/12,309
4/6/12,203
4/7/12,197
4/8/12,199
4/9/12,281
4/10/12,288
4/11/12,289
4/12/12,284
4/13/12,280
4/14/12,199
4/15/12,190
4/16/12,219
4/17/12,184
4/18/12,189
4/19/12,281
4/20/12,284
4/21/12,237
4/22/12,184
4/23/12,425
4/24/12,496
4/25/12,451
4/26/12,460
4/27/12,375
4/28/12,372
4/29/12,436
4/30/12,538
5/1/12,608
5/2/12,613
5/3/12,615
5/4/12,614
5/5/12,608
5/6/12,522
5/7/12,452
5/8/12,370
5/9/12,370
5/10/12,374
5/11/12,377
5/12/12,335
5/13/12,246
5/14/12,334
5/15/12,328
5/16/12,390
5/17/12,394
5/18/12,340
5/19/12,342
5/20/12,257
5/21/12,339
5/22/12,324
5/23/12,326
5/24/12,331
5/25/12,308
5/26/12,326
5/27/12,304
5/28/12,310
5/29/12,354
5/30/12,303
5/31/12,409
6/1/12,440
6/2/12,432
6/3/12,371
6/4/12,383
6/5/12,395
6/6/12,601
6/7/12,618
6/8/12,643
6/9/12,589
6/10/12,489
6/11/12,554
6/12/12,575
6/13/12,564
6/14/12,603
6/15/12,549
6/16/12,554
6/17/12,554
6/18/12,553
6/19/12,550
6/21/12,605
6/22/12,595
6/23/12,638
6/24/12,621
6/25/12,634
6/26/12,600
6/27/12,550
6/28/12,620
6/29/12,636
6/30/12,636
7/1/12,636
7/2/12,600
7/3/12,559
7/4/12,593
7/5/12,569
7/6/12,569
7/7/12,555
7/8/12,380
7/9/12,349
7/10/12,513
7/11/12,583
7/12/12,525
7/13/12,599
7/14/12,592
7/15/12,597
7/16/12,606
7/17/12,594
7/18/12,592
7/19/12,581
7/20/12,587
7/21/12,537
7/22/12,547
7/23/12,537
7/24/12,526
7/25/12,517
7/26/12,518
7/27/12,519
7/28/12,523
7/29/12,513
7/30/12,523
7/31/12,529
8/1/12,553
8/2/12,554
8/3/12,549
8/4/12,513
8/5/12,429
8/6/12,505
8/7/12,392
8/8/12,320
8/9/12,314
8/10/12,263
8/11/12,263
8/12/12,226
8/13/12,297
8/14/12,325
8/15/12,324
8/16/12,371
8/17/12,384
8/18/12,399
8/19/12,370
8/20/12,380
8/21/12,357
8/22/12,243
8/23/12,264
8/24/12,248
8/25/12,237
8/26/12,235
8/27/12,267
8/28/12,162
8/29/12,234
8/30/12,201
8/31/12,238
9/1/12,233
9/2/12,203
9/3/12,236
9/4/12,219
9/5/12,227
9/6/12,199
9/7/12,180
9/8/12,178
9/9/12,179
9/10/12,211
9/11/12,206
9/12/12,221
9/13/12,220
9/14/12,217
9/15/12,207
9/16/12,184
9/17/12,249
9/18/12,248
9/19/12,263
9/20/12,188
9/21/12,126
9/22/12,124
9/23/12,136
9/24/12,173
9/25/12,128
9/26/12,162
9/27/12,166
9/28/12,163
9/29/12,194
9/30/12,192
10/1/12,333
10/2/12,262
10/3/12,242
10/4/12,299
10/5/12,269
10/6/12,232
10/7/12,186
10/8/12,292
10/9/12,224
10/10/12,221
10/11/12,235
10/12/12,236
10/13/12,242
10/14/12,211
10/15/12,299
10/16/12,361
10/17/12,339
10/18/12,367
10/19/12,374
10/20/12,404
10/21/12,200
10/22/12,308
10/23/12,335
10/24/12,330
10/25/12,320
10/26/12,324
10/27/12,302
10/28/12,280
10/29/12,328
10/30/12,325
10/31/12,342
11/1/12,344
11/2/12,264
11/3/12,313
11/4/12,274
11/5/12,347
11/6/12,352
11/7/12,350
11/8/12,351
11/9/12,318
11/10/12,280
11/11/12,249
11/12/12,253
11/13/12,257
11/14/12,234
11/15/12,259
11/16/12,227
11/17/12,241
11/18/12,276
11/19/12,298
11/20/12,302
11/21/12,302
11/22/12,329
11/23/12,316
11/24/12,288
11/25/12,249
11/26/12,251
11/27/12,276
11/28/12,277
11/29/12,288
11/30/12,290
12/1/12,251
12/2/12,188
12/3/12,284
12/4/12,327
12/5/12,394
12/6/12,405
12/7/12,379
12/8/12,278
12/9/12,212
12/10/12,353
12/11/12,390
12/12/12,391
12/13/12,372
12/14/12,371
12/15/12,269
12/16/12,235
12/17/12,315
12/18/12,312
12/19/12,431
12/20/12,428
12/21/12,435
12/22/12,393
12/23/12,145
12/24/12,376
12/25/12,140
12/26/12,393
12/27/12,304
12/28/12,265
12/29/12,306
12/30/12,127
12/31/12,393
1/1/13,136
1/2/13,342
1/3/13,507
1/4/13,515
1/5/13,511
1/6/13,412
1/7/13,533
1/8/13,519
1/9/13,521
1/10/13,509
1/11/13,533
1/12/13,428
1/13/13,362
1/14/13,532
1/15/13,609
1/16/13,612
1/17/13,601
1/18/13,612
1/19/13,614
1/20/13,613
1/21/13,592
1/22/13,583
1/23/13,587
1/24/13,543
1/25/13,463
1/26/13,504
1/27/13,551
1/28/13,402
1/29/13,344
1/30/13,355
1/31/13,394
2/1/13,395
2/2/13,394
2/3/13,437
2/4/13,595
2/5/13,527
2/6/13,531
2/7/13,558
2/8/13,583
2/9/13,588
2/10/13,587
2/11/13,582
2/12/13,582
2/13/13,587
2/14/13,580
2/15/13,576
2/16/13,573
2/17/13,565
2/18/13,591
2/19/13,594
2/20/13,593
2/21/13,598
2/22/13,605
2/23/13,542
2/24/13,346
2/25/13,493
2/26/13,530
2/27/13,558
2/28/13,543
3/1/13,544
3/2/13,554
3/3/13,296
3/4/13,493
3/5/13,511
3/6/13,442
3/7/13,480
3/8/13,465
3/9/13,448
3/10/13,268
3/11/13,457
3/12/13,531
3/13/13,602
3/14/13,616
3/15/13,622
3/16/13,563
3/17/13,565
3/19/13,494
3/20/13,504
3/21/13,485
3/22/13,372
3/23/13,412
3/24/13,261
3/25/13,418
3/26/13,420
3/27/13,452
3/28/13,452
3/29/13,237
3/30/13,325
3/31/13,293
4/1/13,468
4/2/13,483
4/3/13,580
4/4/13,478
4/5/13,563
4/6/13,576
4/7/13,571
4/8/13,580
4/9/13,573
4/10/13,576
4/11/13,572
4/12/13,549
4/13/13,471
4/14/13,405
4/15/13,577
4/16/13,675
4/17/13,663
4/18/13,600
4/19/13,522
4/20/13,517
4/21/13,298
4/22/13,272
4/23/13,259
4/24/13,264
4/25/13,151
4/26/13,209
4/27/13,148
4/28/13,152
4/29/13,251
4/30/13,302
5/1/13,320
5/2/13,325
5/3/13,316
5/4/13,312
5/5/13,188
5/6/13,307
5/7/13,308
5/8/13,304
5/9/13,303
5/10/13,329
5/11/13,243
5/12/13,190
5/13/13,309
5/14/13,305
5/15/13,303
5/16/13,288
5/17/13,291
5/18/13,258
5/19/13,198
5/20/13,270
5/21/13,268
5/22/13,275
5/23/13,274
5/24/13,277
5/25/13,280
5/26/13,195
5/27/13,257
5/28/13,190
5/29/13,423
5/30/13,635
5/31/13,660
6/1/13,597
6/2/13,568
6/3/13,568
6/4/13,455
6/5/13,432
6/6/13,331
6/7/13,309
6/8/13,318
6/9/13,268
6/10/13,307
6/11/13,307
6/12/13,313
6/13/13,316
6/14/13,310
6/15/13,334
6/16/13,392
6/17/13,324
6/18/13,319
6/19/13,372
6/20/13,426
6/21/13,497
6/22/13,5
6/23/13,27
6/24/13,295
6/25/13,365
6/26/13,514
6/27/13,684
6/28/13,693
6/29/13,630
6/30/13,566
7/1/13,614
7/2/13,569
7/3/13,517
7/4/13,414
7/5/13,547
7/6/13,512
7/7/13,409
7/8/13,490
7/9/13,470
7/10/13,428
7/11/13,451
7/12/13,427
7/13/13,426
7/14/13,325
7/15/13,451
7/16/13,425
7/17/13,332
7/18/13,302
7/19/13,383
7/20/13,383
7/21/13,278
7/22/13,424
7/23/13,440
7/24/13,434
7/25/13,357
7/26/13,398
7/27/13,395
7/28/13,292
7/29/13,431
7/30/13,421
7/31/13,389
8/1/13,397
8/2/13,381
8/3/13,407
8/4/13,351
8/5/13,465
8/6/13,390
8/7/13,326
8/8/13,326
8/9/13,325
8/10/13,315
8/11/13,258
8/12/13,361
8/15/13,345
8/16/13,347
8/17/13,324
8/18/13,215
8/19/13,340
8/20/13,363
8/22/13,310
8/23/13,295
8/24/13,267
8/25/13,184
8/26/13,251
8/27/13,249
8/28/13,251
8/29/13,247
8/30/13,252
8/31/13,263
9/1/13,157
9/2/13,243
9/3/13,275
9/4/13,236
9/5/13,260
9/6/13,339
9/7/13,250
9/8/13,185
9/9/13,262
9/10/13,228
9/11/13,274
9/12/13,259
9/13/13,69
9/14/13,60
9/15/13,60
9/16/13,58
9/17/13,54
9/18/13,53
9/19/13,53
9/20/13,53
9/21/13,53
9/22/13,54
9/23/13,53
9/24/13,53
9/25/13,53
9/26/13,53
9/27/13,167
9/28/13,109
9/29/13,180
9/30/13,187
10/1/13,183
10/2/13,169
10/3/13,262
10/4/13,347
10/5/13,405
10/6/13,507
10/7/13,377
10/8/13,333
10/9/13,339
10/10/13,326
10/11/13,354
10/12/13,200
10/13/13,301
10/14/13,295
10/15/13,296
10/16/13,297
10/17/13,341
10/18/13,340
10/19/13,340
10/20/13,228
10/21/13,292
10/22/13,299
10/23/13,292
10/24/13,313
10/25/13,343
10/26/13,378
10/27/13,311
10/28/13,311
10/29/13,295
10/30/13,248
10/31/13,206
11/1/13,175
11/2/13,128
11/3/13,54
11/4/13,53
11/5/13,107
11/6/13,210
11/7/13,302
11/8/13,339
11/9/13,328
11/10/13,333
11/11/13,289
11/12/13,230
11/13/13,222
11/14/13,232
11/15/13,170
11/16/13,268
11/17/13,155
11/18/13,267
11/19/13,260
11/20/13,319
11/21/13,320
11/22/13,264
11/23/13,235
11/24/13,212
11/25/13,296
11/26/13,305
11/27/13,291
11/28/13,327
11/29/13,323
11/30/13,379
12/1/13,310
12/2/13,368
12/3/13,351
12/4/13,372
12/5/13,389
12/6/13,300
12/7/13,357
12/8/13,336
12/9/13,346
12/10/13,265
12/11/13,401
12/12/13,291
12/13/13,344
12/14/13,330
12/15/13,286
12/16/13,361
12/17/13,278
12/18/13,195
12/19/13,181
12/20/13,185
12/21/13,180
12/22/13,108
12/23/13,132
12/24/13,157
12/25/13,157
12/26/13,189
12/27/13,183
12/28/13,222
12/29/13,187
12/30/13,232
12/31/13,217
1/1/14,313
1/2/14,342
1/3/14,300
1/4/14,339
1/5/14,342
1/6/14,339
1/7/14,283
1/8/14,251
1/9/14,257
1/10/14,268
1/11/14,230
1/12/14,195
1/13/14,237
1/14/14,207
1/15/14,207
1/16/14,217
1/17/14,271
1/18/14,275
1/19/14,211
1/20/14,279
1/21/14,282
1/22/14,258
1/23/14,268
1/24/14,274
1/25/14,189
1/26/14,157
1/27/14,244
1/28/14,283
1/29/14,305
1/30/14,268
1/31/14,319
2/1/14,231
2/2/14,121
2/3/14,98
2/4/14,70
2/5/14,165
2/6/14,165
2/7/14,150
2/8/14,92
2/9/14,84
2/10/14,125
2/11/14,154
2/12/14,137
2/13/14,91
2/14/14,121
2/15/14,94
2/16/14,94
2/17/14,86
2/18/14,83
2/19/14,103
2/20/14,157
2/21/14,181
2/22/14,131
2/23/14,80
2/24/14,119
2/25/14,131
2/26/14,103
2/27/14,105
2/28/14,127
3/1/14,109
3/2/14,64
3/3/14,63
3/4/14,62
3/5/14,98
3/6/14,172
3/7/14,217
3/8/14,123
3/9/14,128
3/10/14,205
3/11/14,252
3/12/14,253
3/13/14,263
3/14/14,244
3/15/14,125
3/16/14,186
3/17/14,223
3/18/14,238
3/19/14,213
3/20/14,237
3/21/14,227
3/22/14,158
3/23/14,128
3/24/14,235
3/25/14,224
3/26/14,225
3/27/14,221
3/28/14,143
3/29/14,184
3/30/14,107
3/31/14,105
4/1/14,142
4/2/14,147
4/3/14,141
4/4/14,140
4/5/14,145
4/6/14,107
4/7/14,161
4/8/14,142
4/9/14,142
4/10/14,125
4/11/14,126
4/12/14,126
4/13/14,107
4/14/14,144
4/15/14,130
4/16/14,136
4/17/14,135
4/18/14,134
4/19/14,52
4/20/14,102
4/21/14,96
4/22/14,133
4/23/14,143
4/24/14,149
4/25/14,193
4/26/14,193
4/27/14,195
4/28/14,200
4/29/14,237
4/30/14,218
5/1/14,105
5/2/14,235
5/3/14,228
5/4/14,133
5/5/14,220
5/6/14,211
5/7/14,188
5/8/14,211
5/9/14,203
5/10/14,156
5/11/14,147
5/12/14,198
5/13/14,192
5/14/14,182
5/15/14,185
5/16/14,197
5/17/14,147
5/18/14,115
5/19/14,170
5/20/14,165
5/21/14,165
5/22/14,158
5/23/14,151
5/24/14,59
5/25/14,37
5/26/14,148
5/27/14,151
5/28/14,152
5/29/14,141
5/30/14,118
5/31/14,42
6/1/14,57
6/2/14,133
6/3/14,140
6/4/14,139
6/5/14,156
6/6/14,180
6/7/14,76
6/8/14,75
6/9/14,176
6/10/14,186
6/11/14,186
6/12/14,171
6/13/14,196
6/14/14,115
6/15/14,115
6/16/14,186
6/17/14,187
6/18/14,188
6/19/14,114
6/20/14,197
6/21/14,147
6/22/14,122
6/23/14,39
6/24/14,190
6/25/14,181
6/26/14,191
6/27/14,286
6/28/14,285
6/29/14,110
6/30/14,199
7/1/14,194
7/2/14,208
7/3/14,199
7/4/14,197
7/5/14,194
7/6/14,103
7/7/14,190
7/8/14,198
7/9/14,200
7/10/14,199
7/11/14,200
7/12/14,198
7/13/14,109
7/14/14,197
7/15/14,197
7/16/14,201
7/17/14,211
7/18/14,198
7/19/14,155
7/20/14,74
7/21/14,196
7/22/14,198
7/23/14,200
7/24/14,201
7/25/14,200
7/26/14,39
7/27/14,92
7/28/14,203
7/29/14,198
7/30/14,198
7/31/14,204
8/1/14,205
8/2/14,190
8/3/14,83
8/4/14,230
8/5/14,205
8/6/14,208
8/7/14,206
8/8/14,203
8/9/14,150
8/10/14,75
8/11/14,197
8/12/14,195
8/13/14,193
8/14/14,189
8/15/14,192
8/16/14,114
8/17/14,76
8/18/14,187
8/19/14,185
8/20/14,190
8/21/14,196
8/22/14,200
8/23/14,200
8/24/14,73
8/25/14,208
8/26/14,216
8/27/14,226
8/28/14,210
8/29/14,210
8/30/14,230
8/31/14,93
9/1/14,204
9/2/14,275
9/3/14,277
9/4/14,219
9/5/14,203
9/6/14,196
9/7/14,85
9/8/14,224
9/9/14,220
9/10/14,222
9/11/14,222
9/12/14,243
9/13/14,235
9/14/14,103
9/15/14,209
9/16/14,165
9/17/14,202
9/18/14,213
9/19/14,207
9/20/14,207
9/21/14,112
9/22/14,232
9/23/14,221
9/24/14,215
9/25/14,221
9/26/14,219
9/27/14,76
9/28/14,65
9/29/14,223
9/30/14,243
10/1/14,253
10/2/14,264
10/3/14,187
10/4/14,100
10/5/14,70
10/6/14,278
10/7/14,247
10/8/14,247
10/9/14,243
10/10/14,235
10/11/14,237
10/12/14,92
10/13/14,233
10/14/14,240
10/15/14,223
10/16/14,236
10/17/14,236
10/18/14,261
10/19/14,84
10/20/14,214
10/21/14,261
10/22/14,247
10/23/14,261
10/24/14,261
10/25/14,312
10/26/14,66
10/27/14,247
10/28/14,261
10/29/14,252
10/30/14,244
10/31/14,315
11/1/14,255
11/2/14,95
11/3/14,295
11/4/14,221
11/5/14,218
11/6/14,234
11/7/14,226
11/8/14,100
11/9/14,100
11/10/14,306
11/11/14,312
11/12/14,301
11/13/14,298
11/14/14,264
11/15/14,88
11/16/14,101
11/17/14,313
11/18/14,289
11/19/14,284
11/20/14,278
11/21/14,269
11/22/14,284
11/23/14,70
11/24/14,262
11/25/14,278
11/26/14,283
11/27/14,243
11/28/14,252
11/29/14,74
11/30/14,69
12/1/14,240
12/2/14,230
12/3/14,219
12/4/14,230
12/5/14,230
12/6/14,236
12/7/14,70
12/8/14,228
12/9/14,233
12/10/14,236
12/11/14,229
12/12/14,221
12/13/14,166
12/14/14,75
12/15/14,226
12/16/14,228
12/17/14,271
12/18/14,233
12/19/14,165
12/20/14,217
12/21/14,74
12/22/14,182
12/23/14,162
12/24/14,70
12/25/14,70
12/26/14,185
12/27/14,181
12/28/14,69
12/29/14,210
12/30/14,212
12/31/14,66
1/1/15,67
1/2/15,218
1/3/15,209
1/4/15,66
1/5/15,220
1/6/15,224
1/7/15,231
1/8/15,223
1/9/15,219
1/10/15,144
1/11/15,64
1/12/15,222
1/13/15,289
1/14/15,239
1/15/15,240
1/16/15,298
1/17/15,237
1/18/15,65
1/19/15,323
1/20/15,310
1/21/15,402
1/22/15,365
1/23/15,365
1/24/15,304
1/25/15,82
1/26/15,386
1/27/15,359
1/28/15,376
1/29/15,333
1/30/15,303
1/31/15,235
2/1/15,69
2/2/15,321
2/3/15,245
2/4/15,314
2/5/15,276
2/6/15,322
2/7/15,329
2/8/15,69
2/9/15,274
2/10/15,277
2/11/15,277
2/12/15,252
2/13/15,273
2/14/15,264
2/15/15,67
2/16/15,283
2/17/15,69
2/18/15,259
2/19/15,279
2/20/15,234
2/21/15,184
2/22/15,113
2/23/15,347
2/24/15,388
2/25/15,379
2/26/15,396
2/27/15,405
2/28/15,326
3/1/15,165
3/2/15,432
3/3/15,424
3/4/15,405
3/5/15,386
3/6/15,410
3/7/15,204
3/8/15,168
3/9/15,285
3/10/15,697
3/11/15,673
3/12/15,661
3/13/15,712
3/14/15,681
3/15/15,424
3/16/15,523
3/17/15,561
3/18/15,616
3/19/15,588
3/20/15,580
3/21/15,640
3/22/15,640
3/23/15,535
3/24/15,508
3/25/15,559
3/26/15,644
3/27/15,610
3/28/15,466
3/29/15,156
3/30/15,538
3/31/15,332
4/1/15,415
4/2/15,353
4/3/15,126
4/4/15,355
4/5/15,162
4/6/15,424
4/7/15,399
4/8/15,106
4/9/15,157
4/10/15,158
4/11/15,157
4/12/15,155
4/13/15,154
4/14/15,287
4/15/15,292
4/16/15,428
4/17/15,303
4/18/15,52
4/19/15,152
4/20/15,397
4/21/15,55
4/22/15,306
4/23/15,336
4/24/15,55
4/25/15,59
4/26/15,54
4/27/15,96
4/28/15,141
4/29/15,234
4/30/15,83
5/1/15,75
5/2/15,75
5/3/15,75
5/4/15,265
5/5/15,75
5/6/15,72
5/7/15,73
5/8/15,73
5/9/15,73
5/10/15,73
5/11/15,72
5/12/15,73
5/13/15,73
5/14/15,123
5/15/15,141
5/16/15,191
5/17/15,170
5/18/15,166
5/19/15,200
5/20/15,245
5/21/15,204
5/22/15,201
5/23/15,98
5/24/15,74
5/25/15,241
5/26/15,295
5/27/15,164
5/28/15,75
5/29/15,78
5/30/15,74
5/31/15,138
6/1/15,209
6/2/15,228
6/3/15,257
6/4/15,123
6/5/15,241
6/6/15,218
6/7/15,87
6/8/15,190
6/9/15,150
6/10/15,187
6/11/15,185
6/12/15,184
6/13/15,107
6/14/15,91
6/15/15,183
6/16/15,181
6/17/15,181
6/18/15,185
6/19/15,201
6/20/15,78
6/21/15,78
6/22/15,194
6/23/15,187
6/24/15,182
6/25/15,250
6/26/15,167
6/27/15,64
6/28/15,89
6/29/15,116
6/30/15,97
7/1/15,9
7/2/15,178
7/3/15,180
7/4/15,74
7/5/15,130
7/6/15,357
7/7/15,454
7/8/15,346
7/9/15,185
7/10/15,328
7/11/15,323
7/12/15,140
7/13/15,297
7/14/15,390
7/15/15,350
7/16/15,341
7/17/15,231
7/18/15,234
7/19/15,108
7/20/15,254
7/21/15,259
7/22/15,252
7/23/15,272
7/24/15,217
7/25/15,135
7/26/15,129
7/27/15,215
7/28/15,230
7/29/15,240
7/30/15,159
7/31/15,224
8/1/15,140
8/2/15,146
8/3/15,240
8/4/15,233
8/5/15,247
8/6/15,73
8/7/15,231
8/8/15,192
8/9/15,76
8/10/15,240
8/11/15,243
8/12/15,134
8/13/15,281
8/14/15,263
8/15/15,133
8/16/15,75
8/17/15,252
8/18/15,231
8/19/15,193
8/20/15,197
8/21/15,231
8/22/15,187
8/23/15,61
8/24/15,216
8/25/15,262
8/26/15,258
8/27/15,267
8/28/15,257
8/29/15,197
8/30/15,71
8/31/15,286
9/1/15,306
9/2/15,312
9/3/15,329
9/4/15,342
9/5/15,319
9/6/15,120
9/7/15,129
9/8/15,252
9/9/15,208
9/10/15,316
9/11/15,328
9/12/15,292
9/13/15,149
9/14/15,374
9/15/15,380
9/16/15,392
9/17/15,362
9/18/15,331
9/19/15,297
9/20/15,136
9/21/15,333
9/22/15,299
9/23/15,311
9/24/15,328
9/25/15,340
9/26/15,329
9/27/15,136
9/28/15,291
9/29/15,316
9/30/15,322
10/1/15,493
10/2/15,418
10/3/15,551
10/4/15,85
10/5/15,553
10/6/15,543
10/7/15,475
10/8/15,563
10/9/15,568
10/10/15,204
10/11/15,88
10/12/15,351
10/13/15,525
10/14/15,530
10/15/15,517
10/16/15,449
10/17/15,403
10/18/15,119
10/19/15,267
10/20/15,398
10/21/15,407
10/22/15,422
10/23/15,428
10/24/15,171
10/25/15,83
10/26/15,252
10/27/15,357
10/28/15,323
10/29/15,333
10/30/15,236
10/31/15,309
11/1/15,60
11/2/15,110
11/3/15,242
11/4/15,236
11/5/15,277
11/6/15,238
11/7/15,246
11/8/15,193
11/9/15,232
11/10/15,287
11/11/15,254
11/12/15,256
11/13/15,298
11/14/15,300
11/15/15,170
11/16/15,312
11/17/15,369
11/18/15,444
11/19/15,490
11/20/15,410
11/21/15,286
11/22/15,55
11/23/15,367
11/24/15,493
11/25/15,384
11/26/15,498
11/27/15,466
11/28/15,431
11/29/15,477
11/30/15,504
12/1/15,439
12/2/15,509
12/3/15,393
12/4/15,417
12/5/15,505
12/6/15,547
12/7/15,545
12/8/15,541
12/9/15,540
12/10/15,539
12/11/15,536
12/12/15,536
12/13/15,536
12/14/15,586
12/15/15,605
12/16/15,589
12/17/15,517
12/18/15,537
12/19/15,565
12/20/15,194
12/21/15,388
12/22/15,398
12/23/15,373
12/24/15,80
12/25/15,61
12/26/15,339
12/27/15,154
12/28/15,566
12/29/15,708
12/30/15,718
12/31/15,739
1/1/16,712
1/2/16,699
1/3/16,707
1/4/16,745
1/5/16,737
1/6/16,712
1/7/16,685
1/8/16,670
1/9/16,714
1/10/16,720
1/11/16,693
1/12/16,688
1/13/16,706
1/14/16,736
1/15/16,735
1/16/16,744
1/17/16,745
1/18/16,737
1/19/16,737
1/20/16,728
1/21/16,733
1/22/16,740
1/23/16,738
1/24/16,740
1/25/16,725
1/26/16,291
1/27/16,485
1/28/16,513
1/29/16,519
1/30/16,354
1/31/16,406
2/1/16,277
2/2/16,257
2/3/16,168
2/4/16,132
2/5/16,110
2/6/16,61
2/7/16,61
2/8/16,60
2/9/16,170
2/10/16,402
2/11/16,475
2/12/16,323
2/13/16,422
2/14/16,260
2/15/16,497
2/16/16,510
2/17/16,510
2/18/16,510
2/19/16,490
2/20/16,480
2/21/16,480
2/22/16,493
2/23/16,507
2/24/16,518
2/25/16,535
2/26/16,537
2/27/16,545
2/28/16,528
2/29/16,526
3/1/16,521
3/2/16,506
3/3/16,536
3/4/16,510
3/5/16,499
3/6/16,497
3/7/16,488
3/8/16,500
3/9/16,495
3/10/16,492
3/11/16,504
3/12/16,501
3/13/16,525
3/14/16,522
3/15/16,524
3/16/16,531
3/17/16,521
3/18/16,506
3/19/16,498
3/20/16,498
3/21/16,490
3/22/16,493
3/23/16,474
3/24/16,416
3/25/16,507
3/26/16,507
3/27/16,507
3/28/16,507
3/29/16,507
3/30/16,498
3/31/16,490
4/1/16,492
4/2/16,405
4/3/16,308
4/4/16,426
4/5/16,432
4/6/16,414
4/7/16,419
4/8/16,384
4/9/16,387
4/10/16,235
4/11/16,371
4/12/16,398
4/13/16,326
4/14/16,321
4/15/16,343
4/16/16,259
4/17/16,161
4/18/16,313
4/19/16,294
4/20/16,237
4/21/16,56
4/22/16,276
4/23/16,284
4/24/16,56
4/25/16,277
4/26/16,281
4/27/16,292
4/28/16,243
4/29/16,265
4/30/16,292
5/1/16,56
5/2/16,278
5/3/16,278
5/4/16,247
5/5/16,245
5/6/16,241
5/7/16,224
5/8/16,39
5/9/16,219
5/10/16,303
5/11/16,324
5/12/16,345
5/13/16,332
5/14/16,98
5/15/16,343
5/16/16,320
5/17/16,334
5/18/16,210
5/19/16,171
5/20/16,177
5/21/16,217
5/22/16,56
5/23/16,230
5/24/16,312
5/25/16,314
5/26/16,87
5/27/16,314
5/28/16,315
5/29/16,57
5/30/16,359
5/31/16,342
6/1/16,421
6/2/16,410
6/3/16,657
6/4/16,728
6/5/16,670
6/6/16,718
6/7/16,751
6/8/16,744
6/9/16,728
6/10/16,661
6/11/16,564
6/12/16,479
6/13/16,489
6/14/16,394
6/15/16,166
6/16/16,426
6/17/16,505
6/18/16,389
6/19/16,274
6/20/16,393
6/21/16,363
6/22/16,488
6/23/16,382
6/24/16,483
6/25/16,483
6/26/16,253
6/27/16,360
6/28/16,343
6/29/16,350
6/30/16,365
7/1/16,363
7/2/16,229
7/3/16,166
7/4/16,366
7/5/16,498
7/6/16,380
7/7/16,396
7/8/16,400
7/9/16,361
7/10/16,222
7/11/16,389
7/12/16,476
7/13/16,491
7/14/16,414
7/15/16,390
7/16/16,400
7/17/16,149
7/18/16,362
7/19/16,362
7/20/16,319
7/21/16,331
7/22/16,333
7/23/16,332
7/24/16,317
7/25/16,344
7/26/16,316
7/27/16,348
7/28/16,330
7/29/16,331
7/30/16,325
7/31/16,328
8/1/16,356
8/2/16,361
8/3/16,377
8/4/16,375
8/5/16,385
8/6/16,388
8/7/16,236
8/8/16,358
8/9/16,411
8/10/16,339
8/11/16,352
8/12/16,338
8/13/16,340
8/14/16,233
8/15/16,409
8/16/16,411
8/17/16,375
8/18/16,339
8/19/16,324
8/20/16,251
8/21/16,254
8/22/16,339
8/23/16,390
8/24/16,346
8/25/16,303
8/26/16,369
8/27/16,365
8/28/16,270
8/29/16,370
8/30/16,398
8/31/16,331
9/1/16,390
9/2/16,393
9/3/16,381
9/4/16,249
9/5/16,383
9/6/16,378
9/7/16,384
9/8/16,388
9/9/16,387
9/10/16,388
9/11/16,230
9/12/16,378
9/13/16,355
9/14/16,409
9/15/16,456
9/16/16,375
9/17/16,344
9/18/16,256
9/19/16,348
9/20/16,426
9/21/16,277
9/22/16,267
9/23/16,283
9/24/16,295
9/25/16,175
9/26/16,263
9/27/16,402
9/28/16,404
9/29/16,420
9/30/16,417
10/1/16,283
10/2/16,223
10/3/16,341
10/4/16,390
10/5/16,415
10/6/16,280
10/7/16,231
10/8/16,294
10/9/16,198
10/10/16,148
10/11/16,295
10/12/16,208
10/13/16,197
10/14/16,298
10/15/16,272
10/16/16,162
10/17/16,311
10/18/16,405
10/19/16,409
10/20/16,409
10/21/16,396
10/22/16,297
10/23/16,229
10/24/16,409
10/25/16,380
10/26/16,384
10/27/16,322
10/28/16,352
10/29/16,314
10/30/16,261
10/31/16,386
11/1/16,386
11/2/16,290
11/3/16,376
11/4/16,377
11/5/16,202
11/6/16,196
11/7/16,356
11/8/16,334
11/9/16,399
11/10/16,541
11/11/16,451
11/12/16,491
11/13/16,461
11/14/16,480
11/15/16,487
11/16/16,484
11/17/16,510
11/18/16,537
11/19/16,413
11/20/16,318
11/21/16,443
11/22/16,458
11/23/16,474
11/24/16,475
11/25/16,445
11/26/16,404
11/27/16,300
11/28/16,449
11/29/16,458
11/30/16,441
12/1/16,374
12/2/16,387
12/3/16,285
12/4/16,254
12/5/16,454
12/6/16,443
12/7/16,346
12/8/16,376
12/9/16,439
12/10/16,384
12/11/16,381
12/12/16,369
12/13/16,376
12/14/16,389
12/15/16,357
12/16/16,367
12/17/16,376
12/18/16,332
12/19/16,451
12/20/16,382
12/21/16,380
12/22/16,487
12/23/16,482
12/24/16,475
12/25/16,267
12/26/16,384
12/27/16,401
12/28/16,355
12/29/16,397
12/30/16,382
12/31/16,283
1/1/17,203
1/2/17,384
1/3/17,393
1/4/17,356
1/5/17,360
1/6/17,378
1/7/17,373
1/8/17,208
1/9/17,377
1/10/17,316
1/11/17,294
1/12/17,307
1/13/17,381
1/14/17,417
1/15/17,275
1/16/17,444
1/17/17,437
1/18/17,444
1/19/17,371
1/20/17,390
1/21/17,500
1/22/17,509
1/23/17,512
1/24/17,491
1/25/17,479
1/26/17,483
1/27/17,478
1/28/17,489
1/29/17,518
1/30/17,516
1/31/17,507
2/1/17,461
2/2/17,464
2/3/17,496
2/4/17,505
2/5/17,505
2/6/17,512
2/7/17,497
2/8/17,507
2/9/17,514
2/10/17,515
2/11/17,515
2/12/17,515
2/13/17,456
2/14/17,414
2/15/17,435
2/16/17,316
2/17/17,300
2/18/17,251
2/19/17,155
2/20/17,300
2/21/17,256
2/22/17,286
2/23/17,276
2/24/17,352
2/25/17,263
2/26/17,263
2/27/17,247
2/28/17,198
3/1/17,323
3/2/17,365
3/3/17,363
3/4/17,351
3/5/17,210
3/6/17,399
3/7/17,506
3/8/17,504
3/9/17,511
3/10/17,390
3/11/17,332
3/12/17,370
3/13/17,502
3/14/17,507
3/15/17,354
3/16/17,472
3/17/17,372
3/18/17,194
3/19/17,269
3/20/17,424
3/21/17,492
3/22/17,485
3/23/17,456
3/24/17,452
3/25/17,384
3/26/17,191
3/27/17,391
3/28/17,397
3/29/17,415
3/30/17,338
3/31/17,370
4/1/17,348
4/2/17,165
4/3/17,326
4/4/17,338
4/5/17,344
4/6/17,327
4/7/17,320
4/8/17,100
4/9/17,179
4/10/17,447
4/11/17,432
4/12/17,434
4/13/17,429
4/14/17,166
4/15/17,354
4/16/17,152
4/17/17,341
4/18/17,353
4/19/17,377
4/20/17,365
4/21/17,172
4/22/17,341
4/23/17,196
4/24/17,351
4/25/17,360
4/26/17,384
4/27/17,395
4/28/17,392
4/29/17,422
4/30/17,243
5/1/17,277
5/2/17,401
5/3/17,337
5/4/17,418
5/5/17,448
5/6/17,360
5/7/17,415
5/8/17,536
5/9/17,525
5/10/17,516
5/11/17,433
5/12/17,454
5/13/17,386
5/14/17,221
5/15/17,352
5/16/17,376
5/17/17,387
5/18/17,421
5/19/17,440
5/20/17,449
5/21/17,547
5/22/17,547
5/23/17,494
5/24/17,519
5/25/17,489
5/26/17,440
5/27/17,515
5/28/17,516
5/29/17,513
5/30/17,391
5/31/17,342
6/1/17,351
6/2/17,333
6/3/17,327
6/4/17,232
6/5/17,373
6/6/17,429
6/7/17,536
6/8/17,535
6/9/17,532
6/10/17,482
6/11/17,380
6/12/17,332
6/13/17,377
6/14/17,443
6/15/17,272
6/16/17,443
6/17/17,406
6/18/17,311
6/19/17,348
6/20/17,373
6/21/17,279
6/22/17,283
6/23/17,285
6/24/17,204
6/25/17,168
6/26/17,241
6/27/17,266
6/28/17,302
6/29/17,336
6/30/17,338
7/1/17,189
7/2/17,224
7/3/17,290
7/4/17,345
7/5/17,291
7/6/17,359
7/7/17,373
7/8/17,260
7/9/17,213
7/10/17,370
7/11/17,286
7/12/17,349
7/13/17,357
7/14/17,368
7/15/17,217
7/16/17,221
7/17/17,390
7/18/17,372
7/19/17,383
7/20/17,405
7/21/17,488
7/22/17,499
7/23/17,275
7/24/17,430
7/25/17,514
7/26/17,514
7/27/17,419
7/28/17,482
7/29/17,261
7/30/17,190
7/31/17,408
8/1/17,425
8/2/17,326
8/3/17,332
8/4/17,420
8/5/17,379
8/6/17,214
8/7/17,322
8/8/17,354
8/9/17,408
8/10/17,370
8/11/17,370
8/12/17,359
8/13/17,180
8/14/17,349
8/15/17,356
8/16/17,393
8/17/17,356
8/18/17,388
8/19/17,338
8/20/17,252
8/21/17,311
8/22/17,367
8/23/17,368
8/24/17,334
8/25/17,370
8/26/17,366
8/27/17,355
8/28/17,433
8/29/17,534
8/30/17,430
8/31/17,213
9/1/17,287
9/2/17,318
9/3/17,182
9/4/17,393
9/5/17,414
9/6/17,448
9/7/17,282
9/8/17,411
9/9/17,397
9/10/17,276
9/11/17,394
9/12/17,407
9/13/17,395
9/14/17,398
9/15/17,414
9/16/17,391
9/17/17,228
9/18/17,410
9/19/17,390
9/20/17,507
9/21/17,437
9/22/17,420
9/23/17,417
9/24/17,244
9/25/17,417
9/26/17,410
9/27/17,428
9/28/17,406
9/29/17,405
9/30/17,424
10/1/17,244
10/2/17,415
10/3/17,288
10/4/17,329
10/5/17,302
10/6/17,289
10/7/17,255
10/8/17,143
10/9/17,255
10/10/17,258
10/11/17,345
10/12/17,85
10/13/17,301
10/14/17,272
10/15/17,106
10/16/17,317
10/17/17,313
10/18/17,307
10/19/17,306
10/20/17,300
10/21/17,228
10/22/17,93
10/23/17,212
10/24/17,90
10/25/17,59
10/26/17,89
10/27/17,132
10/28/17,131
10/29/17,146
10/30/17,226
10/31/17,414
11/1/17,421
11/2/17,145
11/3/17,276
11/4/17,329
11/5/17,129
11/6/17,459
11/7/17,346
11/8/17,398
11/9/17,437
11/10/17,433
11/11/17,414
11/12/17,206
11/13/17,411
11/14/17,426
11/15/17,235
11/16/17,424
11/17/17,445
11/18/17,272
11/19/17,250
11/20/17,303
11/21/17,416
11/22/17,515
11/23/17,448
11/24/17,403
11/25/17,406
11/26/17,177
11/27/17,260
11/28/17,495
11/29/17,476
11/30/17,455
12/1/17,509
12/2/17,406
12/3/17,234
12/4/17,524
12/5/17,493
12/6/17,508
12/7/17,355
12/8/17,252
12/9/17,233
12/10/17,120
12/11/17,264
12/12/17,283
12/13/17,279
12/14/17,254
12/15/17,305
12/16/17,255
12/17/17,128
12/18/17,211
12/19/17,194
12/20/17,91
12/21/17,133
12/22/17,235
12/23/17,135
12/24/17,177
12/25/17,163
12/26/17,249
12/27/17,281
12/28/17,162
12/29/17,291
12/30/17,180
12/31/17,119
1/1/18,158
1/2/18,317
1/3/18,508
1/4/18,508
1/5/18,493
1/6/18,340
1/7/18,260
1/8/18,505
1/9/18,526
1/10/18,514
1/11/18,448
1/12/18,450
1/13/18,442
1/14/18,320
1/15/18,474
1/16/18,486
1/17/18,505
1/18/18,469
1/19/18,513
1/20/18,469
1/21/18,311
1/22/18,476
1/23/18,499
1/24/18,524
1/25/18,507
1/26/18,506
1/27/18,369
1/28/18,247
1/29/18,436
1/30/18,489
1/31/18,483
2/1/18,450
2/2/18,453
2/3/18,592
2/4/18,280
2/5/18,453
2/6/18,471
2/7/18,380
2/8/18,382
2/9/18,389
2/10/18,337
2/11/18,214
2/12/18,209
2/13/18,209
2/14/18,297
2/15/18,281
2/16/18,317
2/17/18,302
2/18/18,265
2/19/18,312
2/20/18,303
2/21/18,370
2/22/18,357
2/23/18,307
2/24/18,309
2/25/18,106
2/26/18,308
2/27/18,220
2/28/18,240
3/1/18,343
3/2/18,294
3/3/18,138
3/4/18,278
3/5/18,371
3/6/18,286
3/7/18,309
3/8/18,276
3/9/18,262
3/10/18,126
3/11/18,103
3/12/18,287
3/13/18,297
3/14/18,266
3/15/18,326
3/16/18,323
3/17/18,182
3/18/18,112
3/19/18,295
3/20/18,354
3/21/18,371
3/22/18,337
3/23/18,315
3/24/18,330
3/25/18,142
3/26/18,352
3/27/18,261
3/28/18,281
3/29/18,357
3/30/18,99
3/31/18,203
4/1/18,455
4/2/18,580
4/3/18,590
4/4/18,529
4/5/18,494
4/6/18,457
4/7/18,333
4/8/18,108
4/9/18,367
4/10/18,372
4/11/18,334
4/12/18,313
4/13/18,320
4/14/18,82
4/15/18,80
4/16/18,305
4/17/18,335
4/18/18,339
4/19/18,284
4/20/18,385
4/21/18,168
4/22/18,115
4/23/18,318
4/24/18,330
4/25/18,309
4/26/18,326
4/27/18,155
4/28/18,165
4/29/18,101
4/30/18,320
5/1/18,103
5/2/18,277
5/3/18,289
5/4/18,216
5/5/18,205
5/6/18,104
5/7/18,206
5/8/18,241
5/9/18,227
5/10/18,204
5/11/18,225
5/12/18,222
5/13/18,103
5/14/18,228
5/15/18,228
5/16/18,225
5/17/18,196
5/18/18,225
5/19/18,222
5/20/18,103
5/21/18,103
5/22/18,146
5/23/18,146
5/24/18,163
5/25/18,202
5/26/18,197
5/27/18,126
5/28/18,200
5/29/18,186
5/30/18,206
5/31/18,129
6/1/18,200
6/2/18,130
6/3/18,128
6/4/18,201
6/5/18,211
6/6/18,209
6/7/18,204
6/8/18,208
6/9/18,203
6/10/18,109
6/11/18,212
6/12/18,176
6/13/18,183
6/14/18,195
6/15/18,190
6/16/18,194
6/17/18,142
6/18/18,181
6/19/18,188
6/20/18,183
6/21/18,183
6/22/18,159
6/23/18,177
6/24/18,111
6/25/18,193
6/26/18,155
6/27/18,160
6/28/18,157
6/29/18,153
6/30/18,153
7/1/18,103
7/2/18,128
7/3/18,150
7/4/18,157
7/5/18,157
7/6/18,176
7/7/18,151
7/8/18,107
7/9/18,165
7/10/18,165
7/11/18,159
7/12/18,160
7/13/18,162
7/14/18,173
7/15/18,127
7/16/18,151
7/17/18,231
7/18/18,234
7/19/18,207
7/20/18,157
7/21/18,171
7/22/18,106
7/23/18,163
7/24/18,152
7/25/18,149
7/26/18,138
7/27/18,154
7/28/18,165
7/29/18,107
7/30/18,153
7/31/18,156
8/1/18,158
8/2/18,164
8/3/18,155
8/4/18,152
8/5/18,101
8/6/18,136
8/7/18,215
8/8/18,222
8/9/18,214
8/10/18,225
8/11/18,226
8/12/18,191
8/13/18,227
8/14/18,228
8/15/18,212
8/16/18,213
8/17/18,212
8/18/18,211
8/19/18,139
8/20/18,216
8/21/18,235
8/22/18,353
8/23/18,336
8/24/18,336
8/25/18,242
8/26/18,153
8/27/18,233
8/28/18,233
8/29/18,241
8/30/18,268
8/31/18,269
9/1/18,233
9/2/18,121
9/3/18,261
9/4/18,262
9/5/18,225
9/6/18,207
9/7/18,168
9/8/18,104
9/9/18,104
9/10/18,270
9/11/18,268
9/12/18,265
9/13/18,152
9/14/18,267
9/15/18,152
9/16/18,171
9/17/18,181
9/18/18,189
9/19/18,152
9/20/18,296
9/21/18,295
9/22/18,161
9/23/18,153
9/24/18,269
9/25/18,304
9/26/18,210
9/27/18,356
9/28/18,402
9/29/18,393
9/30/18,242
10/1/18,347
10/2/18,339
10/3/18,348
10/4/18,183
10/5/18,330
10/6/18,243
10/7/18,221
10/8/18,298
10/9/18,344
10/10/18,278
10/11/18,469
10/12/18,311
10/13/18,395
10/14/18,377
10/15/18,449
10/16/18,512
10/17/18,517
10/18/18,581
10/19/18,581
10/20/18,481
10/21/18,285
10/22/18,479
10/23/18,457
10/24/18,429
10/25/18,461
10/26/18,394
10/27/18,460
10/28/18,343
10/29/18,444
10/30/18,467
10/31/18,420
11/1/18,306
11/2/18,118
11/3/18,310
11/4/18,270
11/5/18,508
11/6/18,353
11/7/18,367
11/8/18,360
11/9/18,295
11/10/18,257
11/11/18,212
11/12/18,356
11/13/18,237
11/14/18,180
11/15/18,130
11/16/18,196
11/17/18,159
11/18/18,64
11/19/18,98
11/20/18,155
11/21/18,217
11/22/18,220
11/23/18,228
11/24/18,328
11/25/18,180
11/26/18,309
11/27/18,484
11/28/18,433
11/29/18,499
11/30/18,524
12/1/18,513
12/2/18,379
12/3/18,603
12/4/18,518
12/5/18,536
12/6/18,587
12/7/18,535
12/8/18,487
12/9/18,336
12/10/18,608
12/11/18,583
12/12/18,558
12/13/18,549
12/14/18,621
12/15/18,190
12/16/18,205
12/17/18,524
12/18/18,503
12/19/18,364
12/20/18,382
12/21/18,482
12/22/18,431
12/23/18,350
12/24/18,379
12/25/18,292
12/26/18,537
12/27/18,538
12/28/18,500
12/29/18,348
12/30/18,144
12/31/18,373
1/1/19,257
1/2/19,359
1/3/19,107
1/4/19,366
1/5/19,182
1/6/19,117
1/7/19,200
1/8/19,353
1/9/19,360
1/10/19,433
1/11/19,440
1/12/19,433
1/13/19,430
1/14/19,488
1/15/19,453
1/16/19,452
1/17/19,457
1/18/19,454
1/19/19,424
1/20/19,331
1/21/19,655
1/22/19,466
1/23/19,466
1/24/19,483
1/25/19,392
1/26/19,344
1/27/19,176
1/28/19,497
1/29/19,348
1/30/19,342
1/31/19,363
2/1/19,365
2/2/19,368
2/3/19,258
2/4/19,361
2/5/19,253
2/6/19,255
2/7/19,265
2/8/19,254
2/9/19,379
2/10/19,126
2/11/19,256
2/12/19,541
2/13/19,541
2/14/19,422
2/15/19,423
2/16/19,321
2/17/19,176
2/18/19,607
2/19/19,611
2/20/19,593
2/21/19,652
2/22/19,554
2/23/19,440
2/24/19,369
2/25/19,465
2/26/19,521
2/27/19,673
2/28/19,644
3/1/19,636
3/2/19,553
3/3/19,477
3/4/19,570
3/5/19,615
3/6/19,615
3/7/19,615
3/8/19,611
3/9/19,527
3/10/19,271
3/11/19,438
3/12/19,523
3/13/19,512
3/14/19,510
3/15/19,509
3/16/19,377
3/17/19,323
3/18/19,534
3/19/19,472
3/20/19,452
3/21/19,463
3/22/19,461
3/23/19,422
3/24/19,449
3/25/19,515
3/26/19,517
3/27/19,517
3/28/19,516
3/29/19,516
3/30/19,378
3/31/19,246
4/1/19,375
4/2/19,389
4/3/19,388
4/4/19,386
4/5/19,396
4/6/19,468
4/7/19,141
4/8/19,323
4/9/19,429
4/10/19,514
4/11/19,515
4/12/19,516
4/13/19,512
4/14/19,313
4/15/19,573
4/16/19,641
4/17/19,694
4/18/19,658
4/19/19,503
4/20/19,510
4/21/19,427
4/22/19,563
4/23/19,611
4/24/19,582
4/25/19,579
4/26/19,574
4/27/19,477
4/28/19,317
4/29/19,589
4/30/19,506
5/1/19,216
5/2/19,204
5/3/19,205
5/4/19,240
5/5/19,175
5/6/19,303
5/7/19,277
5/8/19,251
5/9/19,240
5/10/19,298
5/11/19,200
5/12/19,100
5/13/19,232
5/14/19,274
5/15/19,309
5/16/19,249
5/17/19,161
5/18/19,157
5/19/19,116
5/20/19,203
5/21/19,301
5/22/19,340
5/23/19,329
5/24/19,132
5/25/19,275
5/26/19,161
5/27/19,127
5/28/19,135
5/29/19,133
5/30/19,125
5/31/19,408
6/1/19,112
6/2/19,153
6/3/19,172
6/4/19,302
6/5/19,300
6/6/19,308
6/7/19,304
6/8/19,220
6/9/19,120
6/10/19,370
6/11/19,412
6/12/19,369
6/13/19,199
6/14/19,339
6/15/19,285
6/16/19,276
6/17/19,309
6/18/19,284
6/19/19,226
6/20/19,152
6/21/19,120
6/22/19,276
6/23/19,152
6/24/19,357
6/25/19,315
6/26/19,344
6/27/19,345
6/28/19,259
6/29/19,243
6/30/19,135
7/1/19,314
7/2/19,314
7/3/19,334
7/4/19,332
7/5/19,322
7/6/19,291
7/7/19,125
7/8/19,289
7/9/19,450
7/10/19,417
7/11/19,323
7/12/19,356
7/13/19,251
7/14/19,252
7/15/19,379
7/16/19,372
7/17/19,365
7/18/19,373
7/19/19,379
7/20/19,398
7/21/19,296
7/22/19,390
7/23/19,378
7/24/19,385
7/25/19,339
7/26/19,351
7/27/19,328
7/28/19,220
7/29/19,344
7/30/19,370
7/31/19,375
8/1/19,271
8/2/19,272
8/3/19,311
8/4/19,272
8/5/19,376
8/6/19,337
8/7/19,381
8/8/19,333
8/9/19,339
8/10/19,236
8/11/19,160
8/12/19,305
8/13/19,319
8/14/19,295
8/15/19,301
8/16/19,297
8/17/19,304
8/18/19,233
8/19/19,303
8/20/19,303
8/21/19,298
8/22/19,304
8/23/19,302
8/24/19,298
8/25/19,225
8/26/19,305
8/27/19,322
8/28/19,398
8/29/19,325
8/30/19,308
8/31/19,308
9/1/19,170
9/2/19,265
9/3/19,291
9/4/19,304
9/5/19,351
9/6/19,157
9/7/19,108
9/8/19,106
9/9/19,269
9/10/19,390
9/11/19,444
9/12/19,454
9/13/19,446
9/14/19,369
9/15/19,85
9/16/19,380
9/17/19,399
9/18/19,344
9/19/19,377
9/20/19,340
9/21/19,330
9/22/19,117
9/23/19,315
9/24/19,307
9/25/19,296
9/26/19,300
9/27/19,356
9/28/19,370
9/29/19,155
9/30/19,368
10/1/19,365
10/2/19,436
10/3/19,301
10/4/19,312
10/5/19,200
10/6/19,124
10/7/19,297
10/8/19,356
10/9/19,288
10/10/19,390
10/11/19,276
10/12/19,270
10/13/19,108
10/14/19,332
10/15/19,205
10/16/19,209
10/17/19,315
10/18/19,352
10/19/19,184
10/20/19,59
10/21/19,221
10/22/19,502
10/23/19,87
10/24/19,59
10/25/19,62
10/26/19,59
10/27/19,59
10/28/19,78
10/29/19,81
10/30/19,111
10/31/19,88
11/1/19,137
11/2/19,96
11/3/19,89
11/4/19,154
11/5/19,93
11/6/19,90
11/7/19,84
11/8/19,99
11/9/19,98
11/10/19,68
11/11/19,241
11/12/19,98
11/13/19,282
11/14/19,277
11/15/19,20
11/16/19,0
11/17/19,102
11/18/19,254
11/19/19,394
11/20/19,399
11/21/19,391
11/22/19,396
11/23/19,173
11/24/19,56
11/25/19,375
11/26/19,270
11/27/19,276
11/28/19,285
11/29/19,289
11/30/19,286
12/1/19,17
12/2/19,323
12/3/19,339
12/4/19,363
12/5/19,371
12/6/19,484
12/7/19,93
12/8/19,27
12/9/19,338
12/10/19,437
12/11/19,435
12/12/19,430
12/13/19,446
12/14/19,415
12/15/19,177
12/16/19,406
12/17/19,433
12/18/19,429
12/19/19,431
12/20/19,494
12/21/19,107
12/22/19,278
12/23/19,495
12/24/19,403
12/25/19,341
12/26/19,509
12/27/19,298
12/28/19,350
12/29/19,274
12/30/19,320
12/31/19,123
1/1/20,370
1/2/20,377
1/3/20,309
1/4/20,322
1/5/20,205
1/6/20,388
1/7/20,405
1/8/20,458
1/9/20,447
1/10/20,371
1/11/20,432
1/12/20,453
1/13/20,533
1/14/20,462
1/15/20,502
1/16/20,490
1/17/20,535
1/18/20,462
1/19/20,323
1/20/20,559
1/21/20,405
1/22/20,396
1/23/20,362
1/24/20,431
1/25/20,387
1/26/20,274
1/27/20,524
1/28/20,377
1/29/20,363
1/30/20,326
1/31/20,384
2/1/20,377
2/2/20,123
2/3/20,462
2/4/20,511
2/5/20,493
2/6/20,585
2/7/20,464
2/8/20,477
2/9/20,386
2/10/20,549
2/11/20,681
2/12/20,681
2/13/20,680
2/14/20,674
2/15/20,707
2/16/20,648
2/17/20,489
2/18/20,407
2/19/20,549
2/20/20,559
2/21/20,603
2/22/20,584
2/23/20,480
2/24/20,583
2/25/20,512
2/26/20,636
2/27/20,525
2/28/20,640
2/29/20,640
3/1/20,639
3/2/20,673
3/3/20,656
3/4/20,504
3/5/20,503
3/6/20,493
3/7/20,224
3/8/20,185
3/9/20,393
3/10/20,374
3/11/20,395
3/12/20,496
3/13/20,463
3/14/20,363
3/15/20,224
3/16/20,465
3/17/20,595
3/18/20,514
3/19/20,479
3/20/20,327
3/21/20,185
3/22/20,72
3/23/20,146
3/24/20,115
3/25/20,229
3/26/20,273
3/27/20,286
3/28/20,299
3/29/20,159
3/30/20,308
3/31/20,287
4/1/20,285
4/2/20,300
4/3/20,278
4/4/20,232
4/5/20,169
4/6/20,248
4/7/20,245
4/8/20,263
4/9/20,182
4/10/20,98
4/11/20,147
4/12/20,127
4/13/20,326
4/14/20,218
4/15/20,222
4/16/20,216
4/17/20,225
4/18/20,224
4/19/20,124
4/20/20,246
4/21/20,98
4/22/20,258
4/23/20,282
4/24/20,279
4/25/20,213
4/26/20,127
4/27/20,251
4/28/20,265
4/29/20,261
4/30/20,210
5/1/20,101
5/2/20,217
5/3/20,121
5/4/20,244
5/5/20,252
5/6/20,262
5/7/20,258
5/8/20,262
5/9/20,219
5/10/20,134
5/11/20,250
5/12/20,246
5/13/20,293
5/14/20,244
5/15/20,246
5/16/20,228
5/17/20,181
5/18/20,241
5/19/20,231
5/20/20,230
5/21/20,221
5/22/20,222
5/23/20,222
5/24/20,146
5/25/20,191
5/26/20,180
5/27/20,181
5/28/20,177
5/29/20,179
5/30/20,180
5/31/20,127
6/1/20,175
6/2/20,194
6/3/20,195
6/4/20,214
6/5/20,187
6/6/20,165
6/7/20,142
6/8/20,245
6/9/20,248
6/10/20,237
6/11/20,141
6/12/20,214
6/13/20,227
6/14/20,131
6/15/20,196
6/16/20,194
6/17/20,177
6/18/20,125
6/19/20,176
6/20/20,177
6/21/20,227
6/22/20,286
6/23/20,195
6/24/20,218
6/25/20,407
6/26/20,403
6/27/20,237
6/28/20,185
6/29/20,205
6/30/20,233
7/1/20,266
7/2/20,272
7/3/20,270
7/4/20,254
7/5/20,150
7/6/20,231
7/7/20,231
7/8/20,225
7/9/20,227
7/10/20,229
7/11/20,224
7/12/20,163
7/13/20,228
7/14/20,246
7/15/20,245
7/16/20,247
7/17/20,241
7/18/20,69
7/19/20,4
7/20/20,151
7/21/20,193
7/22/20,174
7/23/20,177
7/24/20,182
7/25/20,184
7/26/20,150
7/27/20,182
7/28/20,203
7/29/20,180
7/30/20,181
7/31/20,180
8/1/20,163
8/2/20,150
8/3/20,183
8/4/20,182
8/5/20,186
8/6/20,183
8/7/20,180
8/8/20,171
8/9/20,155
8/10/20,183
8/11/20,164
8/12/20,293
8/13/20,215
8/14/20,215
8/15/20,190
8/16/20,126
8/17/20,183
8/18/20,229
8/19/20,248
8/20/20,247
8/21/20,268
8/22/20,257
8/23/20,144
8/24/20,211
8/25/20,215
8/26/20,208
8/27/20,208
8/28/20,195
8/29/20,194
8/30/20,181
8/31/20,221
9/1/20,223
9/2/20,225
9/3/20,208
9/4/20,216
9/5/20,191
9/6/20,192
9/7/20,191
9/8/20,176
9/9/20,216
9/10/20,366
9/11/20,356
9/12/20,223
9/13/20,241
9/14/20,402
9/15/20,401
9/16/20,326
9/17/20,328
9/18/20,310
9/19/20,295
9/20/20,209
9/21/20,365
9/22/20,428
9/23/20,417
9/24/20,488
9/25/20,698
9/26/20,688
9/27/20,243
9/28/20,615
9/29/20,584
9/30/20,440
10/1/20,623
10/2/20,611
10/3/20,200
10/4/20,206
10/5/20,284
10/6/20,226
10/7/20,197
10/8/20,190
10/9/20,189
10/10/20,152
10/11/20,152
10/12/20,151
10/13/20,151
10/14/20,162
10/15/20,150
10/16/20,150
10/17/20,188
10/18/20,121
10/19/20,127
10/20/20,146
10/21/20,149
10/22/20,132
10/23/20,160
10/24/20,132
10/25/20,91
10/26/20,129
10/27/20,129
10/28/20,130
10/29/20,96
10/30/20,122
10/31/20,96
11/1/20,129
11/2/20,129
11/3/20,139
11/4/20,169
11/5/20,164
11/6/20,211
11/7/20,168
11/8/20,151
11/9/20,152
11/10/20,151
11/11/20,155
11/12/20,196
11/13/20,96
11/14/20,92
11/15/20,159
11/16/20,191
11/17/20,164
11/18/20,170
11/19/20,167
11/20/20,170
11/21/20,164
11/22/20,197
11/23/20,239
11/24/20,273
11/25/20,211
11/26/20,211
11/27/20,144
11/28/20,150
11/29/20,149
11/30/20,206
12/1/20,434
12/2/20,425
12/3/20,436
12/4/20,386
12/5/20,410
12/6/20,199
12/7/20,298
12/8/20,295
12/9/20,226
12/10/20,162
12/11/20,160
12/12/20,208
12/13/20,182
12/14/20,262
12/15/20,424
12/16/20,423
12/17/20,370
12/18/20,382
12/19/20,377
12/20/20,197
12/21/20,244
12/22/20,368
12/23/20,374
12/24/20,238
12/25/20,229
12/26/20,214
12/27/20,226
12/28/20,314
12/29/20,287
12/30/20,264
12/31/20,265
1/1/21,290
1/2/21,411
1/3/21,495
1/4/21,449
1/5/21,483
1/6/21,468
1/7/21,488
1/8/21,485
1/9/21,434
1/10/21,147
1/11/21,320
1/12/21,313
1/13/21,344
1/14/21,367
1/15/21,414
1/16/21,353
1/17/21,359
1/18/21,355
1/19/21,338
1/20/21,356
1/21/21,396
1/22/21,442
1/23/21,481
1/24/21,332
1/25/21,285
1/26/21,277
1/27/21,343
1/28/21,318
1/29/21,321
1/30/21,330
1/31/21,275
2/1/21,294
2/2/21,289
2/3/21,277
2/4/21,268
2/5/21,310
2/6/21,267
2/7/21,184
2/8/21,256
2/9/21,250
2/10/21,252
2/11/21,259
2/12/21,250
2/13/21,253
2/14/21,252
2/15/21,257
2/16/21,250
2/17/21,232
2/18/21,276
2/19/21,273
2/20/21,264
2/21/21,155
2/22/21,352
2/23/21,382
2/24/21,297
2/25/21,269
2/26/21,268
2/27/21,224
2/28/21,112
3/1/21,303
3/2/21,339
3/3/21,314
3/4/21,377
3/5/21,342
3/6/21,198
3/7/21,229
3/8/21,257
3/9/21,265
3/10/21,248
3/11/21,344
3/12/21,308
3/13/21,209
3/14/21,174
3/15/21,339
3/16/21,311
3/17/21,373
3/18/21,310
3/19/21,323
3/20/21,233
3/21/21,187
3/22/21,325
3/23/21,341
3/24/21,383
3/25/21,359
3/26/21,309
3/27/21,201
3/28/21,145
3/29/21,180
3/30/21,220
3/31/21,214
4/1/21,270
4/2/21,154
4/3/21,237
4/4/21,183
4/5/21,237
4/6/21,341
4/7/21,344
4/8/21,381
4/9/21,409
4/10/21,279
4/11/21,139
4/12/21,351
4/13/21,279
4/14/21,256
4/15/21,277
4/16/21,293
4/17/21,160
4/18/21,123
4/19/21,123
4/20/21,123
4/21/21,117
4/22/21,117
4/23/21,143
4/24/21,134
4/25/21,118
4/26/21,142
4/27/21,158
4/28/21,194
4/29/21,209
4/30/21,193
5/1/21,133
5/2/21,133
5/3/21,184
5/4/21,348
5/5/21,248
5/6/21,224
5/7/21,161
5/8/21,137
5/9/21,118
5/10/21,154
5/11/21,177
5/12/21,172
5/13/21,158
5/14/21,139
5/15/21,138
5/16/21,139
5/17/21,158
5/18/21,192
5/19/21,178
5/20/21,158
5/21/21,194
5/22/21,149
5/23/21,118
5/24/21,147
5/25/21,155
5/26/21,153
5/27/21,176
5/28/21,179
5/29/21,154
5/30/21,143
5/31/21,170
6/1/21,156
6/2/21,159
6/3/21,148
6/4/21,154
6/5/21,148
6/6/21,154
6/7/21,170
6/8/21,164
6/9/21,163
6/10/21,165
6/11/21,166
6/12/21,141
6/13/21,136
6/14/21,142
6/15/21,141
6/16/21,141
6/17/21,138
6/18/21,140
6/19/21,91
6/20/21,96
6/21/21,150
6/22/21,149
6/23/21,146
6/24/21,96
6/25/21,106
6/26/21,109
6/27/21,143
6/28/21,136
6/29/21,111
6/30/21,118
7/1/21,104
7/2/21,93
7/3/21,92
7/4/21,93
7/5/21,92
7/6/21,92
7/7/21,92
7/8/21,92
7/9/21,92
7/10/21,92
7/11/21,92
7/12/21,92
7/13/21,92