Date,Poured Flow (m^3/s)
1/1/2015,25
1/2/2015,25
1/3/2015,25
1/4/2015,25
1/5/2015,31
1/6/2015,29
1/7/2015,29
1/8/2015,29
1/9/2015,37
1/10/2015,61
1/11/2015,63
1/12/2015,82
1/13/2015,95
1/14/2015,95
1/15/2015,87
1/16/2015,87
1/17/2015,87
1/18/2015,80
1/19/2015,79
1/20/2015,41
1/21/2015,29
1/22/2015,10
1/23/2015,0
1/24/2015,0
1/25/2015,0
1/26/2015,0
1/27/2015,0
1/28/2015,4
1/29/2015,25
1/30/2015,25
1/31/2015,25
2/1/2015,25
2/2/2015,10
2/3/2015,0
2/4/2015,0
2/5/2015,14
2/6/2015,25
2/7/2015,25
2/8/2015,26
2/9/2015,29
2/10/2015,29
2/11/2015,29
2/12/2015,29
2/13/2015,29
2/14/2015,32
2/15/2015,32
2/16/2015,32
2/17/2015,33
2/18/2015,35
2/19/2015,36
2/20/2015,38
2/21/2015,38
2/22/2015,38
2/23/2015,12
2/24/2015,0
2/25/2015,0
2/26/2015,0
2/27/2015,0
2/28/2015,0
3/1/2015,0
3/2/2015,0
3/3/2015,0
3/4/2015,0
3/5/2015,0
3/6/2015,0
3/7/2015,0
3/8/2015,0
3/9/2015,0
3/10/2015,0
3/11/2015,0
3/12/2015,0
3/13/2015,0
3/14/2015,0
3/15/2015,27
3/16/2015,40
3/17/2015,40
3/18/2015,40
3/19/2015,40
3/20/2015,40
3/21/2015,40
3/22/2015,40
3/23/2015,40
3/24/2015,40
3/25/2015,40
3/26/2015,40
3/27/2015,40
3/28/2015,40
3/29/2015,40
3/30/2015,40
3/31/2015,40
4/1/2015,40
4/2/2015,40
4/3/2015,40
4/4/2015,40
4/5/2015,16
4/6/2015,0
4/7/2015,0
4/8/2015,0
4/9/2015,0
4/10/2015,0
4/11/2015,0
4/12/2015,0
4/13/2015,0
4/14/2015,0
4/15/2015,0
4/16/2015,0
4/17/2015,0
4/18/2015,0
4/19/2015,0
4/20/2015,0
4/21/2015,0
4/22/2015,0
4/23/2015,0
4/24/2015,0
4/25/2015,0
4/26/2015,0
4/27/2015,0
4/28/2015,0
4/29/2015,0
4/30/2015,0
5/1/2015,0
5/2/2015,0
5/3/2015,0
5/4/2015,0
5/5/2015,0
5/6/2015,0
5/7/2015,0
5/8/2015,0
5/9/2015,0
5/10/2015,0
5/11/2015,0
5/12/2015,0
5/13/2015,0
5/14/2015,0
5/15/2015,0
5/16/2015,0
5/17/2015,0
5/18/2015,0
5/19/2015,0
5/20/2015,0
5/21/2015,0
5/22/2015,0
5/23/2015,0
5/24/2015,0
5/25/2015,0
5/26/2015,0
5/27/2015,0
5/28/2015,0
5/29/2015,0
5/30/2015,0
5/31/2015,0
6/1/2015,0
6/2/2015,0
6/3/2015,0
6/4/2015,0
6/5/2015,0
6/6/2015,0
6/7/2015,0
6/8/2015,0
6/9/2015,0
6/10/2015,0
6/11/2015,0
6/12/2015,0
6/13/2015,0
6/14/2015,0
6/15/2015,0
6/16/2015,0
6/17/2015,0
6/18/2015,0
6/19/2015,0
6/20/2015,0
6/21/2015,0
6/22/2015,0
6/23/2015,0
6/24/2015,0
6/25/2015,0
6/26/2015,0
6/27/2015,0
6/28/2015,0
6/29/2015,0
6/30/2015,18
7/1/2015,157
7/2/2015,0
7/3/2015,0
7/4/2015,0
7/5/2015,0
7/6/2015,0
7/7/2015,0
7/8/2015,0
7/9/2015,0
7/10/2015,0
7/11/2015,0
7/12/2015,0
7/13/2015,0
7/14/2015,0
7/15/2015,0
7/16/2015,0
7/17/2015,0
7/18/2015,0
7/19/2015,0
7/20/2015,0
7/21/2015,0
7/22/2015,0
7/23/2015,0
7/24/2015,0
7/25/2015,0
7/26/2015,0
7/27/2015,0
7/28/2015,0
7/29/2015,0
7/30/2015,0
7/31/2015,0
8/1/2015,0
8/2/2015,0
8/3/2015,0
8/4/2015,0
8/5/2015,0
8/6/2015,0
8/7/2015,0
8/8/2015,0
8/9/2015,93
8/10/2015,0
8/11/2015,0
8/12/2015,187
8/13/2015,0
8/14/2015,78
8/15/2015,0
8/16/2015,0
8/17/2015,25
8/18/2015,40
8/19/2015,40
8/20/2015,40
8/21/2015,38
8/22/2015,0
8/23/2015,0
8/24/2015,0
8/25/2015,0
8/26/2015,0
8/27/2015,0
8/28/2015,45
8/29/2015,0
8/30/2015,0
8/31/2015,0
9/1/2015,0
9/2/2015,0
9/3/2015,0
9/4/2015,0
9/5/2015,0
9/6/2015,23
9/7/2015,0
9/8/2015,0
9/9/2015,24
9/10/2015,39
9/11/2015,40
9/12/2015,40
9/13/2015,41
9/14/2015,41
9/15/2015,41
9/16/2015,41
9/17/2015,41
9/18/2015,41
9/19/2015,41
9/20/2015,41
9/21/2015,41
9/22/2015,41
9/23/2015,40
9/24/2015,40
9/25/2015,40
9/26/2015,44
9/27/2015,48
9/28/2015,48
9/29/2015,48
9/30/2015,48
10/1/2015,48
10/2/2015,69
10/3/2015,48
10/4/2015,48
10/5/2015,48
10/6/2015,91
10/7/2015,138
10/8/2015,64
10/9/2015,48
10/10/2015,48
10/11/2015,48
10/12/2015,48
10/13/2015,48
10/14/2015,18
10/15/2015,0
10/16/2015,0
10/17/2015,0
10/18/2015,20
10/19/2015,23
10/20/2015,23
10/21/2015,23
10/22/2015,42
10/23/2015,42
10/24/2015,42
10/25/2015,42
10/26/2015,136
10/27/2015,43
10/28/2015,42
10/29/2015,46
10/30/2015,56
10/31/2015,58
11/1/2015,56
11/2/2015,56
11/3/2015,51
11/4/2015,36
11/5/2015,36
11/6/2015,36
11/7/2015,36
11/8/2015,36
11/9/2015,36
11/10/2015,36
11/11/2015,36
11/12/2015,36
11/13/2015,72
11/14/2015,38
11/15/2015,38
11/16/2015,38
11/17/2015,38
11/18/2015,38
11/19/2015,38
11/20/2015,38
11/21/2015,38
11/22/2015,38
11/23/2015,13
11/24/2015,0
11/25/2015,49
11/26/2015,182
11/27/2015,234
11/28/2015,233
11/29/2015,227
11/30/2015,228
12/1/2015,234
12/2/2015,234
12/3/2015,230
12/4/2015,227
12/5/2015,227
12/6/2015,227
12/7/2015,227
12/8/2015,221
12/9/2015,217
12/10/2015,217
12/11/2015,217
12/12/2015,217
12/13/2015,138
12/14/2015,70
12/15/2015,69
12/16/2015,69
12/17/2015,69
12/18/2015,69
12/19/2015,69
12/20/2015,69
12/21/2015,69
12/22/2015,69
12/23/2015,69
12/24/2015,69
12/25/2015,69
12/26/2015,72
12/27/2015,72
12/28/2015,72
12/29/2015,72
12/30/2015,170
12/31/2015,395
1/1/2016,374
1/2/2016,372
1/3/2016,381
1/4/2016,504
1/5/2016,506
1/6/2016,482
1/7/2016,276
1/8/2016,306
1/9/2016,522
1/10/2016,411
1/11/2016,274
1/12/2016,274
1/13/2016,846.58
1/14/2016,1258
1/15/2016,1483
1/16/2016,2100
1/17/2016,1960
1/18/2016,1673
1/19/2016,1213
1/20/2016,825
1/21/2016,526
1/22/2016,518
1/23/2016,456
1/24/2016,254
1/25/2016,254
1/26/2016,514
1/27/2016,419
1/28/2016,0
1/29/2016,0
1/30/2016,0
1/31/2016,0
2/1/2016,0
2/2/2016,0
2/3/2016,0
2/4/2016,21.17
2/5/2016,35
2/6/2016,35
2/7/2016,35.25
2/8/2016,36
2/9/2016,36
2/10/2016,37.67
2/11/2016,38
2/12/2016,155
2/13/2016,77
2/14/2016,38
2/15/2016,37.58
2/16/2016,36
2/17/2016,36
2/18/2016,38
2/19/2016,57
2/20/2016,38
2/21/2016,56.46
2/22/2016,361
2/23/2016,639
2/24/2016,654
2/25/2016,613
2/26/2016,434
2/27/2016,307
2/28/2016,269
2/29/2016,355
3/1/2016,383
3/2/2016,385
3/3/2016,539
3/4/2016,418
3/5/2016,423
3/6/2016,396
3/7/2016,586
3/8/2016,489
3/9/2016,273
3/10/2016,214
3/11/2016,428
3/12/2016,439.75
3/13/2016,745
3/14/2016,657.04
3/15/2016,733
3/16/2016,827
3/17/2016,739
3/18/2016,490
3/19/2016,321
3/20/2016,269
3/21/2016,133
3/22/2016,36.67
3/23/2016,24.71
3/24/2016,0
3/25/2016,0
3/26/2016,0
3/27/2016,0
3/28/2016,0
3/29/2016,64.58
3/30/2016,80
3/31/2016,58.33
4/1/2016,42
4/2/2016,0
4/3/2016,0
4/4/2016,0
4/5/2016,0
4/6/2016,0
4/7/2016,0
4/8/2016,35
4/9/2016,0
4/10/2016,0
4/11/2016,29.83
4/12/2016,0
4/13/2016,0
4/14/2016,0
4/15/2016,16.46
4/16/2016,0
4/17/2016,0
4/18/2016,22
4/19/2016,40
4/20/2016,40
4/21/2016,40
4/22/2016,40
4/23/2016,60
4/24/2016,40
4/25/2016,40
4/26/2016,40
4/27/2016,49
4/28/2016,78
4/29/2016,78
4/30/2016,78
5/1/2016,78
5/2/2016,78
5/3/2016,78
5/4/2016,78
5/5/2016,78
5/6/2016,78
5/7/2016,78
5/8/2016,78
5/9/2016,78
5/10/2016,32.5
5/11/2016,55
5/12/2016,0
5/13/2016,0
5/14/2016,0
5/15/2016,0
5/16/2016,0
5/17/2016,0
5/18/2016,0
5/19/2016,0
5/20/2016,0
5/21/2016,0
5/22/2016,0
5/23/2016,0
5/24/2016,0
5/25/2016,0
5/26/2016,0
5/27/2016,0
5/28/2016,0
5/29/2016,0
5/30/2016,0
5/31/2016,0
6/1/2016,0
6/2/2016,0
6/3/2016,153
6/4/2016,280
6/5/2016,382
6/6/2016,1155
6/7/2016,1425
6/8/2016,1420
6/9/2016,1430
6/10/2016,1306.96
6/11/2016,695
6/12/2016,56.38
6/13/2016,41
6/14/2016,41
6/15/2016,220
6/16/2016,104
6/17/2016,100
6/18/2016,0
6/19/2016,0
6/20/2016,0
6/21/2016,80
6/22/2016,0
6/23/2016,34.58
6/24/2016,0
6/25/2016,0
6/26/2016,0
6/27/2016,0
6/28/2016,35.38
6/29/2016,0
6/30/2016,0
7/1/2016,0
7/2/2016,0
7/3/2016,0
7/4/2016,0
7/5/2016,0
7/6/2016,0
7/7/2016,0
7/8/2016,0
7/9/2016,0
7/10/2016,0
7/11/2016,23.46
7/12/2016,0
7/13/2016,0
7/14/2016,0
7/15/2016,0
7/16/2016,0
7/17/2016,0
7/18/2016,0
7/19/2016,0
7/20/2016,0
7/21/2016,0
7/22/2016,16
7/23/2016,0
7/24/2016,0
7/25/2016,0
7/26/2016,0
7/27/2016,0
7/28/2016,0
7/29/2016,0
7/30/2016,0
7/31/2016,0
8/1/2016,34
8/2/2016,0
8/3/2016,0
8/4/2016,0
8/5/2016,0
8/6/2016,0
8/7/2016,0
8/8/2016,0
8/9/2016,0
8/10/2016,0
8/11/2016,0
8/12/2016,0
8/13/2016,0
8/14/2016,0
8/15/2016,0
8/16/2016,0
8/17/2016,0
8/18/2016,0
8/19/2016,0
8/20/2016,0
8/21/2016,0
8/22/2016,0
8/23/2016,0
8/24/2016,0
8/25/2016,0
8/26/2016,0
8/27/2016,0
8/28/2016,0
8/29/2016,0
8/30/2016,0
8/31/2016,0
9/1/2016,0
9/2/2016,0
9/3/2016,0
9/4/2016,0
9/5/2016,0
9/6/2016,0
9/7/2016,0
9/8/2016,0
9/9/2016,0
9/10/2016,0
9/11/2016,0
9/12/2016,0
9/13/2016,0
9/14/2016,0
9/15/2016,0
9/16/2016,0
9/17/2016,0
9/18/2016,0
9/19/2016,0
9/20/2016,0
9/21/2016,0
9/22/2016,0
9/23/2016,0
9/24/2016,0
9/25/2016,0
9/26/2016,0
9/27/2016,0
9/28/2016,0
9/29/2016,0
9/30/2016,0
10/1/2016,0
10/2/2016,0
10/3/2016,0
10/4/2016,0
10/5/2016,0
10/6/2016,0
10/7/2016,0
10/8/2016,0
10/9/2016,0
10/10/2016,136
10/11/2016,0
10/12/2016,12.12
10/13/2016,116
10/14/2016,0
10/15/2016,0
10/16/2016,0
10/17/2016,0
10/18/2016,0
10/19/2016,0
10/20/2016,0
10/21/2016,0
10/22/2016,0
10/23/2016,0
10/24/2016,0
10/25/2016,0
10/26/2016,0
10/27/2016,0
10/28/2016,0
10/29/2016,0
10/30/2016,0
10/31/2016,11.17
11/1/2016,2.62
11/2/2016,0
11/3/2016,0
11/4/2016,0
11/5/2016,0
11/6/2016,0
11/7/2016,0
11/8/2016,0
11/9/2016,0
11/10/2016,0
11/11/2016,0
11/12/2016,0
11/13/2016,0
11/14/2016,0
11/15/2016,0
11/16/2016,0
11/17/2016,0
11/18/2016,0
11/19/2016,0
11/20/2016,0
11/21/2016,0
11/22/2016,0
11/23/2016,0
11/24/2016,0
11/25/2016,0
11/26/2016,0
11/27/2016,0
11/28/2016,0
11/29/2016,0
11/30/2016,0
12/1/2016,0
12/2/2016,0
12/3/2016,0
12/4/2016,0
12/5/2016,0
12/6/2016,0
12/7/2016,0
12/8/2016,0
12/9/2016,0
12/10/2016,0
12/11/2016,0
12/12/2016,16.33
12/13/2016,29
12/14/2016,29
12/15/2016,11.17
12/16/2016,0
12/17/2016,0
12/18/2016,0
12/19/2016,0
12/20/2016,0
12/21/2016,0
12/22/2016,0
12/23/2016,0
12/24/2016,0
12/25/2016,0
12/26/2016,0
12/27/2016,38.67
12/28/2016,58
12/29/2016,58
12/30/2016,58
12/31/2016,58
1/1/2017,58
1/2/2017,58
1/3/2017,23
1/4/2017,0
1/5/2017,0
1/6/2017,0
1/7/2017,0
1/8/2017,0
1/9/2017,0
1/10/2017,0
1/11/2017,13
1/12/2017,27
1/13/2017,29
1/14/2017,29
1/15/2017,29
1/16/2017,29
1/17/2017,29
1/18/2017,31
1/19/2017,33
1/20/2017,264
1/21/2017,525
1/22/2017,708
1/23/2017,692
1/24/2017,659
1/25/2017,598
1/26/2017,473
1/27/2017,377
1/28/2017,313
1/29/2017,269
1/30/2017,196
1/31/2017,39
2/1/2017,0
2/2/2017,0
2/3/2017,369
2/4/2017,467
2/5/2017,355
2/6/2017,321
2/7/2017,201
2/8/2017,80
2/9/2017,43
2/10/2017,0
2/11/2017,0
2/12/2017,0
2/13/2017,0
2/14/2017,0
2/15/2017,0
2/16/2017,52
2/17/2017,81
2/18/2017,82
2/19/2017,82
2/20/2017,80
2/21/2017,37
2/22/2017,0
2/23/2017,0
2/24/2017,0
2/25/2017,0
2/26/2017,0
2/27/2017,0
2/28/2017,0
3/1/2017,0
3/2/2017,0
3/3/2017,0
3/4/2017,0
3/5/2017,54
3/6/2017,136
3/7/2017,273
3/8/2017,435
3/9/2017,378
3/10/2017,437
3/11/2017,452
3/12/2017,349
3/13/2017,163
3/14/2017,0
3/15/2017,0
3/16/2017,0
3/17/2017,0
3/18/2017,166
3/19/2017,119
3/20/2017,0
3/21/2017,0
3/22/2017,0
3/23/2017,0
3/24/2017,0
3/25/2017,0
3/26/2017,0
3/27/2017,0
3/28/2017,0
3/29/2017,0
3/30/2017,0
3/31/2017,0
4/1/2017,0
4/2/2017,0
4/3/2017,0
4/4/2017,0
4/5/2017,0
4/6/2017,0
4/7/2017,0
4/8/2017,0
4/9/2017,0
4/10/2017,0
4/11/2017,0
4/12/2017,0
4/13/2017,0
4/14/2017,0
4/15/2017,0
4/16/2017,0
4/17/2017,0
4/18/2017,0
4/19/2017,0
4/20/2017,0
4/21/2017,0
4/22/2017,0
4/23/2017,0
4/24/2017,0
4/25/2017,0
4/26/2017,0
4/27/2017,0
4/28/2017,0
4/29/2017,0
4/30/2017,0
5/1/2017,0
5/2/2017,0
5/3/2017,0
5/4/2017,0
5/5/2017,0
5/6/2017,0
5/7/2017,3
5/8/2017,159
5/9/2017,59
5/10/2017,0
5/11/2017,0
5/12/2017,0
5/13/2017,0
5/14/2017,0
5/15/2017,0
5/16/2017,0
5/17/2017,0
5/18/2017,0
5/19/2017,0
5/20/2017,343
5/21/2017,1052
5/22/2017,1236
5/23/2017,1088
5/24/2017,944
5/25/2017,517
5/26/2017,286
5/27/2017,62
5/28/2017,0
5/29/2017,0
5/30/2017,0
5/31/2017,0
6/1/2017,0
6/2/2017,0
6/3/2017,0
6/4/2017,0
6/5/2017,0
6/6/2017,178
6/7/2017,355
6/8/2017,425
6/9/2017,532
6/10/2017,538
6/11/2017,286
6/12/2017,0
6/13/2017,0
6/14/2017,221
6/15/2017,439
6/16/2017,255
6/17/2017,128
6/18/2017,0
6/19/2017,0
6/20/2017,0
6/21/2017,59
6/22/2017,83
6/23/2017,83
6/24/2017,83
6/25/2017,47
6/26/2017,0
6/27/2017,0
6/28/2017,0
6/29/2017,0
6/30/2017,0
7/1/2017,0
7/2/2017,0
7/3/2017,0
7/4/2017,15
7/5/2017,0
7/6/2017,0
7/7/2017,0
7/8/2017,0
7/9/2017,0
7/10/2017,0
7/11/2017,0
7/12/2017,0
7/13/2017,0
7/14/2017,0
7/15/2017,0
7/16/2017,0
7/17/2017,0
7/18/2017,0
7/19/2017,0
7/20/2017,0
7/21/2017,0
7/22/2017,0
7/23/2017,0
7/24/2017,0
7/25/2017,0
7/26/2017,0
7/27/2017,0
7/28/2017,0
7/29/2017,0
7/30/2017,0
7/31/2017,0
8/1/2017,0
8/2/2017,0
8/3/2017,0
8/4/2017,0
8/5/2017,0
8/6/2017,0
8/7/2017,0
8/8/2017,0
8/9/2017,0
8/10/2017,0
8/11/2017,0
8/12/2017,0
8/13/2017,0
8/14/2017,0
8/15/2017,0
8/16/2017,0
8/17/2017,0
8/18/2017,0
8/19/2017,0
8/20/2017,0
8/21/2017,0
8/22/2017,0
8/23/2017,0
8/24/2017,0
8/25/2017,0
8/26/2017,0
8/27/2017,0
8/28/2017,0
8/29/2017,0
8/30/2017,0
8/31/2017,0
9/1/2017,0
9/2/2017,0
9/3/2017,0
9/4/2017,0
9/5/2017,0
9/6/2017,0
9/7/2017,0
9/8/2017,0
9/9/2017,0
9/10/2017,0
9/11/2017,0
9/12/2017,0
9/13/2017,0
9/14/2017,0
9/15/2017,0
9/16/2017,0
9/17/2017,0
9/18/2017,0
9/19/2017,0
9/20/2017,28
9/21/2017,0
9/22/2017,0
9/23/2017,0
9/24/2017,0
9/25/2017,0
9/26/2017,0
9/27/2017,0
9/28/2017,0
9/29/2017,0
9/30/2017,0
10/1/2017,0
10/2/2017,0
10/3/2017,13
10/4/2017,25
10/5/2017,25
10/6/2017,24
10/7/2017,25
10/8/2017,14
10/9/2017,25
10/10/2017,11
10/11/2017,0
10/12/2017,17
10/13/2017,25
10/14/2017,25
10/15/2017,25
10/16/2017,10
10/17/2017,0
10/18/2017,0
10/19/2017,0
10/20/2017,0
10/21/2017,0
10/22/2017,0
10/23/2017,0
10/24/2017,0
10/25/2017,0
10/26/2017,0
10/27/2017,0
10/28/2017,0
10/29/2017,0
10/30/2017,0
10/31/2017,0
11/1/2017,0
11/2/2017,0
11/3/2017,0
11/4/2017,0
11/5/2017,0
11/6/2017,0
11/7/2017,0
11/8/2017,0
11/9/2017,0
11/10/2017,0
11/11/2017,0
11/12/2017,0
11/13/2017,0
11/14/2017,0
11/15/2017,0
11/16/2017,0
11/17/2017,0
11/18/2017,0
11/19/2017,0
11/20/2017,0
11/21/2017,0
11/22/2017,0
11/23/2017,12
11/24/2017,25
11/25/2017,25
11/26/2017,25
11/27/2017,25
11/28/2017,24
11/29/2017,25
11/30/2017,23
12/1/2017,0
12/2/2017,0
12/3/2017,0
12/4/2017,0
12/5/2017,0
12/6/2017,0
12/7/2017,0
12/8/2017,0
12/9/2017,0
12/10/2017,0
12/11/2017,0
12/12/2017,0
12/13/2017,0
12/14/2017,0
12/15/2017,0
12/16/2017,16
12/17/2017,11
12/18/2017,17
12/19/2017,25
12/20/2017,25
12/21/2017,25
12/22/2017,25
12/23/2017,25
12/24/2017,25
12/25/2017,25
12/26/2017,25
12/27/2017,25
12/28/2017,25
12/29/2017,24
12/30/2017,27
12/31/2017,29
1/1/2018,30
1/2/2018,32
1/3/2018,32
1/4/2018,32
1/5/2018,32
1/6/2018,32
1/7/2018,32
1/8/2018,32
1/9/2018,32
1/10/2018,32
1/11/2018,32
1/12/2018,35
1/13/2018,35
1/14/2018,35
1/15/2018,35
1/16/2018,35
1/17/2018,35
1/18/2018,35
1/19/2018,35
1/20/2018,35
1/21/2018,18
1/22/2018,0
1/23/2018,0
1/24/2018,0
1/25/2018,0
1/26/2018,0
1/27/2018,0
1/28/2018,0
1/29/2018,0
1/30/2018,0
1/31/2018,0
2/1/2018,0
2/2/2018,0
2/3/2018,0
2/4/2018,0
2/5/2018,0
2/6/2018,0
2/7/2018,0
2/8/2018,0
2/9/2018,0
2/10/2018,0
2/11/2018,0
2/12/2018,0
2/13/2018,0
2/14/2018,0
2/15/2018,0
2/16/2018,0
2/17/2018,0
2/18/2018,0
2/19/2018,0
2/20/2018,0
2/21/2018,0
2/22/2018,0
2/23/2018,0
2/24/2018,0
2/25/2018,0
2/26/2018,0
2/27/2018,0
2/28/2018,0
3/1/2018,0
3/2/2018,0
3/3/2018,0
3/4/2018,0
3/5/2018,0
3/6/2018,0
3/7/2018,0
3/8/2018,0
3/9/2018,0
3/10/2018,0
3/11/2018,0
3/12/2018,0
3/13/2018,0
3/14/2018,0
3/15/2018,0
3/16/2018,0
3/17/2018,0
3/18/2018,0
3/19/2018,0
3/20/2018,0
3/21/2018,0
3/22/2018,0
3/23/2018,0
3/24/2018,0
3/25/2018,0
3/26/2018,0
3/27/2018,0
3/28/2018,0
3/29/2018,0
3/30/2018,0
3/31/2018,0
4/1/2018,0
4/2/2018,0
4/3/2018,31
4/4/2018,41
4/5/2018,41
4/6/2018,41
4/7/2018,41
4/8/2018,53
4/9/2018,41
4/10/2018,41
4/11/2018,41
4/12/2018,41
4/13/2018,24
4/14/2018,0
4/15/2018,0
4/16/2018,0
4/17/2018,0
4/18/2018,0
4/19/2018,0
4/20/2018,0
4/21/2018,0
4/22/2018,0
4/23/2018,0
4/24/2018,12
4/25/2018,0
4/26/2018,0
4/27/2018,0
4/28/2018,0
4/29/2018,0
4/30/2018,0
5/1/2018,0
5/2/2018,0
5/3/2018,0
5/4/2018,0
5/5/2018,0
5/6/2018,0
5/7/2018,0
5/8/2018,0
5/9/2018,0
5/10/2018,0
5/11/2018,0
5/12/2018,0
5/13/2018,0
5/14/2018,0
5/15/2018,0
5/16/2018,0
5/17/2018,0
5/18/2018,0
5/19/2018,0
5/20/2018,0
5/21/2018,0
5/22/2018,0
5/23/2018,0
5/24/2018,0
5/25/2018,0
5/26/2018,0
5/27/2018,0
5/28/2018,0
5/29/2018,0
5/30/2018,0
5/31/2018,0
6/1/2018,0
6/2/2018,0
6/3/2018,0
6/4/2018,0
6/5/2018,0
6/6/2018,0
6/7/2018,0
6/8/2018,0
6/9/2018,0
6/10/2018,0
6/11/2018,0
6/12/2018,0
6/13/2018,0
6/14/2018,0
6/15/2018,0
6/16/2018,0
6/17/2018,0
6/18/2018,0
6/19/2018,0
6/20/2018,0
6/21/2018,0
6/22/2018,0
6/23/2018,0
6/24/2018,0
6/25/2018,0
6/26/2018,0
6/27/2018,0
6/28/2018,0
6/29/2018,0
6/30/2018,0
7/1/2018,0
7/2/2018,0
7/3/2018,0
7/4/2018,0
7/5/2018,0
7/6/2018,0
7/7/2018,0
7/8/2018,0
7/9/2018,0
7/10/2018,0
7/11/2018,0
7/12/2018,0
7/13/2018,0
7/14/2018,0
7/15/2018,0
7/16/2018,0
7/17/2018,0
7/18/2018,0
7/19/2018,0
7/20/2018,0
7/21/2018,0
7/22/2018,0
7/23/2018,0
7/24/2018,80
7/25/2018,27
7/26/2018,0
7/27/2018,0
7/28/2018,0
7/29/2018,0
7/30/2018,0
7/31/2018,0
8/1/2018,0
8/2/2018,0
8/3/2018,0
8/4/2018,0
8/5/2018,0
8/6/2018,0
8/7/2018,0
8/8/2018,0
8/9/2018,0
8/10/2018,0
8/11/2018,0
8/12/2018,0
8/13/2018,0
8/14/2018,0
8/15/2018,0
8/16/2018,0
8/17/2018,0
8/18/2018,0
8/19/2018,0
8/20/2018,4
8/21/2018,0
8/22/2018,0
8/23/2018,43
8/24/2018,0
8/25/2018,0
8/26/2018,0
8/27/2018,0
8/28/2018,0
8/29/2018,0
8/30/2018,0
8/31/2018,0
9/1/2018,0
9/2/2018,0
9/3/2018,0
9/4/2018,0
9/5/2018,0
9/6/2018,0
9/7/2018,0
9/8/2018,0
9/9/2018,0
9/10/2018,0
9/11/2018,0
9/12/2018,0
9/13/2018,0
9/14/2018,0
9/15/2018,0
9/16/2018,0
9/17/2018,0
9/18/2018,0
9/19/2018,0
9/20/2018,0
9/21/2018,0
9/22/2018,0
9/23/2018,0
9/24/2018,0
9/25/2018,0
9/26/2018,0
9/27/2018,0
9/28/2018,0
9/29/2018,0
9/30/2018,0
10/1/2018,0
10/2/2018,28
10/3/2018,69
10/4/2018,69
10/5/2018,69
10/6/2018,69
10/7/2018,63
10/8/2018,24
10/9/2018,0
10/10/2018,0
10/11/2018,0
10/12/2018,0
10/13/2018,0
10/14/2018,0
10/15/2018,0
10/16/2018,0
10/17/2018,0
10/18/2018,0
10/19/2018,0
10/20/2018,30
10/21/2018,52
10/22/2018,55
10/23/2018,56
10/24/2018,52
10/25/2018,52
10/26/2018,52
10/27/2018,58
10/28/2018,58
10/29/2018,67
10/30/2018,51
10/31/2018,54
11/1/2018,20
11/2/2018,0
11/3/2018,0
11/4/2018,0
11/5/2018,0
11/6/2018,0
11/7/2018,0
11/8/2018,0
11/9/2018,0
11/10/2018,0
11/11/2018,0
11/12/2018,0
11/13/2018,0
11/14/2018,0
11/15/2018,0
11/16/2018,0
11/17/2018,0
11/18/2018,0
11/19/2018,0
11/20/2018,0
11/21/2018,0
11/22/2018,0
11/23/2018,0
11/24/2018,0
11/25/2018,0
11/26/2018,0
11/27/2018,0
11/28/2018,0
11/29/2018,0
11/30/2018,0
12/1/2018,0
12/2/2018,0
12/3/2018,0
12/4/2018,0
12/5/2018,12
12/6/2018,0
12/7/2018,0
12/8/2018,0
12/9/2018,0
12/10/2018,0
12/11/2018,0
12/12/2018,20
12/13/2018,32
12/14/2018,32
12/15/2018,47
12/16/2018,58
12/17/2018,58
12/18/2018,58
12/19/2018,20
12/20/2018,0
12/21/2018,0
12/22/2018,0
12/23/2018,0
12/24/2018,16
12/25/2018,25
12/26/2018,29
12/27/2018,22
12/28/2018,12
12/29/2018,16
12/30/2018,25
12/31/2018,25
1/1/2019,25
1/2/2019,31
1/3/2019,25
1/4/2019,25
1/5/2019,25
1/6/2019,36
1/7/2019,69
1/8/2019,60
1/9/2019,28
1/10/2019,0
1/11/2019,18
1/12/2019,29
1/13/2019,29
1/14/2019,29
1/15/2019,31
1/16/2019,46
1/17/2019,31
1/18/2019,29
1/19/2019,29
1/20/2019,29
1/21/2019,29
1/22/2019,29
1/23/2019,29
1/24/2019,25
1/25/2019,25
1/26/2019,25
1/27/2019,25
1/28/2019,25
1/29/2019,25
1/30/2019,26
1/31/2019,40
2/1/2019,24
2/2/2019,25
2/3/2019,25
2/4/2019,25
2/5/2019,9
2/6/2019,0
2/7/2019,0
2/8/2019,0
2/9/2019,16
2/10/2019,27
2/11/2019,29
2/12/2019,29
2/13/2019,29
2/14/2019,29
2/15/2019,29
2/16/2019,29
2/17/2019,29
2/18/2019,28
2/19/2019,32
2/20/2019,32
2/21/2019,32
2/22/2019,32
2/23/2019,32
2/24/2019,32
2/25/2019,32
2/26/2019,32
2/27/2019,32
2/28/2019,32
3/1/2019,34
3/2/2019,35
3/3/2019,35
3/4/2019,36
3/5/2019,36
3/6/2019,37
3/7/2019,40
3/8/2019,46
3/9/2019,93
3/10/2019,174
3/11/2019,37
3/12/2019,14
3/13/2019,0
3/14/2019,0
3/15/2019,0
3/16/2019,0
3/17/2019,0
3/18/2019,0
3/19/2019,0
3/20/2019,0
3/21/2019,0
3/22/2019,0
3/23/2019,0
3/24/2019,0
3/25/2019,0
3/26/2019,0
3/27/2019,0
3/28/2019,0
3/29/2019,0
3/30/2019,0
3/31/2019,0
4/1/2019,0
4/2/2019,0
4/3/2019,0
4/4/2019,0
4/5/2019,0
4/6/2019,0
4/7/2019,0
4/8/2019,0
4/9/2019,0
4/10/2019,0
4/11/2019,0
4/12/2019,0
4/13/2019,0
4/14/2019,0
4/15/2019,0
4/16/2019,0
4/17/2019,0
4/18/2019,0
4/19/2019,0
4/20/2019,0
4/21/2019,0
4/22/2019,0
4/23/2019,0
4/24/2019,0
4/25/2019,0
4/26/2019,0
4/27/2019,0
4/28/2019,0
4/29/2019,0
4/30/2019,0
5/1/2019,0
5/2/2019,0
5/3/2019,0
5/4/2019,0
5/5/2019,0
5/6/2019,12
5/7/2019,0
5/8/2019,0
5/9/2019,0
5/10/2019,0
5/11/2019,0
5/12/2019,0
5/13/2019,0
5/14/2019,0
5/15/2019,0
5/16/2019,0
5/17/2019,0
5/18/2019,0
5/19/2019,0
5/20/2019,0
5/21/2019,0
5/22/2019,0
5/23/2019,0
5/24/2019,0
5/25/2019,0
5/26/2019,0
5/27/2019,0
5/28/2019,0
5/29/2019,0
5/30/2019,0
5/31/2019,0
6/1/2019,0
6/2/2019,0
6/3/2019,13
6/4/2019,21
6/5/2019,23
6/6/2019,0
6/7/2019,0
6/8/2019,0
6/9/2019,0
6/10/2019,0
6/11/2019,0
6/12/2019,0
6/13/2019,0
6/14/2019,0
6/15/2019,0
6/16/2019,0
6/17/2019,28
6/18/2019,0
6/19/2019,22
6/20/2019,0
6/21/2019,0
6/22/2019,0
6/23/2019,0
6/24/2019,50
6/25/2019,38
6/26/2019,0
6/27/2019,0
6/28/2019,51
6/29/2019,0
6/30/2019,0
7/1/2019,0
7/2/2019,0
7/3/2019,0
7/4/2019,0
7/5/2019,0
7/6/2019,26
7/7/2019,38
7/8/2019,13
7/9/2019,0
7/10/2019,0
7/11/2019,0
7/12/2019,0
7/13/2019,0
7/14/2019,0
7/15/2019,0
7/16/2019,0
7/17/2019,18
7/18/2019,0
7/19/2019,0
7/20/2019,0
7/21/2019,0
7/22/2019,60
7/23/2019,34
7/24/2019,0
7/25/2019,38
7/26/2019,33
7/27/2019,113
7/28/2019,0
7/29/2019,0
7/30/2019,0
7/31/2019,0
8/1/2019,70
8/2/2019,122
8/3/2019,104
8/4/2019,0
8/5/2019,65
8/6/2019,32
8/7/2019,41
8/8/2019,0
8/9/2019,0
8/10/2019,0
8/11/2019,128
8/12/2019,0
8/13/2019,0
8/14/2019,0
8/15/2019,134
8/16/2019,0
8/17/2019,0
8/18/2019,0
8/19/2019,0
8/20/2019,0
8/21/2019,0
8/22/2019,0
8/23/2019,0
8/24/2019,0
8/25/2019,0
8/26/2019,29
8/27/2019,0
8/28/2019,0
8/29/2019,0
8/30/2019,0
8/31/2019,0
9/1/2019,0
9/2/2019,0
9/3/2019,0
9/4/2019,0
9/5/2019,0
9/6/2019,0
9/7/2019,0
9/8/2019,0
9/9/2019,0
9/10/2019,0
9/11/2019,0
9/12/2019,0
9/13/2019,37
9/14/2019,3
9/15/2019,99
9/16/2019,0
9/17/2019,0
9/18/2019,23
9/19/2019,35
9/20/2019,18
9/21/2019,34
9/22/2019,32
9/23/2019,11
9/24/2019,0
9/25/2019,0
9/26/2019,0
9/27/2019,0
9/28/2019,0
9/29/2019,0
9/30/2019,0
10/1/2019,0
10/2/2019,0
10/3/2019,0
10/4/2019,0
10/5/2019,0
10/6/2019,0
10/7/2019,0
10/8/2019,0
10/9/2019,0
10/10/2019,0
10/11/2019,0
10/12/2019,0
10/13/2019,0
10/14/2019,16
10/15/2019,25
10/16/2019,26
10/17/2019,22
10/18/2019,20
10/19/2019,20
10/20/2019,20
10/21/2019,18
10/22/2019,19
10/23/2019,20
10/24/2019,6
10/25/2019,0
10/26/2019,0
10/27/2019,0
10/28/2019,8
10/29/2019,20
10/30/2019,20
10/31/2019,20
11/1/2019,20
11/2/2019,20
11/3/2019,20
11/4/2019,20
11/5/2019,20
11/6/2019,20
11/7/2019,20
11/8/2019,20
11/9/2019,20
11/10/2019,20
11/11/2019,20
11/12/2019,20
11/13/2019,20
11/14/2019,20
11/15/2019,20
11/16/2019,20
11/17/2019,20
11/18/2019,20
11/19/2019,24
11/20/2019,24
11/21/2019,21
11/22/2019,20
11/23/2019,20
11/24/2019,20
11/25/2019,20
11/26/2019,20
11/27/2019,23
11/28/2019,25
11/29/2019,8
11/30/2019,0
12/1/2019,0
12/2/2019,0
12/3/2019,0
12/4/2019,0
12/5/2019,18
12/6/2019,26
12/7/2019,25
12/8/2019,25
12/9/2019,25
12/10/2019,25
12/11/2019,25
12/12/2019,25
12/13/2019,27
12/14/2019,29
12/15/2019,29
12/16/2019,29
12/17/2019,29
12/18/2019,29
12/19/2019,29
12/20/2019,29
12/21/2019,29
12/22/2019,29
12/23/2019,29
12/24/2019,29
12/25/2019,29
12/26/2019,25
12/27/2019,25
12/28/2019,25
12/29/2019,25
12/30/2019,25
12/31/2019,25
1/1/2020,25
1/2/2020,25
1/3/2020,25
1/4/2020,25
1/5/2020,9
1/6/2020,0
1/7/2020,0
1/8/2020,0
1/9/2020,18
1/10/2020,29
1/11/2020,28
1/12/2020,31
1/13/2020,32
1/14/2020,32
1/15/2020,32
1/16/2020,35
1/17/2020,35
1/18/2020,35
1/19/2020,35
1/20/2020,35
1/21/2020,34
1/22/2020,32
1/23/2020,32
1/24/2020,32
1/25/2020,32
1/26/2020,32
1/27/2020,32
1/28/2020,32
1/29/2020,31
1/30/2020,29
1/31/2020,29
2/1/2020,29
2/2/2020,29
2/3/2020,29
2/4/2020,31
2/5/2020,32
2/6/2020,32
2/7/2020,32
2/8/2020,35
2/9/2020,35
2/10/2020,281
2/11/2020,1154
2/12/2020,1234
2/13/2020,951
2/14/2020,545
2/15/2020,126
2/16/2020,0
2/17/2020,26
2/18/2020,39
2/19/2020,39
2/20/2020,39
2/21/2020,39
2/22/2020,39
2/23/2020,39
2/24/2020,39
2/25/2020,39
2/26/2020,39
2/27/2020,39
2/28/2020,90
2/29/2020,222
3/1/2020,233
3/2/2020,140
3/3/2020,59
3/4/2020,40
3/5/2020,42
3/6/2020,40
3/7/2020,40
3/8/2020,40
3/9/2020,40
3/10/2020,16
3/11/2020,0
3/12/2020,0
3/13/2020,0
3/14/2020,0
3/15/2020,0
3/16/2020,0
3/17/2020,0
3/18/2020,0
3/19/2020,0
3/20/2020,0
3/21/2020,0
3/22/2020,0
3/23/2020,0
3/24/2020,0
3/25/2020,0
3/26/2020,0
3/27/2020,0
3/28/2020,0
3/29/2020,0
3/30/2020,0
3/31/2020,0
4/1/2020,0
4/2/2020,0
4/3/2020,0
4/4/2020,0
4/5/2020,0
4/6/2020,0
4/7/2020,0
4/8/2020,0
4/9/2020,0
4/10/2020,0
4/11/2020,0
4/12/2020,0
4/13/2020,0
4/14/2020,0
4/15/2020,0
4/16/2020,0
4/17/2020,0
4/18/2020,0
4/19/2020,0
4/20/2020,0
4/21/2020,0
4/22/2020,0
4/23/2020,0
4/24/2020,0
4/25/2020,0
4/26/2020,0
4/27/2020,0
4/28/2020,0
4/29/2020,0
4/30/2020,0
5/1/2020,0
5/2/2020,0
5/3/2020,0
5/4/2020,0
5/5/2020,0
5/6/2020,0
5/7/2020,0
5/8/2020,0
5/9/2020,0
5/10/2020,0
5/11/2020,0
5/12/2020,0
5/13/2020,0
5/14/2020,0
5/15/2020,0
5/16/2020,0
5/17/2020,0
5/18/2020,0
5/19/2020,0
5/20/2020,0
5/21/2020,0
5/22/2020,0
5/23/2020,0
5/24/2020,0
5/25/2020,0
5/26/2020,0
5/27/2020,0
5/28/2020,0
5/29/2020,0
5/30/2020,0
5/31/2020,0
6/1/2020,0
6/2/2020,0
6/3/2020,0
6/4/2020,0
6/5/2020,33
6/6/2020,0
6/7/2020,0
6/8/2020,0
6/9/2020,0
6/10/2020,0
6/11/2020,0
6/12/2020,0
6/13/2020,0
6/14/2020,0
6/15/2020,0
6/16/2020,0
6/17/2020,0
6/18/2020,0
6/19/2020,0
6/20/2020,0
6/21/2020,0
6/22/2020,0
6/23/2020,0
6/24/2020,0
6/25/2020,0
6/26/2020,0
6/27/2020,0
6/28/2020,0
6/29/2020,0
6/30/2020,0
7/1/2020,0
7/2/2020,0
7/3/2020,0
7/4/2020,0
7/5/2020,0
7/6/2020,0
7/7/2020,0
7/8/2020,0
7/9/2020,0
7/10/2020,0
7/11/2020,0
7/12/2020,0
7/13/2020,0
7/14/2020,0
7/15/2020,0
7/16/2020,0
7/17/2020,0
7/18/2020,53
7/19/2020,80
7/20/2020,38
7/21/2020,0
7/22/2020,0
7/23/2020,0
7/24/2020,36
7/25/2020,0
7/26/2020,0
7/27/2020,48
7/28/2020,0
7/29/2020,32
7/30/2020,0
7/31/2020,28
8/1/2020,0
8/2/2020,0
8/3/2020,0
8/4/2020,0
8/5/2020,87
8/6/2020,0
8/7/2020,57
8/8/2020,0
8/9/2020,0
8/10/2020,0
8/11/2020,0
8/12/2020,0
8/13/2020,0
8/14/2020,0
8/15/2020,0
8/16/2020,0
8/17/2020,0
8/18/2020,0
8/19/2020,49
8/20/2020,22
8/21/2020,37
8/22/2020,0
8/23/2020,0
8/24/2020,0
8/25/2020,0
8/26/2020,0
8/27/2020,27
8/28/2020,0
8/29/2020,0
8/30/2020,0
8/31/2020,0
9/1/2020,0
9/2/2020,22
9/3/2020,0
9/4/2020,0
9/5/2020,0
9/6/2020,0
9/7/2020,0
9/8/2020,182
9/9/2020,0
9/10/2020,0
9/11/2020,0
9/12/2020,0
9/13/2020,12
9/14/2020,30
9/15/2020,35
9/16/2020,30
9/17/2020,30
9/18/2020,30
9/19/2020,30
9/20/2020,30
9/21/2020,30
9/22/2020,31
9/23/2020,0
9/24/2020,0
9/25/2020,0
9/26/2020,0
9/27/2020,0
9/28/2020,0
9/29/2020,0
9/30/2020,0
10/1/2020,0
10/2/2020,0
10/3/2020,0
10/4/2020,0
10/5/2020,0
10/6/2020,0
10/7/2020,0
10/8/2020,0
10/9/2020,0
10/10/2020,0
10/11/2020,0
10/12/2020,0
10/13/2020,0
10/14/2020,0
10/15/2020,0
10/16/2020,0
10/17/2020,0
10/18/2020,0
10/19/2020,0
10/20/2020,0
10/21/2020,0
10/22/2020,0
10/23/2020,0
10/24/2020,0
10/25/2020,0
10/26/2020,0
10/27/2020,0
10/28/2020,19
10/29/2020,62
10/30/2020,50
10/31/2020,50
11/1/2020,50
11/2/2020,50
11/3/2020,19
11/4/2020,0
11/5/2020,0
11/6/2020,0
11/7/2020,0
11/8/2020,0
11/9/2020,0
11/10/2020,0
11/11/2020,0
11/12/2020,0
11/13/2020,0
11/14/2020,0
11/15/2020,0
11/16/2020,13
11/17/2020,25
11/18/2020,25
11/19/2020,25
11/20/2020,25
11/21/2020,25
11/22/2020,25
11/23/2020,12
11/24/2020,0
11/25/2020,0
11/26/2020,0
11/27/2020,16
11/28/2020,25
11/29/2020,25
11/30/2020,25
12/1/2020,25
12/2/2020,14
12/3/2020,0
12/4/2020,19
12/5/2020,25
12/6/2020,25
12/7/2020,25
12/8/2020,25
12/9/2020,10
12/10/2020,0
12/11/2020,0
12/12/2020,0
12/13/2020,0
12/14/2020,16
12/15/2020,25
12/16/2020,25
12/17/2020,25
12/18/2020,25
12/19/2020,25
12/20/2020,25
12/21/2020,9
12/22/2020,13
12/23/2020,6
12/24/2020,0
12/25/2020,0
12/26/2020,0
12/27/2020,0
12/28/2020,26
12/29/2020,50
12/30/2020,39
12/31/2020,25