Date,Stored_energy
1/1/2016,44466.2655
1/2/2016,44704.4085
1/3/2016,45014.871
1/4/2016,45219.411
1/5/2016,45490.4265
1/6/2016,45744.6405
1/7/2016,45995.202
1/8/2016,46137.6495
1/9/2016,46489.02
1/10/2016,46945.5825
1/11/2016,47206.371
1/12/2016,47546.0535
1/13/2016,48155.2905
1/14/2016,49280.991
1/15/2016,50623.65
1/16/2016,52068.579
1/17/2016,53583.636
1/18/2016,55029.2955
1/19/2016,56362.458
1/20/2016,57610.152
1/21/2016,58821.321
1/22/2016,59871.78
1/23/2016,60846.9975
1/24/2016,61663.6965
1/25/2016,62202.075
1/26/2016,62725.113
1/27/2016,63301.4775
1/28/2016,63937.743
1/29/2016,64555.0155
1/30/2016,65305.9695
1/31/2016,66000.675
2/1/2016,66528.8265
2/2/2016,67044.5595
2/3/2016,67458.753
2/4/2016,67881.7125
2/5/2016,68220.6645
2/6/2016,68645.085
2/7/2016,68981.115
2/8/2016,69308.379
2/9/2016,69606.423
2/10/2016,69872.325
2/11/2016,70160.142
2/12/2016,70483.023
2/13/2016,70886.9895
2/14/2016,71293.878
2/15/2016,71540.787
2/16/2016,71965.2075
2/17/2016,72326.0745
2/18/2016,72647.4945
2/19/2016,72979.872
2/20/2016,73460.541
2/21/2016,73927.3305
2/22/2016,74229.7575
2/23/2016,74500.0425
2/24/2016,74738.916
2/25/2016,74942.7255
2/26/2016,74972.676
2/27/2016,75129.7335
2/28/2016,75424.125
2/29/2016,75648.3885
3/1/2016,75925.248
3/2/2016,76240.824
3/3/2016,76637.4855
3/4/2016,76996.8915
3/5/2016,77514.816
3/6/2016,78086.067
3/7/2016,78466.6575
3/8/2016,78963.3975
3/9/2016,79430.9175
3/10/2016,79866.2955
3/11/2016,80369.61
3/12/2016,80997.1095
3/13/2016,81715.9215
3/14/2016,82279.8675
3/15/2016,82758.345
3/16/2016,83141.127
3/17/2016,83400.4545
3/18/2016,83584.5405
3/19/2016,83791.272
3/20/2016,84034.5285
3/21/2016,84086.394
3/22/2016,84125.841
3/23/2016,84222.9975
3/24/2016,84502.0485
3/25/2016,84899.4405
3/26/2016,85212.0945
3/27/2016,85681.806
3/28/2016,85929.4455
3/29/2016,86166.1275
3/30/2016,86362.632
3/31/2016,86571.555
4/1/2016,86720.577
4/2/2016,87009.855
4/3/2016,87270.6435
4/4/2016,87248.7285
4/5/2016,87190.2885
4/6/2016,87140.6145
4/7/2016,87046.38
4/8/2016,86981.3655
4/9/2016,87172.026
4/10/2016,87259.686
4/11/2016,87104.82
4/12/2016,87004.011
4/13/2016,86894.436
4/14/2016,86798.01
4/15/2016,86678.9385
4/16/2016,86724.2295
4/17/2016,86727.882
4/18/2016,86452.4835
4/19/2016,86258.1705
4/20/2016,86024.4105
4/21/2016,86062.3965
4/22/2016,85968.162
4/23/2016,85956.474
4/24/2016,85974.006
4/25/2016,85713.2175
4/26/2016,85603.6425
4/27/2016,85591.9545
4/28/2016,85654.7775
4/29/2016,85673.7705
4/30/2016,85719.792
5/1/2016,85836.672
5/2/2016,85776.0405
5/3/2016,85702.26
5/4/2016,85621.1745
5/5/2016,85440.0105
5/6/2016,85380.1095
5/7/2016,85314.3645
5/8/2016,85353.081
5/9/2016,85134.6615
5/10/2016,84958.611
5/11/2016,84806.667
5/12/2016,84718.2765
5/13/2016,84553.1835
5/14/2016,84480.1335
5/15/2016,84560.4885
5/16/2016,84259.5225
5/17/2016,83998.0035
5/18/2016,83992.1595
5/19/2016,83941.0245
5/20/2016,83977.5495
5/21/2016,84111.231
5/22/2016,84361.062
5/23/2016,84399.7785
5/24/2016,84511.545
5/25/2016,84588.2475
5/26/2016,84705.1275
5/27/2016,84678.099
5/28/2016,84767.22
5/29/2016,84708.0495
5/30/2016,84525.4245
5/31/2016,84439.2255
6/1/2016,84293.1255
6/2/2016,84278.5155
6/3/2016,84269.019
6/4/2016,84461.871
6/5/2016,84728.5035
6/6/2016,84600.666
6/7/2016,84507.8925
6/8/2016,84472.8285
6/9/2016,84377.133
6/10/2016,84495.474
6/11/2016,84599.205
6/12/2016,84803.0145
6/13/2016,84712.4325
6/14/2016,84702.936
6/15/2016,84638.652
6/16/2016,84566.3325
6/17/2016,84519.5805
6/18/2016,84565.602
6/19/2016,84609.432
6/20/2016,84481.5945
6/21/2016,84327.459
6/22/2016,84129.4935
6/23/2016,83973.897
6/24/2016,83877.471
6/25/2016,83873.088
6/26/2016,83884.0455
6/27/2016,83743.7895
6/28/2016,83617.413
6/29/2016,83506.377
6/30/2016,83390.2275
7/1/2016,83262.39
7/2/2016,83239.014
7/3/2016,83254.3545
7/4/2016,82964.346
7/5/2016,82710.8625
7/6/2016,82434.003
7/7/2016,82233.846
7/8/2016,82025.6535
7/9/2016,81943.107
7/10/2016,81905.121
7/11/2016,81464.6295
7/12/2016,81117.642
7/13/2016,80693.2215
7/14/2016,80393.7165
7/15/2016,80056.956
7/16/2016,79921.8135
7/17/2016,79902.09
7/18/2016,79604.046
7/19/2016,79369.5555
7/20/2016,79181.0865
7/21/2016,78918.837
7/22/2016,78616.41
7/23/2016,78471.771
7/24/2016,78378.9975
7/25/2016,78077.301
7/26/2016,77761.725
7/27/2016,77428.617
7/28/2016,77137.878
7/29/2016,76842.756
7/30/2016,76720.032
7/31/2016,76633.1025
8/1/2016,76308.03
8/2/2016,75972.7305
8/3/2016,75625.0125
8/4/2016,75323.316
8/5/2016,74985.825
8/6/2016,74784.9375
8/7/2016,74651.9865
8/8/2016,74229.027
8/9/2016,73881.309
8/10/2016,73506.5625
8/11/2016,73171.263
8/12/2016,72927.276
8/13/2016,72734.424
8/14/2016,72578.8275
8/15/2016,72065.286
8/16/2016,71616.759
8/17/2016,71166.771
8/18/2016,70783.2585
8/19/2016,70437.732
8/20/2016,70293.093
8/21/2016,70231.731
8/22/2016,70000.1625
8/23/2016,69869.403
8/24/2016,69704.31
8/25/2016,69491.7345
8/26/2016,69268.932
8/27/2016,69239.712
8/28/2016,69236.0595
8/29/2016,68854.008
8/30/2016,68564.73
8/31/2016,68241.849
9/1/2016,68000.0535
9/2/2016,67775.79
9/3/2016,67711.506
9/4/2016,67678.6335
9/5/2016,67419.306
9/6/2016,67162.9005
9/7/2016,66908.6865
9/8/2016,66717.2955
9/9/2016,66520.791
9/10/2016,66416.3295
9/11/2016,66295.797
9/12/2016,65880.1425
9/13/2016,65517.084
9/14/2016,65160.6
9/15/2016,64769.052
9/16/2016,64403.0715
9/17/2016,64197.801
9/18/2016,63969.885
9/19/2016,63486.294
9/20/2016,63118.122
9/21/2016,62791.5885
9/22/2016,62458.4805
9/23/2016,62039.904
9/24/2016,61768.158
9/25/2016,61660.7745
9/26/2016,61253.886
9/27/2016,60848.4585
9/28/2016,60456.9105
9/29/2016,60066.8235
9/30/2016,59648.247
10/1/2016,59384.5365
10/2/2016,59223.8265
10/3/2016,58815.477
10/4/2016,58388.865
10/5/2016,58049.1825
10/6/2016,57821.997
10/7/2016,57513.726
10/8/2016,57358.1295
10/9/2016,57214.9515
10/10/2016,56842.3965
10/11/2016,56404.827
10/12/2016,56176.911
10/13/2016,55703.547
10/14/2016,55368.2475
10/15/2016,55249.176
10/16/2016,55149.0975
10/17/2016,54748.7835
10/18/2016,54320.7105
10/19/2016,53916.0135
10/20/2016,53482.0965
10/21/2016,53211.8115
10/22/2016,53195.7405
10/23/2016,53165.0595
10/24/2016,52790.313
10/25/2016,52495.9215
10/26/2016,52235.8635
10/27/2016,52006.4865
10/28/2016,51865.5
10/29/2016,51960.465
10/30/2016,51981.6495
10/31/2016,51738.393
11/1/2016,51477.6045
11/2/2016,51337.3485
11/3/2016,51040.035
11/4/2016,50872.02
11/5/2016,50879.325
11/6/2016,50813.58
11/7/2016,50434.4505
11/8/2016,50218.2225
11/9/2016,50023.179
11/10/2016,49753.6245
11/11/2016,49514.0205
11/12/2016,49443.162
11/13/2016,49618.482
11/14/2016,49710.525
11/15/2016,49984.4625
11/16/2016,50169.279
11/17/2016,50361.4005
11/18/2016,50457.8265
11/19/2016,50694.5085
11/20/2016,50888.8215
11/21/2016,50747.835
11/22/2016,50611.962
11/23/2016,50424.2235
11/24/2016,50300.769
11/25/2016,50256.939
11/26/2016,50248.9035
11/27/2016,50226.9885
11/28/2016,49946.4765
11/29/2016,49729.518
11/30/2016,49714.1775
12/1/2016,49663.773
12/2/2016,49522.056
12/3/2016,49435.1265
12/4/2016,49423.4385
12/5/2016,49262.7285
12/6/2016,49134.1605
12/7/2016,49010.706
12/8/2016,48894.5565
12/9/2016,48768.9105
12/10/2016,48761.6055
12/11/2016,48843.4215
12/12/2016,48776.2155
12/13/2016,48793.7475
12/14/2016,48993.9045
12/15/2016,49321.899
12/16/2016,49619.2125
12/17/2016,50007.8385
12/18/2016,50302.23
12/19/2016,50506.0395
12/20/2016,50609.7705
12/21/2016,50650.6785
12/22/2016,50648.487
12/23/2016,50687.2035
12/24/2016,50729.5725
12/25/2016,50864.715
12/26/2016,50758.7925
12/27/2016,50601.0045
12/28/2016,50332.911
12/29/2016,50198.499
12/30/2016,50140.7895
12/31/2016,50121.066
1/1/2017,50071.392
1/2/2017,49823.022
1/3/2017,49489.1835
1/4/2017,49380.339
1/5/2017,49115.1675
1/6/2017,48934.0035
1/7/2017,48924.507
1/8/2017,48999.7485
1/9/2017,48741.882
1/10/2017,48709.74
1/11/2017,48652.0305
1/12/2017,48730.9245
1/13/2017,48892.365
1/14/2017,49134.891
1/15/2017,49524.2475
1/16/2017,49703.9505
1/17/2017,49918.7175
1/18/2017,50227.719
1/19/2017,50690.1255
1/20/2017,51244.575
1/21/2017,51858.195
1/22/2017,52493.73
1/23/2017,52846.5615
1/24/2017,53090.5485
1/25/2017,53451.4155
1/26/2017,53873.6445
1/27/2017,54277.611
1/28/2017,54741.4785
1/29/2017,55145.445
1/30/2017,55346.3325
1/31/2017,55451.5245
2/1/2017,55705.7385
2/2/2017,55925.619
2/3/2017,56009.6265
2/4/2017,56436.969
2/5/2017,56916.9075
2/6/2017,57138.9795
2/7/2017,57475.74
2/8/2017,57853.4085
2/9/2017,58244.226
2/10/2017,58534.2345
2/11/2017,58820.5905
2/12/2017,59092.3365
2/13/2017,59331.9405
2/14/2017,59581.041
2/15/2017,59785.581
2/16/2017,59859.3615
2/17/2017,59824.2975
2/18/2017,59966.0145
2/19/2017,60060.249
2/20/2017,59902.461
2/21/2017,59833.0635
2/22/2017,59708.8785
2/23/2017,59537.9415
2/24/2017,59453.2035
2/25/2017,59571.5445
2/26/2017,59779.737
2/27/2017,59830.872
2/28/2017,59982.816
3/1/2017,60029.568
3/2/2017,60035.412
3/3/2017,60098.235
3/4/2017,60434.9955
3/5/2017,60813.3945
3/6/2017,60941.9625
3/7/2017,61128.9705
3/8/2017,61359.8085
3/9/2017,61467.192
3/10/2017,61492.7595
3/11/2017,61578.228
3/12/2017,61774.7325
3/13/2017,61578.9585
3/14/2017,61511.022
3/15/2017,61383.1845
3/16/2017,61200.5595
3/17/2017,61087.332
3/18/2017,61036.9275
3/19/2017,61294.0635
3/20/2017,61338.624
3/21/2017,61462.0785
3/22/2017,61539.5115
3/23/2017,61543.8945
3/24/2017,61529.2845
3/25/2017,61561.4265
3/26/2017,61730.172
3/27/2017,61658.583
3/28/2017,61623.519
3/29/2017,61614.753
3/30/2017,61582.611
3/31/2017,61576.767
4/1/2017,61757.931
4/2/2017,61890.1515
4/3/2017,61725.789
4/4/2017,61607.448
4/5/2017,61502.256
4/6/2017,61428.4755
4/7/2017,61439.433
4/8/2017,61502.9865
4/9/2017,61703.874
4/10/2017,61630.824
4/11/2017,61594.299
4/12/2017,61619.8665
4/13/2017,61691.4555
4/14/2017,61844.8605
4/15/2017,61836.0945
4/16/2017,61890.882
4/17/2017,61700.2215
4/18/2017,61644.7035
4/19/2017,61584.8025
4/20/2017,61460.6175
4/21/2017,61505.9085
4/22/2017,61548.2775
4/23/2017,61735.2855
4/24/2017,61725.0585
4/25/2017,61687.803
4/26/2017,61653.4695
4/27/2017,61691.4555
4/28/2017,61847.7825
4/29/2017,62013.606
4/30/2017,62177.9685
5/1/2017,62253.21
5/2/2017,62242.983
5/3/2017,62194.77
5/4/2017,62139.252
5/5/2017,62102.727
5/6/2017,62139.252
5/7/2017,62290.4655
5/8/2017,62268.5505
5/9/2017,62245.1745
5/10/2017,62226.912
5/11/2017,62191.1175
5/12/2017,62148.7485
5/13/2017,62083.734
5/14/2017,62097.6135
5/15/2017,61892.343
5/16/2017,61728.711
5/17/2017,61643.973
5/18/2017,61585.533
5/19/2017,61662.966
5/20/2017,61906.953
5/21/2017,62416.842
5/22/2017,62780.631
5/23/2017,63222.5835
5/24/2017,63590.025
5/25/2017,63808.4445
5/26/2017,63958.9275
5/27/2017,64113.063
5/28/2017,64243.8225
5/29/2017,64265.007
5/30/2017,64357.05
5/31/2017,64348.284
6/1/2017,64317.603
6/2/2017,64267.1985
6/3/2017,64293.4965
6/4/2017,64339.518
6/5/2017,64244.553
6/6/2017,64167.8505
6/7/2017,64056.084
6/8/2017,63986.6865
6/9/2017,63996.183
6/10/2017,63998.3745
6/11/2017,64034.169
6/12/2017,63967.6935
6/13/2017,63884.4165
6/14/2017,63791.643
6/15/2017,63754.3875
6/16/2017,63685.7205
6/17/2017,63688.6425
6/18/2017,63725.1675
6/19/2017,63674.763
6/20/2017,63595.869
6/21/2017,63519.897
6/22/2017,63462.1875
6/23/2017,63342.3855
6/24/2017,63325.584
6/25/2017,63294.903
6/26/2017,63228.4275
6/27/2017,63094.0155
6/28/2017,62927.4615
6/29/2017,62745.567
6/30/2017,62558.559
7/1/2017,62513.268
7/2/2017,62470.1685
7/3/2017,62373.012
7/4/2017,62261.976
7/5/2017,62069.8545
7/6/2017,61864.584
7/7/2017,61698.7605
7/8/2017,61619.136
7/9/2017,61532.937
7/10/2017,61294.0635
7/11/2017,61111.4385
7/12/2017,60963.147
7/13/2017,60808.281
7/14/2017,60605.9325
7/15/2017,60534.3435
7/16/2017,60457.641
7/17/2017,60246.5265
7/18/2017,59993.7735
7/19/2017,59801.652
7/20/2017,59532.828
7/21/2017,59239.167
7/22/2017,59034.627
7/23/2017,58924.3215
7/24/2017,58611.6675
7/25/2017,58288.7865
7/26/2017,57931.572
7/27/2017,57577.2795
7/28/2017,57252.207
7/29/2017,57161.625
7/30/2017,57052.05
7/31/2017,56686.8
8/1/2017,56309.1315
8/2/2017,55989.903
8/3/2017,55659.717
8/4/2017,55292.2755
8/5/2017,55141.062
8/6/2017,55069.473
8/7/2017,54677.925
8/8/2017,54271.0365
8/9/2017,53839.311
8/10/2017,53463.834
8/11/2017,53097.8535
8/12/2017,52993.392
8/13/2017,52894.7745
8/14/2017,52495.9215
8/15/2017,52205.913
8/16/2017,51836.28
8/17/2017,51470.2995
8/18/2017,51084.5955
8/19/2017,50979.4035
8/20/2017,50950.914
8/21/2017,50713.5015
8/22/2017,50619.9975
8/23/2017,50498.7345
8/24/2017,50327.067
8/25/2017,50099.8815
8/26/2017,49974.2355
8/27/2017,49804.029
8/28/2017,49424.8995
8/29/2017,49043.5785
8/30/2017,48649.839
8/31/2017,48273.6315
9/1/2017,47951.481
9/2/2017,47726.487
9/3/2017,47528.5215
9/4/2017,47104.8315
9/5/2017,46695.021
9/6/2017,46283.019
9/7/2017,46044.1455
9/8/2017,45689.1225
9/9/2017,45401.3055
9/10/2017,45143.439
9/11/2017,44666.4225
9/12/2017,44226.6615
9/13/2017,43827.078
9/14/2017,43324.494
9/15/2017,42820.449
9/16/2017,42484.419
9/17/2017,42217.7865
9/18/2017,41683.0605
9/19/2017,41239.647
9/20/2017,40729.758
9/21/2017,40219.1385
9/22/2017,39705.597
9/23/2017,39316.971
9/24/2017,39058.374
9/25/2017,38509.038
9/26/2017,37969.1985
9/27/2017,37381.146
9/28/2017,36844.2285
9/29/2017,36390.588
9/30/2017,35958.8625
10/1/2017,35714.8755
10/2/2017,35133.3975
10/3/2017,34706.055
10/4/2017,34420.4295
10/5/2017,34061.754
10/6/2017,33564.2835
10/7/2017,33257.4735
10/8/2017,33173.466
10/9/2017,32670.1515
10/10/2017,32234.043
10/11/2017,31869.5235
10/12/2017,31672.2885
10/13/2017,31309.9605
10/14/2017,30957.129
10/15/2017,30759.894
10/16/2017,30310.6365
10/17/2017,29897.904
10/18/2017,29491.746
10/19/2017,29088.51
10/20/2017,28648.749
10/21/2017,28395.996
10/22/2017,28277.655
10/23/2017,27841.5465
10/24/2017,27506.9775
10/25/2017,27175.3305
10/26/2017,26912.3505
10/27/2017,26577.051
10/28/2017,26370.3195
10/29/2017,26379.816
10/30/2017,26213.262
10/31/2017,26154.822
11/1/2017,26141.673
11/2/2017,26393.6955
11/3/2017,26450.6745
11/4/2017,26427.2985
11/5/2017,26610.654
11/6/2017,26515.689
11/7/2017,26639.874
11/8/2017,26694.6615
11/9/2017,26642.796
11/10/2017,26607.732
11/11/2017,26754.5625
11/12/2017,26913.8115
11/13/2017,26839.3005
11/14/2017,26807.889
11/15/2017,26894.088
11/16/2017,26707.8105
11/17/2017,26563.902
11/18/2017,26656.6755
11/19/2017,26675.6685
11/20/2017,26645.718
11/21/2017,26605.5405
11/22/2017,26701.9665
11/23/2017,26878.7475
11/24/2017,27101.55
11/25/2017,27207.4725
11/26/2017,27414.9345
11/27/2017,27425.892
11/28/2017,27523.0485
11/29/2017,27678.645
11/30/2017,27830.589
12/1/2017,27943.8165
12/2/2017,28325.1375
12/3/2017,28832.1045
12/4/2017,28892.736
12/5/2017,29049.7935
12/6/2017,29238.993
12/7/2017,29290.8585
12/8/2017,29381.4405
12/9/2017,29580.867
12/10/2017,29926.3935
12/11/2017,29868.684
12/12/2017,30022.089
12/13/2017,30068.841
12/14/2017,30022.089
12/15/2017,29983.3725
12/16/2017,30250.005
12/17/2017,30606.489
12/18/2017,30667.1205
12/19/2017,30731.4045
12/20/2017,30759.894
12/21/2017,30768.66
12/22/2017,30908.916
12/23/2017,31081.314
12/24/2017,31366.9395
12/25/2017,31602.1605
12/26/2017,31778.9415
12/27/2017,32041.9215
12/28/2017,32334.852
12/29/2017,32685.492
12/30/2017,33069.0045
12/31/2017,33556.248
1/1/2018,33894.92606
1/2/2018,34441.82516
1/3/2018,34889.15368
1/4/2018,35460.9069
1/5/2018,36088.73741
1/6/2018,36825.01293
1/7/2018,37655.15484
1/8/2018,38511.20953
1/9/2018,39461.76694
1/10/2018,40390.93441
1/11/2018,41126.03142
1/12/2018,41717.72215
1/13/2018,42239.32769
1/14/2018,42842.82912
1/15/2018,43208.79536
1/16/2018,43543.34153
1/17/2018,43833.43563
1/18/2018,44046.45913
1/19/2018,44157.16698
1/20/2018,44444.20782
1/21/2018,44679.51728
1/22/2018,44628.41938
1/23/2018,44692.34098
1/24/2018,44689.80421
1/25/2018,44763.29936
1/26/2018,44916.90981
1/27/2018,45299.76029
1/28/2018,45578.96538
1/29/2018,45610.64797
1/30/2018,45811.58683
1/31/2018,46097.92
2/1/2018,46448.02069
2/2/2018,46798.55796
2/3/2018,47254.43562
2/4/2018,47816.48403
2/5/2018,48341.25411
2/6/2018,48752.73107
2/7/2018,49103.93606
2/8/2018,49404.6852
2/9/2018,49589.0223
2/10/2018,49989.88989
2/11/2018,50352.08663
2/12/2018,50664.42674
2/13/2018,50984.20882
2/14/2018,51208.46091
2/15/2018,51462.61784
2/16/2018,51599.42679
2/17/2018,51812.31047
2/18/2018,51987.6533
2/19/2018,52009.51123
2/20/2018,52120.13632
2/21/2018,52287.85455
2/22/2018,52534.82633
2/23/2018,52796.06569
2/24/2018,53234.75377
2/25/2018,53693.36509
2/26/2018,53894.80617
2/27/2018,54224.09617
2/28/2018,54544.99112
3/1/2018,54813.25583
3/2/2018,55051.15914
3/3/2018,55488.63162
3/4/2018,55942.29495
3/5/2018,55998.61764
3/6/2018,56125.78171
3/7/2018,56341.00527
3/8/2018,56633.58193
3/9/2018,56928.20171
3/10/2018,57437.4287
3/11/2018,57912.76163
3/12/2018,58158.06695
3/13/2018,58362.45286
3/14/2018,58512.70758
3/15/2018,58694.41375
3/16/2018,58813.54232
3/17/2018,59259.15873
3/18/2018,59629.75622
3/19/2018,59670.727
3/20/2018,59812.06733
3/21/2018,60016.12223
3/22/2018,60208.92287
3/23/2018,60411.00314
3/24/2018,60795.10346
3/25/2018,61179.09536
3/26/2018,61369.99555
3/27/2018,61669.51767
3/28/2018,61958.54456
3/29/2018,62236.71668
3/30/2018,62556.64714
3/31/2018,62729.60443
4/1/2018,62943.95482
4/2/2018,63016.06887
4/3/2018,63160.06297
4/4/2018,63278.79205
4/5/2018,63435.45577
4/6/2018,63617.72122
4/7/2018,63918.185
4/8/2018,64232.09455
4/9/2018,64412.06007
4/10/2018,64560.42006
4/11/2018,64668.72239
4/12/2018,64750.35006
4/13/2018,64810.57636
4/14/2018,65007.55454
4/15/2018,65203.4598
4/16/2018,65339.71518
4/17/2018,65534.0453
4/18/2018,65695.69125
4/19/2018,65798.3265
4/20/2018,65806.70442
4/21/2018,65917.94588
4/22/2018,65972.95024
4/23/2018,65949.44869
4/24/2018,65832.43743
4/25/2018,65635.73889
4/26/2018,65485.29013
4/27/2018,65279.50029
4/28/2018,65255.93596
4/29/2018,65315.18636
4/30/2018,65130.38127
5/1/2018,65137.93738
5/2/2018,65001.43661
5/3/2018,64896.11905
5/4/2018,64746.93155
5/5/2018,64700.64752
5/6/2018,64692.22965
5/7/2018,64508.81138
5/8/2018,64409.8914
5/9/2018,64203.09142
5/10/2018,64103.0015
5/11/2018,63971.08348
5/12/2018,63865.56618
5/13/2018,63877.44821
5/14/2018,63722.91322
5/15/2018,63578.21145
5/16/2018,63487.70934
5/17/2018,63400.14066
5/18/2018,63309.94103
5/19/2018,63247.50611
5/20/2018,63314.66074
5/21/2018,63347.92703
5/22/2018,63372.91241
5/23/2018,63361.26436
5/24/2018,63350.93463
5/25/2018,63279.75654
5/26/2018,63265.76861
5/27/2018,63255.2962
5/28/2018,63219.65009
5/29/2018,63208.27027
5/30/2018,63122.14546
5/31/2018,63017.91224
6/1/2018,62851.88899
6/2/2018,62766.93413
6/3/2018,62688.36543
6/4/2018,62528.41446
6/5/2018,62446.09624
6/6/2018,62334.10717
6/7/2018,62256.07493
6/8/2018,62155.68825
6/9/2018,62082.25017
6/10/2018,62044.43538
6/11/2018,61926.61372
6/12/2018,61787.11676
6/13/2018,61624.56339
6/14/2018,61459.97831
6/15/2018,61337.44264
6/16/2018,61269.15802
6/17/2018,61144.82463
6/18/2018,61053.4893
6/19/2018,60943.0183
6/20/2018,60802.1117
6/21/2018,60654.28247
6/22/2018,60478.08929
6/23/2018,60315.33618
6/24/2018,60192.13849
6/25/2018,59977.42856
6/26/2018,59730.62229
6/27/2018,59554.52043
6/28/2018,59273.6603
6/29/2018,59063.92119
6/30/2018,58798.40156
7/1/2018,58724.6553
7/2/2018,58419.81423
7/3/2018,58190.80819
7/4/2018,57941.54218
7/5/2018,57651.40813
7/6/2018,57374.16055
7/7/2018,57151.78608
7/8/2018,57079.66062
7/9/2018,56831.58738
7/10/2018,56537.60108
7/11/2018,56229.00478
7/12/2018,55962.80602
7/13/2018,55755.90901
7/14/2018,55534.32782
7/15/2018,55405.29184
7/16/2018,55037.13125
7/17/2018,54738.03716
7/18/2018,54427.42057
7/19/2018,54127.17366
7/20/2018,53827.92547
7/21/2018,53609.39754
7/22/2018,53516.62975
7/23/2018,53227.6371
7/24/2018,52855.4873
7/25/2018,52564.49148
7/26/2018,52178.63339
7/27/2018,51845.90776
7/28/2018,51646.69813
7/29/2018,51437.40988
7/30/2018,51039.09905
7/31/2018,50711.48121
8/1/2018,50441.39596
8/2/2018,50178.941
8/3/2018,49934.93688
8/4/2018,49720.62074
8/5/2018,49631.80221
8/6/2018,49419.09545
8/7/2018,49204.7793
8/8/2018,48939.65346
8/9/2018,48712.67912
8/10/2018,48437.58309
8/11/2018,48208.56564
8/12/2018,47987.54373
8/13/2018,47640.23664
8/14/2018,47275.54878
8/15/2018,46971.84055
8/16/2018,46659.27786
8/17/2018,46324.20094
8/18/2018,46038.51551
8/19/2018,45900.12571
8/20/2018,45483.39829
8/21/2018,44999.34502
8/22/2018,44554.12239
8/23/2018,44138.60771
8/24/2018,43710.46052
8/25/2018,43386.304
8/26/2018,43237.40185
8/27/2018,42868.07988
8/28/2018,42485.98273
8/29/2018,42144.70226
8/30/2018,41784.54578
8/31/2018,41433.12677
9/1/2018,41181.67212
9/2/2018,41075.80384
9/3/2018,40710.65086
9/4/2018,40367.09329
9/5/2018,40017.38924
9/6/2018,39731.09316
9/7/2018,39552.54013
9/8/2018,39345.22937
9/9/2018,39154.48326
9/10/2018,38768.58807
9/11/2018,38475.48351
9/12/2018,38204.08849
9/13/2018,37939.55618
9/14/2018,37676.30224
9/15/2018,37476.01683
9/16/2018,37343.96469
9/17/2018,37090.6467
9/18/2018,36793.00789
9/19/2018,36543.06846
9/20/2018,36377.04807
9/21/2018,36161.31087
9/22/2018,36080.83603
9/23/2018,36073.08588
9/24/2018,35695.85682
9/25/2018,35416.06105
9/26/2018,35057.4626
9/27/2018,34693.29693
9/28/2018,34353.81703
9/29/2018,34108.48888
9/30/2018,33954.19073
10/1/2018,33580.51715
10/2/2018,33308.27749
10/3/2018,32933.67081
10/4/2018,32628.93532
10/5/2018,32364.27745
10/6/2018,32190.84363
10/7/2018,32085.42335
10/8/2018,31883.61987
10/9/2018,31674.69972
10/10/2018,31510.73671
10/11/2018,31422.86841
10/12/2018,31532.04677
10/13/2018,31533.28234
10/14/2018,31502.18758
10/15/2018,31274.75668
10/16/2018,31107.0841
10/17/2018,30938.88933
10/18/2018,30761.40066
10/19/2018,30654.97023
10/20/2018,30754.3325
10/21/2018,30938.60968
10/22/2018,30770.83153
10/23/2018,30624.57173
10/24/2018,30452.7216
10/25/2018,30338.92911
10/26/2018,30271.74879
10/27/2018,30230.29862
10/28/2018,30230.16451
10/29/2018,30130.88784
10/30/2018,30078.61429
10/31/2018,29944.74446
11/1/2018,29794.95772
11/2/2018,29809.85021
11/3/2018,29715.46733
11/4/2018,29731.51265
11/5/2018,29502.16419
11/6/2018,29464.46354
11/7/2018,29394.72647
11/8/2018,29423.02478
11/9/2018,29503.02595
11/10/2018,29804.94788
11/11/2018,30163.26383
11/12/2018,30158.69821
11/13/2018,30228.54086
11/14/2018,30277.44441
11/15/2018,30409.15983
11/16/2018,30412.98069
11/17/2018,30613.28607
11/18/2018,30858.63705
11/19/2018,30877.56728
11/20/2018,31072.96176
11/21/2018,31356.44998
11/22/2018,31741.98562
11/23/2018,32120.27048
11/24/2018,32610.11353
11/25/2018,33261.26012
11/26/2018,33863.9483
11/27/2018,34578.57419
11/28/2018,35052.26349
11/29/2018,35375.29002
11/30/2018,35573.35539
12/1/2018,35866.36864
12/2/2018,36373.08739
12/3/2018,36880.33689
12/4/2018,37322.2209
12/5/2018,37677.9687
12/6/2018,38007.98634
12/7/2018,38404.81049
12/8/2018,38765.62613
12/9/2018,39138.91733
12/10/2018,39287.0205
12/11/2018,39271.96821
12/12/2018,39166.14843
12/13/2018,39126.78133
12/14/2018,38984.37663
12/15/2018,39077.7294
12/16/2018,39148.59931
12/17/2018,38898.41733
12/18/2018,38799.2491
12/19/2018,38775.61628
12/20/2018,38721.96448
12/21/2018,38705.39697
12/22/2018,38802.21676
12/23/2018,38926.56155
12/24/2018,39019.34647
12/25/2018,39211.63062
12/26/2018,39345.73729
12/27/2018,39528.58487
12/28/2018,39626.33204
12/29/2018,40002.02306
12/30/2018,40354.23534
12/31/2018,40660.98257
1/1/2019,40975.69966
1/2/2019,41265.85654
1/3/2019,41385.17344
1/4/2019,41508.8762
1/5/2019,41769.08829
1/6/2019,42099.83072
1/7/2019,42189.65654
1/8/2019,42259.34796
1/9/2019,42333.55078
1/10/2019,42420.04083
1/11/2019,42396.1512
1/12/2019,42509.89804
1/13/2019,42488.51094
1/14/2019,42232.02269
1/15/2019,41978.1397
1/16/2019,41737.45707
1/17/2019,41516.34956
1/18/2019,41410.66675
1/19/2019,41176.37885
1/20/2019,41192.44129
1/21/2019,40947.99773
1/22/2019,40757.85942
1/23/2019,40539.51411
1/24/2019,40406.46895
1/25/2019,40322.21319
1/26/2019,40339.92211
1/27/2019,40418.48225
1/28/2019,40259.79824
1/29/2019,40108.20237
1/30/2019,39923.18042
1/31/2019,39665.32248
2/1/2019,39381.34346
2/2/2019,39263.84139
2/3/2019,39279.33884
2/4/2019,39138.20395
2/5/2019,39017.85979
2/6/2019,38974.45496
2/7/2019,38961.45434
2/8/2019,38917.98674
2/9/2019,39007.62993
2/10/2019,39181.89698
2/11/2019,38990.69146
2/12/2019,38940.74353
2/13/2019,38952.50857
2/14/2019,39033.05476
2/15/2019,39103.8248
2/16/2019,39464.07829
2/17/2019,39885.91351
2/18/2019,40180.3849
2/19/2019,40545.70624
2/20/2019,40866.49847
2/21/2019,41237.40984
2/22/2019,41549.49599
2/23/2019,41946.58552
2/24/2019,42352.78347
2/25/2019,42467.74591
2/26/2019,42796.00293
2/27/2019,43083.07516
2/28/2019,43507.43859
3/1/2019,44010.01403
3/2/2019,44664.42219
3/3/2019,45428.4139
3/4/2019,46141.4675
3/5/2019,46912.84412
3/6/2019,47582.57565
3/7/2019,48116.24299
3/8/2019,48611.67038
3/9/2019,49206.57131
3/10/2019,49852.77846
3/11/2019,50399.15251
3/12/2019,50885.75682
3/13/2019,51302.37581
3/14/2019,51718.16157
3/15/2019,52201.21611
3/16/2019,52846.29898
3/17/2019,53406.46121
3/18/2019,53759.57236
3/19/2019,54175.71766
3/20/2019,54706.28324
3/21/2019,55318.72188
3/22/2019,55892.10161
3/23/2019,56466.13764
3/24/2019,57015.87884
3/25/2019,57398.31841
3/26/2019,57756.64579
3/27/2019,58055.63715
3/28/2019,58403.48071
3/29/2019,58703.34525
3/30/2019,58992.57759
3/31/2019,59278.87082
4/1/2019,59342.48139
4/2/2019,59360.0248
4/3/2019,59381.43188
4/4/2019,59382.96136
4/5/2019,59377.73943
4/6/2019,59537.81595
4/7/2019,59796.86951
4/8/2019,60078.27751
4/9/2019,60499.8502
4/10/2019,61000.41962
4/11/2019,61446.56679
4/12/2019,61775.23472
4/13/2019,62189.72498
4/14/2019,62606.3668
4/15/2019,62900.21613
4/16/2019,63292.40332
4/17/2019,63779.41283
4/18/2019,64254.00955
4/19/2019,64893.69927
4/20/2019,65282.08557
4/21/2019,65687.13641
4/22/2019,65740.93089
4/23/2019,65824.61879
4/24/2019,65912.01627
4/25/2019,66059.3547
4/26/2019,66192.59675
4/27/2019,66387.30925
4/28/2019,66666.70267
4/29/2019,66694.1592
4/30/2019,66818.72657
5/1/2019,67068.53474
5/2/2019,67157.41604
5/3/2019,67188.46229
5/4/2019,67416.4639
5/5/2019,67594.18656
5/6/2019,67595.23665
5/7/2019,67660.02858
5/8/2019,67836.587
5/9/2019,67960.71493
5/10/2019,68002.29066
5/11/2019,68146.09643
5/12/2019,68289.09751
5/13/2019,68218.73552
5/14/2019,68272.59278
5/15/2019,68386.65921
5/16/2019,68535.80677
5/17/2019,68679.62395
5/18/2019,68844.9966
5/19/2019,69047.97858
5/20/2019,69209.48186
5/21/2019,69310.02263
5/22/2019,69394.07578
5/23/2019,69453.93683
5/24/2019,69503.55947
5/25/2019,69635.26634
5/26/2019,69732.09754
5/27/2019,69716.50022
5/28/2019,69734.56297
5/29/2019,69744.23068
5/30/2019,69741.27444
5/31/2019,69767.97193
6/1/2019,69902.44671
6/2/2019,70046.70905
6/3/2019,70105.5999
6/4/2019,70231.26873
6/5/2019,70469.94248
6/6/2019,70605.76983
6/7/2019,70659.70127
6/8/2019,70783.12153
6/9/2019,70869.25775
6/10/2019,70876.73396
6/11/2019,70872.04849
6/12/2019,70871.54627
6/13/2019,70898.48917
6/14/2019,70846.37827
6/15/2019,70900.11567
6/16/2019,70893.44986
6/17/2019,70816.98705
6/18/2019,70783.04734
6/19/2019,70722.52427
6/20/2019,70772.97443
6/21/2019,70753.99855
6/22/2019,70705.13495
6/23/2019,70699.56489
6/24/2019,70602.37414
6/25/2019,70516.20368
6/26/2019,70351.17346
6/27/2019,70198.09376
6/28/2019,70106.47308
6/29/2019,70010.29819
6/30/2019,70022.80229
7/1/2019,69871.2692
7/2/2019,69738.27254
7/3/2019,69596.34438
7/4/2019,69463.59884
7/5/2019,69451.40291
7/6/2019,69442.72252
7/7/2019,69618.17378
7/8/2019,69659.66389
7/9/2019,69613.33421
7/10/2019,69543.16627
7/11/2019,69442.7111
7/12/2019,69274.09686
7/13/2019,69133.86369
7/14/2019,69074.33936
7/15/2019,68926.27614
7/16/2019,68764.97261
7/17/2019,68647.94993
7/18/2019,68546.92977
7/19/2019,68396.65222
7/20/2019,68239.95427
7/21/2019,68221.00692
7/22/2019,67999.53987
7/23/2019,67834.93767
7/24/2019,67689.67661
7/25/2019,67565.04646
7/26/2019,67430.65729
7/27/2019,67228.60555
7/28/2019,67184.92393
7/29/2019,66909.75942
7/30/2019,66664.08885
7/31/2019,66426.99023
8/1/2019,66242.68737
8/2/2019,66031.78403
8/3/2019,65885.22176
8/4/2019,65847.3499
8/5/2019,65624.21639
8/6/2019,65430.81652
8/7/2019,65207.60882
8/8/2019,64999.88429
8/9/2019,64732.82377
8/10/2019,64583.12263
8/11/2019,64481.38338
8/12/2019,64066.42514
8/13/2019,63747.11674
8/14/2019,63436.64283
8/15/2019,63165.04521
8/16/2019,62848.79007
8/17/2019,62666.57027
8/18/2019,62495.61045
8/19/2019,62000.59397
8/20/2019,61661.10551
8/21/2019,61266.88662
8/22/2019,60939.83378
8/23/2019,60613.00922
8/24/2019,60462.2694
8/25/2019,60362.47625
8/26/2019,60020.9618
8/27/2019,59623.19884
8/28/2019,59290.72432
8/29/2019,58952.6512
8/30/2019,58577.35112
8/31/2019,58276.95012
9/1/2019,58106.60665
9/2/2019,57626.35426
9/3/2019,57187.63194
9/4/2019,56799.9476
9/5/2019,56445.83773
9/6/2019,56206.45059
9/7/2019,56073.06586
9/8/2019,55910.95193
9/9/2019,55352.19362
9/10/2019,54825.94827
9/11/2019,54269.64969
9/12/2019,53763.48168
9/13/2019,53233.08161
9/14/2019,52911.79287
9/15/2019,52680.75512
9/16/2019,52072.91064
9/17/2019,51530.42307
9/18/2019,50930.63692
9/19/2019,50410.34971
9/20/2019,49863.12531
9/21/2019,49375.51656
9/22/2019,49147.28096
9/23/2019,48625.12755
9/24/2019,48100.49159
9/25/2019,47554.8195
9/26/2019,47150.4849
9/27/2019,46687.07967
9/28/2019,46490.68075
9/29/2019,46363.40824
9/30/2019,45865.01035
10/1/2019,45390.45929
10/2/2019,44895.83945
10/3/2019,44468.83937
10/4/2019,44012.07142
10/5/2019,43695.15997
10/6/2019,43487.83209
10/7/2019,43041.05715
10/8/2019,42636.04055
10/9/2019,42300.23313
10/10/2019,41827.14306
10/11/2019,41283.20021
10/12/2019,40957.19176
10/13/2019,40657.89792
10/14/2019,40104.55843
10/15/2019,39659.83517
10/16/2019,39253.41465
10/17/2019,38771.8525
10/18/2019,38288.59821
10/19/2019,37847.15649
10/20/2019,37615.53948
10/21/2019,37077.00689
10/22/2019,36526.04153
10/23/2019,36051.52186
10/24/2019,35691.57084
10/25/2019,35273.39954
10/26/2019,35242.76134
10/27/2019,34925.73861
10/28/2019,34485.73506
10/29/2019,34052.38305
10/30/2019,33614.7679
10/31/2019,33254.98238
11/1/2019,33016.21731
11/2/2019,32926.42003
11/3/2019,32717.28302
11/4/2019,32235.20723
11/5/2019,31843.09138
11/6/2019,31566.41451
11/7/2019,31339.92241
11/8/2019,31031.35179
11/9/2019,30936.3126
11/10/2019,30858.24898
11/11/2019,30569.89266
11/12/2019,30428.40109
11/13/2019,30230.33001
11/14/2019,29998.90704
11/15/2019,29907.05237
11/16/2019,29863.39929
11/17/2019,29955.05136
11/18/2019,29771.91272
11/19/2019,29650.19887
11/20/2019,29633.45729
11/21/2019,29501.79608
11/22/2019,29250.70954
11/23/2019,29095.40409
11/24/2019,29050.24436
11/25/2019,28803.94601
11/26/2019,28641.24711
11/27/2019,28402.3308
11/28/2019,28249.4109
11/29/2019,28167.30955
11/30/2019,28058.07127
12/1/2019,28098.97927
12/2/2019,27943.20014
12/3/2019,27909.94527
12/4/2019,27919.77848
12/5/2019,27826.83377
12/6/2019,27794.10966
12/7/2019,27853.17172
12/8/2019,28011.22795
12/9/2019,27961.73372
12/10/2019,27910.55307
12/11/2019,27930.31366
12/12/2019,28047.29354
12/13/2019,28298.23455
12/14/2019,28659.45539
12/15/2019,29034.16479
12/16/2019,29074.45929
12/17/2019,29123.58256
12/18/2019,29227.55611
12/19/2019,29331.12446
12/20/2019,29304.81219
12/21/2019,29452.92677
12/22/2019,29637.31239
12/23/2019,29670.50449
12/24/2019,29885.83934
12/25/2019,30187.81263
12/26/2019,30161.18077
12/27/2019,30146.37673
12/28/2019,30230.79799
12/29/2019,30351.00804
12/30/2019,30155.61356
12/31/2019,30023.23611
1/1/2020,29727.72604
1/2/2020,29557.86196
1/3/2020,29472.9185
1/4/2020,29537.76179
1/5/2020,29773.93587
1/6/2020,29810.95453
1/7/2020,29941.01491
1/8/2020,30133.0822
1/9/2020,30261.2079
1/10/2020,30487.05796
1/11/2020,30763.09279
1/12/2020,31161.36653
1/13/2020,31165.78662
1/14/2020,31303.94529
1/15/2020,31357.52575
1/16/2020,31406.1411
1/17/2020,31509.09879
1/18/2020,31873.49845
1/19/2020,32154.77519
1/20/2020,32070.42241
1/21/2020,32078.89165
1/22/2020,32227.64827
1/23/2020,32424.98314
1/24/2020,32760.07434
1/25/2020,33284.9871
1/26/2020,34105.02756
1/27/2020,34569.54852
1/28/2020,35135.46059
1/29/2020,35792.17153
1/30/2020,36398.41519
1/31/2020,36750.39349
2/1/2020,37068.67463
2/2/2020,37625.76933
2/3/2020,37802.63309
2/4/2020,38206.09166
2/5/2020,38627.63296
2/6/2020,39122.22427
2/7/2020,39868.6212
2/8/2020,40860.56316
2/9/2020,41927.22727
2/10/2020,42726.9878
2/11/2020,43741.41546
2/12/2020,44725.15071
2/13/2020,45710.03021
2/14/2020,46832.13528
2/15/2020,47994.78025
2/16/2020,49031.00591
2/17/2020,49836.21666
2/18/2020,50535.3394
2/19/2020,51203.16478
2/20/2020,51788.04417
2/21/2020,52336.40998
2/22/2020,53179.39556
2/23/2020,54046.9385
2/24/2020,54790.92422
2/25/2020,55584.65813
2/26/2020,56131.63712
2/27/2020,56944.62084
2/28/2020,57864.06353
2/29/2020,58872.79271
3/1/2020,60125.5089
3/2/2020,61105.8342
3/3/2020,62140.70729
3/4/2020,63066.36493
3/5/2020,63861.96504
3/6/2020,64644.65584
3/7/2020,65632.75411
3/8/2020,66614.82575
3/9/2020,67058.09658
3/10/2020,67510.54431
3/11/2020,67916.02888
3/12/2020,68339.50201
3/13/2020,68741.94473
3/14/2020,69211.64482
3/15/2020,69712.40257
3/16/2020,69839.05301
3/17/2020,69977.64826
3/18/2020,70113.58975
3/19/2020,70295.51278
3/20/2020,70576.21311
3/21/2020,71124.12806
3/22/2020,71694.96816
3/23/2020,72165.86101
3/24/2020,72705.06703
3/25/2020,73138.61307
3/26/2020,73665.10954
3/27/2020,74261.50001
3/28/2020,74844.5931
3/29/2020,75351.82833
3/30/2020,75588.89841
3/31/2020,75864.51377
4/1/2020,76215.80438
4/2/2020,76504.47172
4/3/2020,76831.54168
4/4/2020,77165.1462
4/5/2020,77468.50344
4/6/2020,77593.81273
4/7/2020,77734.51388
4/8/2020,77894.93852
4/9/2020,78039.17803
4/10/2020,78376.36656
4/11/2020,78580.05621
4/12/2020,78791.42182
4/13/2020,78798.6298
4/14/2020,78883.773
4/15/2020,78948.84457
4/16/2020,79137.17089
4/17/2020,79331.13006
4/18/2020,79578.92365
4/19/2020,79842.71975
4/20/2020,80054.65036
4/21/2020,80278.14912
4/22/2020,80409.65624
4/23/2020,80590.24383
4/24/2020,80786.3203
4/25/2020,80971.06261
4/26/2020,81107.42641
4/27/2020,81045.20265
4/28/2020,81043.38211
4/29/2020,81038.05174
4/30/2020,81063.05425
5/1/2020,81230.12759
5/2/2020,81356.39565
5/3/2020,81488.94716
5/4/2020,81491.29846
5/5/2020,81461.18816
5/6/2020,81435.2497
5/7/2020,81373.84775
5/8/2020,81325.54915
5/9/2020,81468.76139
5/10/2020,81626.65782
5/11/2020,81508.10566
5/12/2020,81453.48367
5/13/2020,81381.11851
5/14/2020,81333.19086
5/15/2020,81284.56696
5/16/2020,81359.603
5/17/2020,81449.4488
5/18/2020,81396.33346
5/19/2020,81406.28652
5/20/2020,81398.81031
5/21/2020,81386.0608
5/22/2020,81313.41029
5/23/2020,81394.8268
5/24/2020,81502.68398
5/25/2020,81526.44236
5/26/2020,81540.17918
5/27/2020,81528.3485
5/28/2020,81525.20964
5/29/2020,81544.48228
5/30/2020,81578.54755
5/31/2020,81627.16575
6/1/2020,81462.57497
6/2/2020,81263.15418
6/3/2020,81147.56967
6/4/2020,80967.21607
6/5/2020,80852.17373
6/6/2020,80842.52314
6/7/2020,80887.71142
6/8/2020,80644.83729
6/9/2020,80508.10823
6/10/2020,80458.82802
6/11/2020,80586.9737
6/12/2020,80617.36364
6/13/2020,80669.25197
6/14/2020,80679.72437
6/15/2020,80574.20136
6/16/2020,80518.3866
6/18/2020,80367.21305
6/19/2020,80228.77188
6/20/2020,80199.92855
6/21/2020,80168.99073
6/22/2020,79799.04955
6/23/2020,79585.47532
6/24/2020,79367.13572
6/25/2020,79091.68586
6/26/2020,78817.71982
6/27/2020,78663.62427
6/28/2020,78672.07068
6/29/2020,78522.47227
6/30/2020,78375.5847
7/1/2020,78160.3383
7/2/2020,77882.05205
7/3/2020,77694.31925
7/4/2020,77729.35472
7/5/2020,77734.17145
7/6/2020,77349.49472
7/7/2020,77137.80952
7/8/2020,76871.94176
7/9/2020,76653.0657
7/10/2020,76502.12613
7/11/2020,76359.51884
7/12/2020,76557.11338
7/13/2020,76159.52734
7/14/2020,75892.46681
7/15/2020,75692.82915
7/16/2020,75526.56621
7/17/2020,75318.73325
7/18/2020,75174.4538
7/19/2020,75045.22949
7/20/2020,74694.72646
7/21/2020,74407.49157
7/22/2020,74166.33526
7/23/2020,73912.24682
7/24/2020,73599.53575
7/25/2020,73368.48659
7/26/2020,73168.28393
7/27/2020,72780.90777
7/28/2020,72429.08641
7/29/2020,72025.14274
7/30/2020,71722.36761
7/31/2020,71479.83591
8/1/2020,71397.47203
8/2/2020,71362.49364
8/3/2020,70925.67176
8/4/2020,70516.82004
8/5/2020,70118.19532
8/6/2020,69730.45391
8/7/2020,69339.72202
8/8/2020,69062.24616
8/9/2020,68882.663
8/10/2020,68411.52475
8/11/2020,67951.15566
8/12/2020,67540.51193
8/13/2020,67143.57649
8/14/2020,66800.42412
8/15/2020,66501.28437
8/16/2020,66374.30292
8/17/2020,66011.51265
8/18/2020,65727.64492
8/19/2020,65434.10947
8/20/2020,65205.18904
8/21/2020,65068.59124
8/22/2020,65061.252
8/23/2020,65071.13087
8/24/2020,64790.35635
8/25/2020,64574.4137
8/26/2020,64367.89907
8/27/2020,64141.25573
8/28/2020,63841.71649
8/29/2020,63594.05416
8/30/2020,63392.31632
8/31/2020,62959.28961
9/1/2020,62539.91984
9/2/2020,62181.88352
9/3/2020,61826.72355
9/4/2020,61425.2282
9/5/2020,61088.68457
9/6/2020,60716.8886
9/7/2020,60250.45294
9/8/2020,59797.78263
9/9/2020,59363.90558
9/10/2020,58876.2683
9/11/2020,58447.15662
9/12/2020,58105.30545
9/13/2020,57740.97428
9/14/2020,57146.70682
9/15/2020,56688.46645
9/16/2020,56190.67636
9/17/2020,55610.38542
9/18/2020,55060.92957
9/19/2020,54629.09564
9/20/2020,54220.25534
9/21/2020,53568.49525
9/22/2020,53074.8028
9/23/2020,52569.90745
9/24/2020,52097.57643
9/25/2020,51498.96592
9/26/2020,51052.25946
9/27/2020,50632.84973
9/28/2020,50062.36348
9/29/2020,49511.29254
9/30/2020,48929.68328
10/1/2020,48325.78235
10/2/2020,47755.33319
10/3/2020,47172.95348
10/4/2020,46786.31638
10/5/2020,46075.54844
10/6/2020,45499.6405
10/7/2020,44934.38188
10/8/2020,44390.48469
10/9/2020,43822.64364
10/10/2020,43418.48024
10/11/2020,43080.62399
10/12/2020,42660.98884
10/13/2020,42047.13771
10/14/2020,41584.02924
10/15/2020,41158.3161
10/16/2020,40746.13147
10/17/2020,40411.96196
10/18/2020,40147.55521
10/19/2020,39673.15823
10/20/2020,39180.82977
10/21/2020,38754.27484
10/22/2020,38323.17426
10/23/2020,37914.58221
10/24/2020,37549.56905
10/25/2020,37325.63085
10/26/2020,36836.8008
10/27/2020,36480.38814
10/28/2020,36074.46698
10/29/2020,35721.71538
10/30/2020,35385.64543
10/31/2020,35209.7319
11/1/2020,35114.92384
11/2/2020,34880.61026
11/3/2020,34552.93821
11/4/2020,34215.55279
11/5/2020,33965.51633
11/6/2020,33631.16705
11/7/2020,33245.47732
11/8/2020,32941.58932
11/9/2020,32426.53546
11/10/2020,32070.56224
11/11/2020,31671.0729
11/12/2020,31256.5541
11/13/2020,30880.84882
11/14/2020,30556.35273
11/15/2020,30393.13449
11/16/2020,29988.89691
11/17/2020,29719.78185
11/18/2020,29560.67267
11/19/2020,29477.45559
11/20/2020,29492.00852
11/21/2020,29442.30599
11/22/2020,29378.07906
11/23/2020,29059.98055
11/24/2020,28738.1154
11/25/2020,28451.01749
11/26/2020,28103.19105
11/27/2020,27728.08501
11/28/2020,27350.00275
11/29/2020,27069.57636
11/30/2020,26539.94388
12/1/2020,26128.76655
12/2/2020,25719.52104
12/3/2020,25321.34433
12/4/2020,24919.60072
12/5/2020,24699.13239
12/6/2020,24719.5921
12/7/2020,24622.58398
12/8/2020,24554.94996
12/9/2020,24517.21506
12/10/2020,24617.57892
12/11/2020,24668.6169
12/12/2020,24778.16336
12/13/2020,25052.55742
12/14/2020,25025.89417
12/15/2020,25010.92178
12/16/2020,24917.26369
12/17/2020,24829.38397
12/18/2020,24789.76861
12/19/2020,24804.48134
12/20/2020,24897.98534
12/21/2020,24883.89468
12/22/2020,25020.33267
12/23/2020,25164.31822
12/24/2020,25357.00757
12/25/2020,25749.02354
12/26/2020,26026.39382
12/27/2020,26387.94281
12/28/2020,26724.94871
12/29/2020,27089.70506
12/30/2020,27384.32484
12/31/2020,27760.18992
